reviewId,userName,userImage,content,score,thumbsUpCount,reviewCreatedVersion,at,replyContent,repliedAt,appVersion,bank
289e3376-e37b-4e1e-93fa-3613b53ca84a,Awet g/her,https://play-lh.googleusercontent.com/a/ACg8ocKWzHEiFVpY76nhrKqkbgVffXIJATA4-hGP5XOMUXXTqd2sCQ=mo,fast & safe banking changes your carrier .!,5,0,6.0.2,2026-05-10 14:25:51,,,6.0.2,CBE
fbc1d2ea-0628-4f43-88a4-c38e9a6e0181,mohammed nuradin,https://play-lh.googleusercontent.com/a-/ALV-UjVPYw-aO82ib-fM4NvvGtXC_iFmhmTEOZArpJA1EJ2dfvA24Nk,ያሎቶሪ ጨዋታ ለመጫወት አገልግሎት እየሰጠ አይይ,4,0,6.0.2,2026-05-09 16:40:05,,,6.0.2,CBE
2733695e-627f-4cfa-9141-24a5ebc17361,Mekbib Netsanet,https://play-lh.googleusercontent.com/a-/ALV-UjVBUR4TXj2Slv-ZfQinSS8V34THD8MVbpDetRz61U31P5sVI0Y,CBEBirr is a helpful financial app. And its diverse payment opportunities make it preferable. I would like to appreciates Commercial Bank of Ethiopia. Keep goings through our country financial service reform.,5,2,6.0.2,2026-05-08 15:46:43,,,6.0.2,CBE
1f851490-6165-4551-8c62-f84a82930137,Tadele Monjore Gada,https://play-lh.googleusercontent.com/a/ACg8ocL-aI81skZQVe6fR6A46s7K90N9DKB2DFyzwFB-WquPldfXdw=mo,this app not opened in my android whats problem,5,6,6.0.2,2026-05-08 15:13:26,,,6.0.2,CBE
93ea66d4-b8d5-4193-8db8-25f63fb9964e,Lembo Lama,https://play-lh.googleusercontent.com/a-/ALV-UjVrs9Z8MzRSXbL6Y2s65-IRScSjSm1VLbZET5aaQIEjvBxhPnM,good,4,0,,2026-05-07 23:14:51,,,,CBE
d157c6df-b92a-4c91-b5d3-24acdabf0f96,Dessalegn Lemi,https://play-lh.googleusercontent.com/a-/ALV-UjWkWzMSnHhmjbePCgAI-zlfAOoF79Q17mLXOg73Ss_06Z8i3sI,"it is a nice app but currently don't linking CBE account to CBEbirr, please solve this",5,0,6.0.2,2026-05-07 15:05:24,,,6.0.2,CBE
9f901e68-d3c9-4311-9fa7-8edb1fd03dc2,MOHAMMED SHIBESHI,https://play-lh.googleusercontent.com/a-/ALV-UjW90re4_aibcEkIzgSdkYh-gjtzWrpki7nFPqAXbgIwbQQVv9Ae,nice!!!,5,0,6.0.2,2026-05-07 14:12:01,,,6.0.2,CBE
50a6e329-263e-494d-89f2-29219c88c548,Lalisaa Taaddasaa,https://play-lh.googleusercontent.com/a/ACg8ocKOQwGgGElK7OBkcY_Bgxc1qJWSDXWyUpqvlkfsSBT2cmX0Eg=mo,good 👍 👍 👍,4,0,,2026-05-06 16:22:09,,,,CBE
0ced999d-1ad2-4756-8e24-af383c14a170,Zeki Jemal,https://play-lh.googleusercontent.com/a/ACg8ocJ8K1UqxX4aSl1zfw_h-GKA8TgetYtpNewXinZ6GUzpSkgk=mo,አሪፍ በጣም ጥሩ,5,0,6.0.2,2026-05-06 15:58:37,,,6.0.2,CBE
e1079db3-293b-4a51-bed7-756e669b5095,Mesafint Teshome Lalamo,https://play-lh.googleusercontent.com/a/ACg8ocKi_LD8d06K5MVGH37NlM8sJX_O_igcOAHH7mKf36g3ZmF7oQ=mo,this app is good and easy to use,5,0,,2026-05-05 10:44:04,,,,CBE
a457da11-00ad-4c1a-8b39-835f2a080ea5,Temesgen Tesfaye,https://play-lh.googleusercontent.com/a/ACg8ocItG-LaS0A4jVIFwwJzYjHVOV3v74A9-uM8c30F0Q972FEyFg=mo,oky,5,0,,2026-05-05 00:15:26,,,,CBE
b2eb01c3-7c7f-446b-b088-24e0b6b9483b,getnet getahun,https://play-lh.googleusercontent.com/a-/ALV-UjXIeBCV-NHn4oBAXivcuZGhEJD7FbgeUlZQV6CuIFiZ99v8SGKn,best,5,0,6.0.2,2026-05-04 04:25:50,,,6.0.2,CBE
22860991-aa83-4a5c-8ee3-fd8f83e0736c,Mathewos Yakob,https://play-lh.googleusercontent.com/a/ACg8ocItaySnges1nfg6D_mM6RfFjOwv59o1o_61ie9GMisKZJnO=mo,"Betam arif nw service fee, disaster minamin fee temetatagn nw Ke cbe mobile banking yishalal. Tetekemu Arif app nw.",4,0,,2026-05-02 15:37:35,,,,CBE
62db015e-a658-40e6-876f-d7bf19da3880,Mengstu Asrat,https://play-lh.googleusercontent.com/a-/ALV-UjW432uKwslLSniT84nj3MReJXINHL2a0j8Zw3kBUDgkRKL5gFQ,Best,5,0,,2026-05-01 21:32:29,,,,CBE
2d7d823b-0786-4fd6-a6eb-303a1c902d9b,Birhanu Debela,https://play-lh.googleusercontent.com/a-/ALV-UjWqHOxapk3uqDWybf5nUEo-PwJIsFO9KTUtk8MvgpXhI1S7bli9YQ,easy,5,0,6.0.0,2026-05-01 07:03:22,,,6.0.0,CBE
8662d1e6-8c4a-461e-8e3f-4bcca4caab54,Kalkidan zebene Getahun,https://play-lh.googleusercontent.com/a/ACg8ocJstYMSecYqH7lF6A64GtfR99YhPudtCm8qDqh769C_Rt-l=mo,long age bank of cbe and Im happy chstemee service,5,0,6.0.2,2026-04-30 08:17:51,,,6.0.2,CBE
908c4a14-9f11-48e0-9a95-cf3ab71d4ae6,Abera Almaso,https://play-lh.googleusercontent.com/a/ACg8ocL2AyKVuHdj7U2e4ONhRRqH6FGZwjH1Od7wgZ-tBG-6M5aBbA=mo,it is very good application,5,1,6.0.2,2026-04-29 20:20:22,,,6.0.2,CBE
6c741744-0560-424a-bb75-b7c06968d0ba,Abubilal155,https://play-lh.googleusercontent.com/a-/ALV-UjUJuEzAyKFLuISK2pu9YICrKWV-R9gzdyyM1E-82T_D1zQodqA,👍,5,1,,2026-04-26 22:34:26,,,,CBE
29dd03c1-786b-4aac-a895-477c581aa7c8,jecha waaqaa,https://play-lh.googleusercontent.com/a-/ALV-UjXy2fYeMp9XqX4Mz2KD8uEhwHaWNDhK_O-MtFWJmvf6AnSvoglS,very good apps,5,0,,2026-04-25 18:07:17,,,,CBE
cf3eb530-7269-4168-bbdf-83502dd75d93,Efrem Elias Tsegaye,https://play-lh.googleusercontent.com/a-/ALV-UjXXPIE9k4qjSY2W6MKRFlFnPOcqrpg3wEFpaTRZZDJ9JNc03isO,wow! very good and easy to use app.,5,2,6.0.2,2026-04-25 17:46:54,,,6.0.2,CBE
cab51000-2fb3-4311-ae34-75620280c58f,Welelaw Teferi,https://play-lh.googleusercontent.com/a-/ALV-UjWpDxyEVRpxBMkm_u_QEAl1X8sDK2k_C2eO7IzeuP6kB7y3e2KR,best of all,5,0,6.0.2,2026-04-25 13:31:03,,,6.0.2,CBE
33f52a16-dcec-4d52-8e88-3282d1f99a66,JEMU SHIFA,https://play-lh.googleusercontent.com/a/ACg8ocI16qtJhiWLTwNsXOfZ73KX5M7YC_gMj8FDwut4TzH0wPM_Ig=mo,good,4,0,6.0.2,2026-04-22 18:18:38,,,6.0.2,CBE
d6ec6902-ae8b-4bda-987b-1b6fb866639d,Aliyi Ali,https://play-lh.googleusercontent.com/a-/ALV-UjUW56IdYkvZOAhyDG9fPw5gC7X9auevan-3xF837h-YjqwRSFCm,Aliyi Ali Ibro cbe plus loan confirm,2,0,6.0.2,2026-04-22 00:53:47,,,6.0.2,CBE
c7665c97-fad0-4c99-829d-f2e1e9643a75,Hassan Abdii,https://play-lh.googleusercontent.com/a/ACg8ocLYUcUsLKUQlzY1dCPYYK6SUhf8OygNYJsjanJK0eJXOmbenZE=mo,best applications Very important the fast work,5,1,6.0.2,2026-04-20 01:53:25,,,6.0.2,CBE
bc889e73-07c1-42b3-a1b4-353decaa8ef6,Temesgen zewde,https://play-lh.googleusercontent.com/a-/ALV-UjW2eskSWg46ntQMB4OJ35dEgVTNI7IxIWV1QUwXs9HbnEm150Vg,Wow it is good app,2,0,6.0.2,2026-04-19 21:27:42,,,6.0.2,CBE
49ae65d5-8d51-4b6d-9a64-d0d6697f53f8,semira Ahmed,https://play-lh.googleusercontent.com/a-/ALV-UjWLs_UGPyhNcN80DIpfgI2Uuyi9x0eCmOWjvsjgK6_LfDA1cHrI,yegarmal abel,5,0,6.0.2,2026-04-19 13:35:00,,,6.0.2,CBE
b53144b6-8219-4d72-a165-1286aaa74826,XAl Ade,https://play-lh.googleusercontent.com/a/ACg8ocLC8FTPVgqyHBzfEuk02eNL1y6Xfg8IvVoT5Yc_6sfD42hc9A=mo,best app,5,0,4.31,2026-04-18 21:00:02,,,4.31,CBE
a579b541-b7e6-4582-a67a-b527ae7baf2d,Tesfa Imena,https://play-lh.googleusercontent.com/a/ACg8ocL_80Q8DRdaa6sfm7FkARe-qh0hb8pwHRjrgdIrh8NqNLMk4Mk=mo,good application of money transfere,5,1,6.0.2,2026-04-18 12:54:24,,,6.0.2,CBE
ea37ab06-1a68-4367-a18e-61283c6018b8,Naji Dino,https://play-lh.googleusercontent.com/a-/ALV-UjWm3p7BKDZ7HQIXzWKho_XrP8ggf5VgNWJi_L81iKl7agm3CW-XPQ,good app,5,0,6.0.2,2026-04-14 17:04:10,,,6.0.2,CBE
153f61d3-95fb-4faf-94b5-eef230b9dfa4,Edris Karandalló,https://play-lh.googleusercontent.com/a-/ALV-UjXjhI8toL6y7-CtPnzjed1v8iuPghNGUJ1YLobES1BoXp0JNZmC,"very easy to run, less effort. more important application",5,8,6.0.2,2026-04-14 07:26:48,,,6.0.2,CBE
95f70e13-1d93-4124-b4b0-6d815747f5a3,Nasreddin Temam,https://play-lh.googleusercontent.com/a/ACg8ocLqXLoJOkifJMmGVJkZBErYsut6F_UwPMfq1rA_x5kFsQYFPlM=mo,Please don't waste your time by downloading and using this bad app. To tell you the Truth the CBE assured as they are very far from new technology. I think they developed this App simply to waste the public money by paying huge for software develope,1,5,6.0.2,2026-04-13 01:56:16,,,6.0.2,CBE
96b48911-808b-4509-95f7-73e9d8999972,Solomon Dogeno,https://play-lh.googleusercontent.com/a-/ALV-UjWokLObsHuM4dwNtUAiU1gW8tX6oIwRG7ZjX0fAKr5A3gHvihnP,CBE Birr is the best banking app.,5,1,6.0.2,2026-04-12 16:12:21,,,6.0.2,CBE
c0502c49-a6a0-4aac-aef4-e711ab0b513a,Pastor Teklu Makonnen,https://play-lh.googleusercontent.com/a-/ALV-UjUMATxCClvyvw1ajlpFJhOvYBfeHX4eLDqU2MFPOtHZwE_SJTx4,this apps is greatest gift for who wants this serives,5,0,6.0.2,2026-04-11 21:39:23,,,6.0.2,CBE
85ea6237-b4a0-4b8f-abbc-bd157e91330e,Muftah Abdisamed Macawiye,https://play-lh.googleusercontent.com/a/ACg8ocLdNusP1y5KnWrtsRQI5EWABmarOM10wwxvaasg1VqrU7ttGw=mo,it doesn't works for me,5,0,6.0.2,2026-04-11 00:09:13,,,6.0.2,CBE
c9921eec-9135-47a8-80ef-448b702ac711,Zelma Gedu,https://play-lh.googleusercontent.com/a/ACg8ocKgCwENXG62HHUl1gJfOoJ7WGxBWN23ICVX6bcKi0l73aS5jw=mo,Vary fast,5,0,,2026-04-08 19:02:16,,,,CBE
c9885565-934f-4857-b3a1-620136f81c62,Hiikoo Waaqoo,https://play-lh.googleusercontent.com/a/ACg8ocLQzAUu9NXhixSG4KuTK5fuZBq1p1_lnNDp-aIVR-e8OWYDJcE=mo,"Baay’ee gaarii dha. Haala gaarii ta’een hojjata, tola osoo ta’ee irra caalaa midhaaga. Baadiyaatti intarneetiin ala hin hojjatu waan ta’eef. Galatoomaa!",5,1,6.0.2,2026-04-07 15:42:14,,,6.0.2,CBE
7e4f795c-e713-4764-a205-c849f3fbb6fc,Bereket Eshetu,https://play-lh.googleusercontent.com/a/ACg8ocIm33IB5vGEeWNnVy0uJ0C4ZxCT6FW6h5WY5u7tsVjTa6EuyQ=mo,it's very fast,5,0,,2026-04-07 10:33:58,,,,CBE
1b5deb2f-583b-450b-8fe7-75417a514a27,Etsub Gashaw,https://play-lh.googleusercontent.com/a-/ALV-UjWtRcp_jIoNUgVKuIwXhTpCcmhLyCePp5kOZ6UHpu03DQxPmlA,"you can't pull money AND also transfer to other wallets. It says ""customer not found"" when you enter the receiver's number",2,12,6.0.2,2026-04-06 19:01:22,,,6.0.2,CBE
417e9efe-2f7b-4d76-85e8-b26a977bf0ef,Kino Music,https://play-lh.googleusercontent.com/a/ACg8ocKFoUnPJDuefWVJ_6WSfyRkZ8XIV-0Qwe6xQ0QcMOuwonjysA=mo,convinant and secure available for both app version and USSD ay the same time,5,1,,2026-04-06 13:25:16,,,,CBE
512b1599-5890-469c-bbd4-c4c33005d3ac,Endris Kedir,https://play-lh.googleusercontent.com/a-/ALV-UjW8aDuWBKyAxSZcNbn1tA84dR9pVbPy13pzAsTTOOmRK2ldtkaN,best app,5,0,6.0.2,2026-04-06 11:17:14,,,6.0.2,CBE
b7459359-30f6-40d5-8b11-05ed231a5a45,Ezedin Mohammed,https://play-lh.googleusercontent.com/a-/ALV-UjXBRCnJnamJblswA9v0QgYE8qnlCRg_AuwCXCvFdHSTJnrf464,linked account isn't working please fix it,4,0,,2026-04-05 14:13:37,,,,CBE
b378439a-be9a-4157-9a0c-45d987764c3c,Dimtsalem Shimelis,https://play-lh.googleusercontent.com/a/ACg8ocJqhc6tLheS781PvVCEkdhTMhhoFuaGVtDnRzEmTyE12eew4Q=mo,nice,5,0,6.0.2,2026-04-05 04:25:06,,,6.0.2,CBE
6490a3e0-1adb-4d98-97c9-ce5a2b48dfac,abraham alemu,https://play-lh.googleusercontent.com/a/ACg8ocI-WPKERqqD2v1LRTptv4i4ywnshCJnbdbVhbCLMYzs9WPfqg=mo,best app,5,0,,2026-04-04 12:47:50,,,,CBE
1d0d24e3-701f-4a05-9d39-424dabae30db,Abdisa Yohanes,https://play-lh.googleusercontent.com/a-/ALV-UjWTC3_Mm8EqTia0msMMKTqZo8EMFW6L4muOqNhuPoCbrrx2lqc,"this app is very useful,I mean it's very good ..",4,1,,2026-04-03 12:38:13,,,,CBE
8ab685e8-0f79-4fd2-be91-cde2c1416ff6,Mekdelawet,https://play-lh.googleusercontent.com/a/ACg8ocJu6YaQ10FyePIyfVrNI-Xmk8xRUfe-feqz1L0tjYS0WPBD-g=mo,its so good,5,0,6.0.2,2026-04-03 09:14:31,,,6.0.2,CBE
711eb059-3cbd-4ec3-838a-91a7b88a47ea,Kemo Mu,https://play-lh.googleusercontent.com/a/ACg8ocIkrcumQqF7rqFvddnJqyRoylUaxlK14idAkSSDYSmFfBFcAg=mo,Best,5,0,6.0.2,2026-04-02 19:51:57,,,6.0.2,CBE
6d3d441d-0414-4aa4-b287-37e9712a8a53,Yigzaw Woreket,https://play-lh.googleusercontent.com/a/ACg8ocIuhsflyCYstLwDZxHeHZZFESHz7U0LO1U0gijd0DL_DDI8OQ=mo,very good,5,0,6.0.2,2026-04-01 23:09:44,,,6.0.2,CBE
b17ac94c-9b1d-4d52-86e2-d4d4de7e6c45,Amir Mohammed,https://play-lh.googleusercontent.com/a-/ALV-UjULpdt5DLj-QN2L-H7IeB27qWPHixHPxSHzPuaXFr2QbfHTAtoA,i like it,5,0,,2026-04-01 22:14:47,,,,CBE
0e882d7a-4c05-4017-90d8-45ca65dbb871,Abate,https://play-lh.googleusercontent.com/a/ACg8ocLHbGy9TwG9b5TMHla52LkYWEz7mWwaPtrH0bU2DpH41MAwhQ=mo,thank it is good app,5,0,6.0.2,2026-04-01 21:33:12,,,6.0.2,CBE
be8571d6-0e6c-4fff-89d0-ebd88dab458b,Haji Inacaddow,https://play-lh.googleusercontent.com/a/ACg8ocJEfRm7xOg2nXeZ7hTZhOxIob1xxb9O7FOF7l-uVmm209rqkg=mo,very nice app. thanks,5,0,6.0.2,2026-04-01 17:22:07,,,6.0.2,CBE
bc632ce1-fa3d-4378-b207-6a942d583090,maranata tefera,https://play-lh.googleusercontent.com/a-/ALV-UjWnm4tPJU54HFqPWebECYtFbTeY0fXNGiNOi39wPUZjaNo8d7g,"so easy, you should do the same to the CBE mobile banking app too",5,1,6.0.2,2026-04-01 12:26:23,,,6.0.2,CBE
b2e930b4-9205-4531-81d3-ae4eafe35166,Ziad Ziadt,https://play-lh.googleusercontent.com/a/ACg8ocK-djJP0BOcDU38CHfU9a7o2SF6Gjx4eK_N2pUAmkVpF5TqCw=mo,whattp,5,0,,2026-03-31 22:55:37,,,,CBE
aeb76580-261f-4542-bc7e-50be66c0b79b,Ermiyas Teshome,https://play-lh.googleusercontent.com/a-/ALV-UjXrxNvARcNHM56rIoZFq_qUTQDnvbgldB7rpRR5SgZO4h79fBj0cQ,The Commercial Bank of Ethiopia is a very ugly and shameful institution that should not be mentioned in Ethiopia. እጅግ በጣም አስቀያሚ እና አሳፋሪ በኢትዮጵያ ስም መጠራት የሌለበት ነው የኢትዮጵያ ንግድ ባንክ,1,0,6.0.2,2026-03-31 18:34:31,,,6.0.2,CBE
0efe1c1e-9438-41cc-9920-9fa39109fa3b,Yonvart General trading,https://play-lh.googleusercontent.com/a-/ALV-UjV1MiyKS3vaCoOLA94SSh2vpmsqTXTF2fC0SKuLNObq8Spq1gg,good,5,0,,2026-03-31 13:42:00,,,,CBE
fb8b0208-bfbc-43f3-aacf-e9a49afbf043,Melaku Tesfaye,https://play-lh.googleusercontent.com/a-/ALV-UjXqcaR1yatXZSXfInHJSwcjzJal6EuettHXZheUFBfta1RuZvdj,not goos,3,0,6.0.2,2026-03-31 09:17:06,,,6.0.2,CBE
1146e381-ebdc-4b5f-a5e3-cdd4fe31a512,Misikr Beyene,https://play-lh.googleusercontent.com/a-/ALV-UjX1hoenQGrVu9gO6dEI0JZ19frLdUAmn_yLti14LEgPLTZh954x,"The CBEBirr Plus app (often referred to as CBEplus) marks a significant shift from the traditional USSD-based banking (*847#) to a data-driven, internet-based mobile experience. Based on the current 2026 landscape for Commercial Bank of Ethiopia (CBE) digital services, here is a breakdown of what the experience typically looks like for a professional user managing both personal and administrative finances.",5,18,6.0.2,2026-03-31 08:08:00,,,6.0.2,CBE
19685ea5-0589-4219-9a29-9bf7d8733a3a,Asaye Ayele,https://play-lh.googleusercontent.com/a-/ALV-UjXtAocHXxjFU6TW-cL2FRc8W5zMi0aDyJLZ0ZNo-c_e3aLDETY,Perfect and easy to use.,5,2,6.0.2,2026-03-30 21:03:28,,,6.0.2,CBE
6ce24ccb-711e-4577-a0d9-41c7253d5297,Aschalew Aschubrada,https://play-lh.googleusercontent.com/a/ACg8ocJ_yiAxUetNhpz6W7WibhOQno4D_OmxcDTTrYZdAVpOdYLkEA=mo,good hhh,5,0,,2026-03-30 20:56:14,,,,CBE
eb0cba51-e449-4025-97fb-627d2fa6d2a1,Wondu Shuke,https://play-lh.googleusercontent.com/a-/ALV-UjWRzMVcCO3yvRuOstjep49O4GONxZcz9tGLieakaYKT4sMuqJa1,it is good app,4,0,6.0.0,2026-03-30 20:52:58,,,6.0.0,CBE
85dfae71-8e78-4d2b-90d0-401956f45b2e,wondimu wolde,https://play-lh.googleusercontent.com/a-/ALV-UjVvtAX383cJhxxod_ed5GqNxEa2w3NEPI_PEPM-1qM7c5fEReeo,That is getting a head of!!!,5,0,6.0.2,2026-03-30 20:52:41,,,6.0.2,CBE
2b5f6bd7-e18f-4f40-84dd-a964094a9b24,TECLE Alemneh,https://play-lh.googleusercontent.com/a/ACg8ocISAIEsYlSMRewveNK-VBh_hH5eMwpScqIMugPjPr77dkApiw=mo,I am satisfied. Thank you.,5,0,6.0.2,2026-03-30 20:49:47,,,6.0.2,CBE
d0dee1d1-c1ea-4564-90f8-8ef305a800d0,Redwan Abobaker,https://play-lh.googleusercontent.com/a/ACg8ocK1uvIsjSGtdvrRNjiHnlsa1Fa8xify7TZpWLbaTAi82yxRvQ=mo,wow,5,0,6.0.2,2026-03-30 20:04:43,,,6.0.2,CBE
6c057fea-5bc9-4587-88ee-f1f8455769e6,Jaalatee Bulaa,https://play-lh.googleusercontent.com/a-/ALV-UjV07SeoAybuq-f2lGDzmsDsPhx-ayo_6sD3hAuDytD-Jwu_aBRp,very good app,5,0,,2026-03-30 19:52:54,,,,CBE
f68553e2-6d37-4e8a-9eb6-998ea106ba2a,Akmel Dari,https://play-lh.googleusercontent.com/a/ACg8ocJHRsaQEV2iUBSoL3HIVacQSC56gbfBbp0-guP46aNkmUEHpg=mo,at resent time those application doesn't work properly always crushed out ana ask update continuesly,1,3,,2026-03-30 19:14:14,,,,CBE
ccd4f2e6-8204-452f-8b53-8299cb0e6372,Musa Mahammad,https://play-lh.googleusercontent.com/a-/ALV-UjVTHHkgGSLmc0g4ICYiGuvaTnYUtpbLO109T1zipC59E2vgE0U,good,5,0,6.0.0,2026-03-30 18:50:43,,,6.0.0,CBE
876e4435-ecd0-487f-a8ae-be955873a583,Fatuma Awel,https://play-lh.googleusercontent.com/a/ACg8ocIdPqJcgzAKuwvBUEI08fUmypKwF-9ILhDLLJB5awAjp86RxA=mo,nic,5,0,6.0.2,2026-03-30 18:17:50,,,6.0.2,CBE
8116bdf8-3589-47c6-b2f7-cd3d013aae8c,Fafi Hassen,https://play-lh.googleusercontent.com/a-/ALV-UjXOje33OgQn9ZJCwIrsCmIlJuk4_7IwkeLLeRQKd_xytO-byR24,very Nic,5,0,6.0.0,2026-03-30 17:05:18,,,6.0.0,CBE
b62b0cac-cc87-4786-9ce6-20b6eaa1972b,Yonas Feseha,https://play-lh.googleusercontent.com/a-/ALV-UjX1yMNCX8TdHOCnHzseDwF0S80C3vm67OupSz9nwbjQvSS_iTk,👍👍good app,5,0,,2026-03-30 16:08:55,,,,CBE
e6fc5bbf-a15c-459b-9ab6-31fa837a39b0,Mulat Woreta,https://play-lh.googleusercontent.com/a-/ALV-UjX5lluhBw_qAXfIR_VOiXpBqkGhc2jcnyA6Qrlm5iXMGFBpm7A0,so far so good,5,0,6.0.2,2026-03-30 15:57:10,,,6.0.2,CBE
42a51e29-cdbf-40c1-a993-ac2b9ad6f00c,Wonde Markos,https://play-lh.googleusercontent.com/a-/ALV-UjVgeSaClmEwTLwI_v5v4w7VXSM9FM1qGsL-v0a3u5H2gRaihclRfA,nice upp,5,0,6.0.2,2026-03-30 14:14:58,,,6.0.2,CBE
ca020837-0de6-40f4-a2c7-b38235624d8c,Mikias,https://play-lh.googleusercontent.com/a/ACg8ocLyOwQoWj436UVErvt1cUbMR4p1MAjNAl0zTRVknbjkHmOfdw=mo,good,5,0,1.0.0,2026-03-30 14:11:01,,,1.0.0,CBE
b6dcd85f-4cdc-4e11-b922-8cdcb5ba5d8c,Alpha Ent,https://play-lh.googleusercontent.com/a-/ALV-UjVJL05DYssb_FFk5rZND3rOpoQjodH33ipA5_LGYBIqiBeg8adY,ende telebirr yaledata bisera arif neber,4,0,6.0.2,2026-03-30 13:49:18,,,6.0.2,CBE
534a4354-64d1-4d2f-bd24-9688a09e8dbe,Tolasa Ajama,https://play-lh.googleusercontent.com/a/ACg8ocK8q4Pd8A-kDffJQUA2Pws7KMq-WCeE0FQrWzEQJKVUdYzjmw=mo,bussinues,5,0,,2026-03-30 13:46:22,,,,CBE
308b2743-6ab8-4287-a91a-c148b228de90,Fekadu Gadissa,https://play-lh.googleusercontent.com/a/ACg8ocIyys_MK534OEz6fLhTqgnUuOMVlb8HDyyqhFjueL5P0kwm4A=mo,"User-friendly, fast, and reliable.",5,13,6.0.2,2026-03-30 13:44:10,,,6.0.2,CBE
d00b1cbb-0045-4982-bce5-ec2407f8599a,Bravo tube,https://play-lh.googleusercontent.com/a-/ALV-UjWTaJRDIRocsUcZdLPwgiRy8afCjmooYzGZlsUIqfoStsH9oN4,good,5,0,,2026-03-30 13:38:30,,,,CBE
f686e438-1f5d-460f-81aa-7f85ddb189de,Biruk Shikur,https://play-lh.googleusercontent.com/a-/ALV-UjXRmqFqiJREyKBuJdEDtkCKaUfL68GBh1ZAIaE9CzHqAB616laKOg,nice,5,0,6.0.2,2026-03-30 13:36:48,,,6.0.2,CBE
e0601b4b-eee8-49a7-9fff-719feceac872,Abraham Fisseha,https://play-lh.googleusercontent.com/a-/ALV-UjUrIQoG0XmxCeqIdF3uSlBtCxP_aagFC9HmcFF-XURAR82TxKY,it is ok! given the network ups and down like in others too,5,1,6.0.2,2026-03-30 13:34:30,,,6.0.2,CBE
b21d53c5-14d7-4388-8868-ec62f6e0674e,Temesgen Teferi,https://play-lh.googleusercontent.com/a-/ALV-UjUM-H2G3aWS4nBEcRBoqkANcXVFGmJA3AAdm9rrFtA9sHsN8q0,Amazing!!!🥰🥰🥰,5,0,6.0.2,2026-03-30 13:23:31,,,6.0.2,CBE
896a23cf-259a-4a7d-a93b-1570e8db8588,Mohamed Abdulkadir,https://play-lh.googleusercontent.com/a/ACg8ocLQxj7Q1aWpBr2M37TK3CgrUoFCYkUISXreysizllbD8FoA5-w=mo,ok,2,0,6.0.2,2026-03-30 13:18:12,,,6.0.2,CBE
7835313e-e21a-4142-af13-b11b5708f15c,kalifa mahamad,https://play-lh.googleusercontent.com/a/ACg8ocI8rlyZhZON7Tf9LAiEDB4FKb3kOiEv1D2QDPZfpG81dqw1fg=mo,good application,5,0,,2026-03-30 13:13:59,,,,CBE
910f2cce-6e39-402e-983e-d0e590dfa088,Kaleweld Tesfaye,https://play-lh.googleusercontent.com/a-/ALV-UjVXJAqErMGAydZvUepkgIeLBzhzGF-FYjVMcawijUrdbgttdvs,I Love CBE Birr. Keep up the Good Work. Loyal to CBE,5,0,6.0.2,2026-03-30 12:59:50,,,6.0.2,CBE
717dcf16-7b92-4113-a215-cfae6cc91443,Dani Dereje,https://play-lh.googleusercontent.com/a/ACg8ocL6i135rEmLxb9gwLIf_dvcFJAEhZtIAye545oNTOZ6VIEuXQ=mo,good,5,0,6.0.2,2026-03-30 12:57:19,,,6.0.2,CBE
b3e8d143-756d-4230-86e2-34a3376d6f56,Begashaw Getachew,https://play-lh.googleusercontent.com/a-/ALV-UjX5fDLTbRYxz5LchFujr7TXsYVhGVkSIkvZv25o93S9SxNURGau,"Nice and very useful finance app, so far I have seen.",4,13,6.0.2,2026-03-30 10:58:13,,,6.0.2,CBE
a7fa3635-7b60-4717-ae36-63474aa5bf91,Kadir Abdurahaman,https://play-lh.googleusercontent.com/a/ACg8ocLzWLrd0vVpuE0cxbTK9__X6ZlAs8SLDtUPwp2lOUje8PUNcw=mo,thank you,3,0,,2026-03-28 17:36:23,,,,CBE
476e60a2-a621-4436-bd90-e4434b0eca31,yasuf sayid,https://play-lh.googleusercontent.com/a-/ALV-UjUOMvolYtuS9lZC4l9OC9pbznYlSvrkpEhzlsu0ryDw7hrUa_E,best apps,5,0,6.0.2,2026-03-27 00:39:58,,,6.0.2,CBE
64b05c1e-ab11-45cc-9d89-92628c463615,Humneessaa kabeebsaa Dheeressaa,https://play-lh.googleusercontent.com/a-/ALV-UjU-Xgjx0KOvb3rlyKJQyaYapoFSHr3MTzhhBn_dJFX8Wn8jDmBf,best,5,0,6.0.2,2026-03-26 00:18:34,,,6.0.2,CBE
cc644823-ed5c-4564-89f6-4e3b35103c7f,Dawot Bekele,https://play-lh.googleusercontent.com/a/ACg8ocKKhRE28tZ-dYwmJ-kbXfcFfohFzMTUiFn7TwYZR5cJp4SY9g=mo,not work,1,0,,2026-03-25 10:30:20,,,,CBE
0f922551-3f8b-4307-926f-fbe074103185,Řįø Ãşmę,https://play-lh.googleusercontent.com/a/ACg8ocKvNWH0LQBv7xkMd6RUvBTcN4GbCyUt-P9tLeXsJtF5ajxusA=mo,Amezing,5,0,,2026-03-25 09:16:45,,,,CBE
37cd3a02-157a-40f8-8159-a9bba80bff41,Hamdu Kedir,https://play-lh.googleusercontent.com/a/ACg8ocIKKiehtPchqrsMjEESzFk-Lrvl8eR-lj88vuelTuD7N_MzqA=mo,pasward rong eyale aschegeregne,5,0,6.0.2,2026-03-24 21:23:09,,,6.0.2,CBE
82fb1435-2c60-46f5-83c7-19bc80b88ca7,Mesfin Mathewos,https://play-lh.googleusercontent.com/a-/ALV-UjUPpBAjwHUC2hS9eDipKFKFAangx0SHeyezgxoWORNj8l4JEDmn,"After l uninstalled and re installed the app could work,saying that ""clear up data and close""",2,9,6.0.2,2026-03-24 19:02:48,,,6.0.2,CBE
3993c174-594a-4368-820a-268cdf6f06d7,Alex Abute,https://play-lh.googleusercontent.com/a-/ALV-UjWGjCBh4JNYmgKABPRxCo-I-Kh8EHBUe3rmtjrHPknHBiHwVHOX,excellent,5,0,6.0.2,2026-03-24 05:14:00,,,6.0.2,CBE
158e2e1b-68ff-4b04-9208-1361d0335b25,Melese Woldie,https://play-lh.googleusercontent.com/a-/ALV-UjWLyqPwrrxQua_1eZSJkeHPtJ1HIGu4xTIWWbJK1guRjATyMfL0,The app is very easy to use !!,5,5,6.0.2,2026-03-23 23:21:38,,,6.0.2,CBE
459d398c-4644-4b98-a80c-638546ff50ec,biruh Aimero,https://play-lh.googleusercontent.com/a/ACg8ocLaysOFdx9rpmHZuT2eg46Muc7WrUwwXXNYzTwfickx5axEQQ=mo,best app,5,0,,2026-03-22 15:20:58,,,,CBE
570876e9-6098-4cbf-9ca5-ceaa31f9543c,German Abera,https://play-lh.googleusercontent.com/a/ACg8ocKMeZXFE0EA-hM9D0mioTRh83o9E9KmfT6q6Mo2hHe6IfJAmA=mo,good,5,0,,2026-03-20 22:37:46,,,,CBE
ff0083fd-476e-4b87-bcf2-7f0c7fb43eec,josiah,https://play-lh.googleusercontent.com/a/ACg8ocL8ZibY9kEHI3SwbweKis7MMXEY1ivH_ywrUP9NpkW8WR5-Pg=mo,"it was working perfectly well, but the updated version is so buggy. it makes my whole phone stuck everytime",2,3,,2026-03-20 18:11:18,,,,CBE
3851eb9e-3f3b-43ce-8101-9c95812bcd6c,Abay Fenta,https://play-lh.googleusercontent.com/a/ACg8ocJr8rwRVjvograhdN7BwIEUuwD8PjqAAzNyeFXCacdX-6Dohg=mo,good,1,0,6.0.0,2026-03-20 17:36:19,,,6.0.0,CBE
14246f92-0c33-4f94-bcc9-06285dc3e0b3,Yadema Bamud,https://play-lh.googleusercontent.com/a-/ALV-UjXdie_btFbQMoMW76Y2xq7lxiCatuCRXorbhwhyjupDoNxz9Z01,good service,5,0,6.0.2,2026-03-16 07:38:52,,,6.0.2,CBE
a85b9751-dbfc-4bc3-a347-d06795c3cf0e,bekele gidisha,https://play-lh.googleusercontent.com/a-/ALV-UjUNSoIqLTtLC3S_aLyjQmj52heA3MIzkQEog6RbkKH8QP05hCUX,help me,5,0,6.0.2,2026-03-16 03:40:37,,,6.0.2,CBE
670ca6e6-42d2-48ba-8fe5-6fc554a0a988,Good Sun,https://play-lh.googleusercontent.com/a/ACg8ocLYTVjo6rV8PC6STn70Hrz7_lgHTAALPNjd90FJTgplw7-EKA=mo,Najii biyaa,5,0,,2026-03-15 23:59:56,,,,CBE
413f00b7-a2a8-4c0c-a49d-3d8a68453722,abayneshe Hunenaw,https://play-lh.googleusercontent.com/a/ACg8ocIraFMgCqZikNxzrGFrWNgbXrnIxEG7pfn-Iq4Gc8_fogd9srk=mo,good,5,0,6.0.2,2026-03-12 20:15:29,,,6.0.2,CBE
ebc36baf-b921-496a-9263-e2652396648f,Fitsum Mardu,https://play-lh.googleusercontent.com/a-/ALV-UjWFlA2RDTTI45BCWOoWxOcqm4OXNYehMEuez-K-orQ9Ca1iUBBL,"It is a best alternative wallet but Please kindly allow to switch between accounts of the same person in a phone. Currently, users have to uninstall the app to switch to another cbebirr number.",4,138,6.0.2,2026-03-12 02:46:49,,,6.0.2,CBE
1a0ac64c-c86f-4ed9-b5fa-7a7cee4bf012,Zewdie Demo,https://play-lh.googleusercontent.com/a/ACg8ocJJyUp1krqcEJD6tIiCH11bOTtirf6Q51YdsYvb48WMtZHURw=mo,Fine,5,0,,2026-03-11 08:12:54,,,,CBE
2507415a-55c1-405c-ab5f-380a91a1fd1e,teame Kidane,https://play-lh.googleusercontent.com/a-/ALV-UjWLvYFVT5wUDQJJDQn9QQjiHExlRJk9Y8iDdl5IBj4xSFWznNE,good,2,1,6.0.2,2026-03-11 05:00:01,,,6.0.2,CBE
fe96d3fb-0826-4f00-8b48-56c241e3aa20,nejat zakir,https://play-lh.googleusercontent.com/a/ACg8ocKrqznTQEBfchq14EW-p-WfPMo9bK6_UPA1s6sMWOJwwiV8fw=mo,my father has used this app to solve our financial hardship,5,0,,2026-03-09 01:39:45,,,,CBE
5e687c93-4d23-4967-8227-c9d14b7d42b1,Miki Alemu,https://play-lh.googleusercontent.com/a-/ALV-UjXd22kuwQMn1kvlDZJFkgJpdUVKaZCp-ELOrHoai8EJI_Xo-8z1,this app is incredible its good and simple to use,5,4,6.0.2,2026-03-08 16:10:24,,,6.0.2,CBE
ca31b8c5-3c85-4280-8a2b-d0c2056dc702,Kaleab Asnake,https://play-lh.googleusercontent.com/a/ACg8ocKkJA0bLhbSFAvwtwdevVxrx5XoqQVZJMSzvMXrTl3DhvLbNg=mo,It’s a very nice and easy-to-use application.,5,6,6.0.2,2026-03-08 14:09:11,,,6.0.2,CBE
a3047e41-62c1-4bc4-8f80-70b2ce978c4b,jafaar amaan,https://play-lh.googleusercontent.com/a-/ALV-UjXNf1AjzBESCABtR84upZwZwnCjSJbmK48KIC-GSNHDijtZ1ZK6,bons,5,0,6.0.2,2026-03-08 02:31:16,,,6.0.2,CBE
25c8eddb-9549-4598-9fd8-2e8706a29af0,Sew Lesew,https://play-lh.googleusercontent.com/a/ACg8ocIkZo3B02rAz9nYJ57DQrM7Reo_o-O789xb70u1NZUh_D1SHCA=mo,ok,5,0,6.0.2,2026-03-07 22:16:50,,,6.0.2,CBE
466a759d-21e8-47de-ba6c-37ef34ab2f9e,Dejene demisu Demeke,https://play-lh.googleusercontent.com/a-/ALV-UjWz9KYEKJV7y9DsobsrS8gR7g6K3a7SAaqDOOSaFdJbtFVxj6RVXg,ok,5,0,,2026-03-07 18:51:35,,,,CBE
169eb0a7-784e-4bff-bb8b-20fdf35c0efd,Eyoel Getachew,https://play-lh.googleusercontent.com/a/ACg8ocLXEUVqf89To1ZbVazUWzSXVmoead9ubpJ5Tt4RGdDEYlIRHg=mo,good,5,0,6.0.2,2026-03-07 18:26:44,,,6.0.2,CBE
eb074286-7ee2-4a28-95d1-5a7aec1015bd,Belachew Engidasew,https://play-lh.googleusercontent.com/a/ACg8ocKE4BYQKGOMS311XgZhGPrpPf9Z66G7dljuGDDSQ8tuvliX=mo,excellent application,1,0,6.0.2,2026-03-06 18:57:31,,,6.0.2,CBE
357d473e-5032-4994-af3b-51966285b6d0,Firaol Gosaye,https://play-lh.googleusercontent.com/a/ACg8ocJerbJmwCVeVe1sHdNNrM4QSUjT673G-ouTgnL7100VSt86Cw=mo,I have good experience,5,0,6.0.2,2026-03-06 17:07:27,,,6.0.2,CBE
9f0aeff9-5bb1-411e-afc3-295275fe0b4f,Hanna Assaye,https://play-lh.googleusercontent.com/a-/ALV-UjVRHXjpcJL6wlDMKnaLvUt82pYlFu5ahio9QFQ_XBuQoKg0mR5h,"The ""Short & Punchy"" version: ""CBE Birr Plus is absolute lightning. It’s rare to find an app that’s this seamless and efficient!"" The ""Professional"" version: ""I’m thoroughly impressed by the high-speed performance and reliability of CBE Birr Plus. It has completely streamlined my daily transactions."" The ""Tech-Lover"" version: ""The optimization on CBE Birr Plus is top-tier. It’s incredibly responsive and handles complex tasks with zero lag.""",5,15,,2026-03-06 09:25:47,,,,CBE
13114af4-0275-4b56-970e-6108181417b0,Yamlak Tesfaye,https://play-lh.googleusercontent.com/a-/ALV-UjUJyiPw5R_Vk-rVUIvyKSbELISsx3panjiACf8cuH9SC1LvKSuy,Horrible experience,1,0,6.0.2,2026-02-27 13:14:06,,,6.0.2,CBE
9e0febf6-c1ac-4f67-8cac-71d569907029,Kemalroba Kemalroba,https://play-lh.googleusercontent.com/a/ACg8ocI2fDiUgxfOmeDxtFDLkDYvFHXJltCtFWIkMBz35p95E-KTtA=mo,guyyaa,5,0,,2026-02-27 09:33:39,,,,CBE
1228c904-906c-4353-a394-fa2f4066c28a,Yared Seyoum,https://play-lh.googleusercontent.com/a/ACg8ocLSwxu306BvC1HV2s3v-DJ445EVuztDaiSLAvouvmGcih7fTa8=mo,Well expriences,5,0,6.0.2,2026-02-23 16:51:17,,,6.0.2,CBE
0f1ee56f-7b5f-4337-ac40-42a7351ac901,Melese,https://play-lh.googleusercontent.com/a-/ALV-UjX4FmCjWbdoqlI-RGEXQNdRHybOrbC3RlJjtPfd6PBmsIEbKLBj,What a Lovely Platform!!,5,1,6.0.2,2026-02-22 04:53:28,,,6.0.2,CBE
b2a96d81-a7eb-40b0-aa9a-fd47472ef709,Mouna,https://play-lh.googleusercontent.com/a/ACg8ocIlvaSj_BBLrGB-JPKVGElyH9l_Kh7hI7utkZqNs7vLz8Yc6g=mo,woow,1,0,6.0.2,2026-02-20 05:12:10,,,6.0.2,CBE
65789ad6-2e9c-4a83-b40d-9dbc732833db,Hayat Bekele,https://play-lh.googleusercontent.com/a/ACg8ocJoHy8q7TzXCbyvH7ffJKd4npqNZvcBXjcQrfCs5a2pyQBBpA=mo,I like this app because,3,0,6.0.2,2026-02-19 17:31:57,,,6.0.2,CBE
d9956b98-3ff1-4d10-8981-f53645beb3bf,Negasa Tesfaye,https://play-lh.googleusercontent.com/a/ACg8ocI-vcUZvA2EdPv6d3FdM-azT40EILbf4MFZYe0sK8ohvgFY3g=mo,Good,5,0,6.0.2,2026-02-19 11:35:05,,,6.0.2,CBE
5ad44f28-9a07-4590-b7c1-863de107fed9,Abe Jesus,https://play-lh.googleusercontent.com/a/ACg8ocLAS2A8Dm4yHFOSM3F83MmL_NZSC-nlKkK1LibU2RrDvEA5Yg=mo,ok,1,0,,2026-02-17 14:49:38,,,,CBE
d21dbdfc-fa98-4ef5-94d9-7d1198c2dc08,Tinsae Samuel Tinsae Samuel,https://play-lh.googleusercontent.com/a/ACg8ocKbnJNLFuoumKdurIa51KjQ8wZwquxNIVafGfNaJ6hijssGtg=mo,for online teaching,5,0,,2026-02-17 09:00:54,,,,CBE
d7e9cd45-dd90-4e61-933f-171dc9ccf837,Gemechu Negese,https://play-lh.googleusercontent.com/a-/ALV-UjUkta1pB4UksM278q1M8PUIKuZ1MeZjFKlpJ5bSxyvVnSKY2N4,Gammachuu Fiqaaduu,5,0,6.0.2,2026-02-15 18:16:53,,,6.0.2,CBE
42a21dce-cef4-4eda-b432-e13ab5b1b849,Alemtsehay Bahiru,https://play-lh.googleusercontent.com/a-/ALV-UjUEkE3veOMatRYIuMcLWJp1BC7OicJljAM_ZRin-eossHvdwS0,it is not work,1,0,6.0.2,2026-02-15 11:18:53,,,6.0.2,CBE
167ee092-1a38-4673-80ed-9e9d2576076f,Seniya abdllah,https://play-lh.googleusercontent.com/a/ACg8ocIOyBRD0wYV0UWA2qMt8t5vnp8a_c8xPdjvckP4EXYqBNjqCQ=mo,nice bank,5,0,6.0.2,2026-02-15 01:39:38,,,6.0.2,CBE
16d6400c-8ea3-4bb9-87ed-a7ecd7e4bd5d,Latera Iwunatu Kena,https://play-lh.googleusercontent.com/a-/ALV-UjWm9PpqWQLbN4tBRFIzf8Hf3i_EJafLLbF51lGm6R8wyD0ORKZu,ok,5,0,6.0.2,2026-02-14 09:56:50,,,6.0.2,CBE
5da51e49-4c22-401c-b848-8f8d4b6e927f,Kadiir Alamuu,https://play-lh.googleusercontent.com/a-/ALV-UjVUlJ2NY7Wvo0V1UqcOA8meDhw2dAETQzSe04WYm6WXl6is1v8,Best app 👌,5,1,6.0.2,2026-02-13 19:06:01,,,6.0.2,CBE
86aa887b-bd41-4f62-baa4-3295027cc161,Mage iman Habibi,https://play-lh.googleusercontent.com/a/ACg8ocIX9y_FkjwozSIlfhw0GAU3yg2yYsWo-KrIcDGiuulWPyjDLA=mo,Not login app,5,0,6.0.2,2026-02-13 17:47:50,,,6.0.2,CBE
869f9317-a234-4d84-8483-915411412627,Ayide Ayyuu,https://play-lh.googleusercontent.com/a-/ALV-UjUitNNkMAJOHM-laz0JOyj2ewKKjTphxDppoVA1QNhUNW9Dy3Pl,my great App means CBEBirr plus 10q u🙏,5,0,6.0.2,2026-02-13 13:24:33,,,6.0.2,CBE
0ea1d113-c29d-4a7e-a861-bb1d666e29af,Natnale Washun,https://play-lh.googleusercontent.com/a/ACg8ocKraPqLw2VTwGxz38FMvAnCTFfbNHBy75A_eH5wwGkd8OkJSA=mo,good app,2,1,,2026-02-12 09:10:33,,,,CBE
a6744485-6345-459c-85e2-a8e818499eed,Feyisa Bezu,https://play-lh.googleusercontent.com/a-/ALV-UjVDpSeATefvOdeZiElXXlMgVRmdVut-cdMiRaN3zlxQdiPkhw8,very good to promote and support,5,60,6.0.2,2026-02-11 22:43:11,,,6.0.2,CBE
bcad176e-254d-4fff-99e2-e3d3c4a5fe9f,Amare Abewa,https://play-lh.googleusercontent.com/a/ACg8ocJsdsiqi9-vF7HjvoHwJqBEzfvvotfXnOgiCGZ1eRHJNZsbYg=mo,"you send me a 6 digit otp then you showed me a 4 digit otp input, what about the 2 digits left?",1,1,6.0.2,2026-02-10 20:24:04,,,6.0.2,CBE
9da4b3a8-3108-4b83-bb24-551ec2b7c560,Tekle Madana,https://play-lh.googleusercontent.com/a-/ALV-UjVItsdWdKPB1ZIEFRZmgZv787gaA9_JSoBYXuRNbGD2RP29_Qt4,their app good ideas thanks,5,1,6.0.2,2026-02-10 16:01:12,,,6.0.2,CBE
4b7576cd-a780-46e6-affa-7200043bd210,Gowime Hamg,https://play-lh.googleusercontent.com/a/ACg8ocKJmAIlDsReQU0icOpS9Zhvy0Dc7fBgmuHRO5iYXF_ehfvCqw=mo,"Currently the linked cbe account, airtime package purchasing,.. not working",2,0,,2026-02-09 09:54:00,,,,CBE
a2b659a2-b71a-4a17-9c1d-0988964feb90,Tekalegn Amanuel,https://play-lh.googleusercontent.com/a-/ALV-UjXKgQBIekQRTxPw704tkFKB4GdeKYofLPQ4dVnpQM3cuEdOjahC0A,"Nice interface, easy to use, but not working properly, suddenly closes and keep crashing, please work on that if you can!",3,10,6.0.0,2026-02-07 21:18:03,,,6.0.0,CBE
ee607b90-b351-47d3-b947-a7ae8003e931,Alinur Abba maame,https://play-lh.googleusercontent.com/a-/ALV-UjXE6e2TLrE_tC0BSTV5pNcgZNZi4TkJkFAOGVZuVlPdlRjKHrg,CBA app is good application for enjoying your business,5,0,6.0.0,2026-02-07 15:42:31,,,6.0.0,CBE
ac050fd9-ab30-40a0-a445-4b8aacc97c83,Bule Dida,https://play-lh.googleusercontent.com/a-/ALV-UjVmEZqtUpDEWgeXG7C5sFVU6gcAM7Z_JMScRzodwZoYwL-1coY,better app,5,0,6.0.2,2026-02-07 12:59:25,,,6.0.2,CBE
21d4688a-85b5-44b8-b8dc-1df64e2772c4,Temesgen Yirdaw,https://play-lh.googleusercontent.com/a-/ALV-UjWZL95rFe5PdNbLht9kOZAonZOi8UKjP3nJB8T4yrCedG6eOGQh,Not working after Update on Camon 40pro(Android 15). crashed app,1,33,6.0.2,2026-02-07 11:27:17,,,6.0.2,CBE
f62a309f-dd9b-450a-aa22-ed8e8b51c58e,Abel Dage,https://play-lh.googleusercontent.com/a-/ALV-UjVdy8YoCDjcJyLMWT45u87Xdu6xvooEkzr7ZOsgxJRTXq5Bfr3b,Good app,2,0,6.0.2,2026-02-06 19:33:45,,,6.0.2,CBE
1fb10aa3-0b26-4071-8c5b-57f548a09f53,Fami Million,https://play-lh.googleusercontent.com/a-/ALV-UjUy1Hh6ni7NPGJr1hcL81aeudXPx_XsJY0qIDQodwR-005Km8c,10 rears,1,2,6.0.2,2026-02-06 19:33:29,,,6.0.2,CBE
44942575-fef8-431a-a88d-705305544ec5,Asnakech Demise,https://play-lh.googleusercontent.com/a/ACg8ocKh8CQ17IDLxxQ8D4UL_c_ArLLk7Nmki-f9e0KvzFWoj6UQeQ=mo,It is a good app.,5,0,,2026-02-06 17:20:17,,,,CBE
5be2ff47-561e-48a4-8b6d-d1d57b25fb7b,Mesfin Melak,https://play-lh.googleusercontent.com/a/ACg8ocISUWDbNkbQWyaiN7VbWKtc3htFWTrotDmM7nBi4eB6LiudPw=mo,l am new for the app,5,1,6.0.2,2026-02-06 14:14:50,,,6.0.2,CBE
6426f352-ffd1-484a-a202-13862318871d,Ayantu Mengesha,https://play-lh.googleusercontent.com/a-/ALV-UjUeWtFcBaLuNYmoMwyv716SMGu0qGPDkHlcqLAV7HF5kNxFY6Q,its not work. say security alert,1,0,,2026-02-05 18:58:19,,,,CBE
8d907802-2dd0-46fd-90c4-d354bee2e06c,TESFA ZERIHUN HOP My,https://play-lh.googleusercontent.com/a/ACg8ocKHDEMVgmPa6d4ovbqImxgshjAKFWb__AvBZLRLyjCinfgc1w=mo,this so smart app,5,0,6.0.2,2026-02-03 20:39:54,,,6.0.2,CBE
e8f2f82f-eae6-496f-8d95-81304e8e4c5b,Amin Muhammed,https://play-lh.googleusercontent.com/a-/ALV-UjV34dPZ776pWPdzU8OLqDfPNnmbwlKLMiB_w5Tv407Iwr51Bjg,best app,5,0,6.0.2,2026-02-03 11:49:07,,,6.0.2,CBE
d6e2da78-d86f-4fde-9368-154f557d1161,Mohammed Seid,https://play-lh.googleusercontent.com/a-/ALV-UjXye_WsXuwUuAPpqoWtEqywMV7y2DvLN9KzYXk1G05r8FKYMlIx,The newly added feature link acc. is not functional after I use for a few days and when we transfer CBE to Cbe birr due to unawareness of rules we lost money that transfer above the limit temporarily that brings us a delayed services and to fix the issue it takes time with fatigue.,4,115,6.0.2,2026-02-03 04:52:41,,,6.0.2,CBE
c16472ae-ea38-41e2-b028-02699418cc25,Wabi Alu,https://play-lh.googleusercontent.com/a-/ALV-UjXiAieQalomCItIEKw1J9kQYijMNPohWajF8FdknClxXRuLXdA,block na jalaa ta.e maal furmaani isa?,4,0,6.0.2,2026-02-02 22:58:23,,,6.0.2,CBE
36f394dd-71ac-45f7-8ff3-35e0ae29f083,Yibekal Mola,https://play-lh.googleusercontent.com/a/ACg8ocLt2pomIJ69N2LeB3sSw6OGSwlCce0gyJFOvQ0455iuSanFKg=mo,best apps,5,0,6.0.2,2026-02-01 22:46:05,,,6.0.2,CBE
4677dcef-6ca0-495b-8d6d-e37e2abc79fb,Yetamgeta Ashebir,https://play-lh.googleusercontent.com/a-/ALV-UjVXmxR1RpKBb16Me7Ql5yI-1LRN8r-VA6PYgyWq4CcsAUNM3pKY,cbe,5,0,6.0.2,2026-01-31 10:24:25,,,6.0.2,CBE
9901c288-9960-4406-8cd0-42ff77dc12b4,Addis Desta,https://play-lh.googleusercontent.com/a-/ALV-UjXqkADZEtsMxK0ipc0GSLcdDlZ91bQCc4nN0-KD5Y6HgH8yDHjs,cbe birr yleyal 🫶,5,1,6.0.2,2026-01-30 22:24:42,,,6.0.2,CBE
1ef1aec1-411b-4ebc-b5d7-191409c7e89b,Kaleab Demoz,https://play-lh.googleusercontent.com/a-/ALV-UjVuq-d7kcIn7AUqmLD5URB_K9K64wDQOE9Ef9B1oCG5KTpRGT1v,👍👍👍,5,0,6.0.0,2026-01-30 20:56:06,,,6.0.0,CBE
ecad26cc-2ac2-4c74-a288-16a69b9c1443,Abdu Oumer,https://play-lh.googleusercontent.com/a-/ALV-UjVt6p1AeyfSe-p4YyoXt5iRf4N2Gfv_oT2uqdDQALBuwMWHDyM,good,5,0,,2026-01-27 21:12:11,,,,CBE
5bd6438d-2768-4513-b29a-07655fc985e2,ZeEmebirhan 21,https://play-lh.googleusercontent.com/a-/ALV-UjXpr6PY1S9KmNi_NN35JjgGiXQJ29YHo09ijUEDnkoFCqbfiaRX,It's Very interesting and valuable app,5,1,6.0.2,2026-01-27 15:44:51,,,6.0.2,CBE
fc863542-01d2-4a4e-bc30-afce5d354ebb,DEJENU TAZEBEW,https://play-lh.googleusercontent.com/a-/ALV-UjWldg5Ciiy-xD7zrLrxPvo3P-ExZEfRGVU58gqKo4HDL4LdIkZW,can not properly work in my phone,5,1,6.0.2,2026-01-22 18:37:00,,,6.0.2,CBE
66e689c4-aad8-4d96-b60e-e677875f62db,Dreamy Pages,https://play-lh.googleusercontent.com/a/ACg8ocJY34xNoKMzrkg5a5DQavFY-u8ytchPw0CRinrdHmiqgmNTVA=mo,Perfect but no loan started yet.,3,0,,2026-01-18 07:01:05,,,,CBE
d37f2c3f-332c-4dc8-8492-99e8384a74f1,lelisa girma,https://play-lh.googleusercontent.com/a/ACg8ocLDvHcf1XFvyMs_l4wcxYVdf8q_A4_F44QrPbUDbgj-o-2xTQ=mo,good,5,7,6.0.2,2026-01-18 00:44:07,,,6.0.2,CBE
9d55cea0-93d3-43f0-91ce-96e60eec0b8e,Henok Seifu,https://play-lh.googleusercontent.com/a-/ALV-UjWWbony3OS4PG2NY2juT5Oa3Gw9RldTw2F7aIc6XKoHa0jHxpgN,good,5,0,,2026-01-16 13:59:08,,,,CBE
a51eed5e-8b45-42d1-b3b9-7394abac660d,Lenjiso Habebe,https://play-lh.googleusercontent.com/a-/ALV-UjV9D96x43QuPqKkKZyduYe1dQKHtXMUrUac9c2MGip3q4cHimad5g,The worst 👎 application I ever seen very inconvenience in all.,1,3,6.0.2,2026-01-15 10:28:16,,,6.0.2,CBE
92422152-1f7a-494c-9891-7b0afeefc9b8,Mohammed Abdu Jebar,https://play-lh.googleusercontent.com/a-/ALV-UjViUwqiYle_oMyT20vNtm29IfTQg2gxp1TI6eZnoxWnMbpbwHU,Nice app,5,0,6.0.2,2026-01-15 06:52:10,,,6.0.2,CBE
2c551ba2-0b2b-46ad-931c-71011d1931ec,Jatan,https://play-lh.googleusercontent.com/a/ACg8ocJALzxdLu6WQsH6eKSsc5TzX8iNHXQv7Td2twEOXO5di3lykg=mo,jatani boru huka,3,0,6.0.2,2026-01-14 13:26:55,,,6.0.2,CBE
11365996-7aac-43fd-a428-a487d9ea8da3,Girum Aschalew,https://play-lh.googleusercontent.com/a-/ALV-UjX7NTbIw19bTJUHbCd1GUEkGOKgNITgFtJEN9yRcft1BoKzmlLw,easy to use the app,4,9,6.0.2,2026-01-13 17:20:14,,,6.0.2,CBE
8ee83b17-ef70-4b74-9318-5dcf172049fa,Mulu Girma,https://play-lh.googleusercontent.com/a/ACg8ocLV7J6gzxpi43GUvQpHgah8_vZpCkr1nxuJ4o5NCe9GiWt_yg=mo,good,5,0,6.0.2,2026-01-10 11:25:54,,,6.0.2,CBE
6d7b0707-017a-47ca-8ce8-495d878a4e26,Rabuma Bacha Rabbish,https://play-lh.googleusercontent.com/a/ACg8ocJsrhA7AkoSgclQaPcSs3AneovuJepXApeU3wOphX1UMd2oOQ=mo,didn't work,4,0,6.0.2,2026-01-10 00:51:08,,,6.0.2,CBE
b17abf3a-2728-40a7-ba60-76a7ca48ba12,Haylu Alemayehu boru,https://play-lh.googleusercontent.com/a-/ALV-UjXfdt2yhZASX04wnjGAOh9ZcqSXlr1W9As74ZC8rlvL6xpmopQ,nice to see you my app,5,0,6.0.2,2026-01-09 18:31:46,,,6.0.2,CBE
52cc7612-718e-47b9-b6cc-bbb567222a9f,Mulatu Muze,https://play-lh.googleusercontent.com/a/ACg8ocLDnaGeN7S1s_0Lu_xmEouMIoSOAZaHGmv-uQGwapVcBb0Cqg=mo,thak,5,0,,2026-01-09 15:00:19,,,,CBE
a0808f55-df6d-4234-bec5-c48566680f65,Tarekegn Dinsa,https://play-lh.googleusercontent.com/a-/ALV-UjWda7obQo4I6KgV7fVQbo_rMsb_vrxSe3CzxE-VOWR7uWa8OuE,nice,5,0,6.0.0,2026-01-09 13:29:43,,,6.0.0,CBE
9f0faf9d-4556-4023-a8b3-2917ff076aee,Mijesa Kabo,https://play-lh.googleusercontent.com/a/ACg8ocL2zcc0fLDQxG7uUCWVl375Om6XHNWV1aWxjc4581LY_4lnoXM=mo,CBE Birr banking,3,0,,2026-01-08 21:02:19,,,,CBE
77f6d9c6-e565-45c7-84d1-d9a402fb2e9e,Chala Jibriil Ussoo,https://play-lh.googleusercontent.com/a-/ALV-UjWvOdH9hhxCkNMReQsLM33YEoMBBfHPjMQbJc37jTxTQ2Il8NI,good application for my transaction online.,5,15,,2026-01-07 19:12:39,,,,CBE
fcc5e4f8-82a3-4d20-9d57-dbf658296473,Obsaa Kayyoo,https://play-lh.googleusercontent.com/a/ACg8ocJ0-xxF_J8p1Tp_z5-dvL2gBRLcja_I2nfXSun-dEF5lwx3GA=mo,I want,5,0,6.0.0,2026-01-07 02:28:27,,,6.0.0,CBE
9ac95cf3-fa65-4376-b24e-62091cd67d0b,Amir Ahmed,https://play-lh.googleusercontent.com/a/ACg8ocIPCsk9rGbOhnJVQ2tH0HyVWtzpVUhol5vUju0j0KoFSM2iVA=mo,it is very good app,5,0,,2026-01-06 21:36:36,,,,CBE
479db795-09d8-4bbf-9109-9ec7e72d6b86,Minegrew Tadesse,https://play-lh.googleusercontent.com/a/ACg8ocItXwPNjBpHsjRAS0Plk_1UvUIfHxnd-UsLzU4b-JKNIwszMg=mo,Ok,5,0,6.0.2,2026-01-06 19:53:16,,,6.0.2,CBE
bf73a325-42ea-47b7-985f-12f122f21d44,Tamaam Huseen,https://play-lh.googleusercontent.com/a/ACg8ocKIoFcNZw1r3r28KivGuXTHADIERLc-akx_nuq5UBn4QoAhAw=mo,interesting,5,2,6.0.2,2026-01-06 19:28:09,,,6.0.2,CBE
7d2da157-796d-44a1-9f06-12dfcda8aa33,Yonas Girma,https://play-lh.googleusercontent.com/a-/ALV-UjUeV2jWjREvXpxLL6xMWweOTgeoPrw9L_xxZ0EMBR_HIng7pwQ,smart app,5,0,,2026-01-06 18:56:35,,,,CBE
aea381e9-0ddc-44c8-92a6-1dcea01ce031,fissh z,https://play-lh.googleusercontent.com/a/ACg8ocKjH82j7rjNN1jP4NO9qjMKX5Ob9sf83rDYhb5_IcAl1MCVDA=mo,good,5,0,6.0.2,2026-01-06 17:27:16,,,6.0.2,CBE
5266a42f-f829-4266-8b42-892936a7fe3e,samiir hasan,https://play-lh.googleusercontent.com/a-/ALV-UjXn0xlAiRO4awnmM27s6y2AshRicUXRx3UPEVir0gnpcUuHOx22,very good application,5,0,6.0.0,2026-01-06 15:51:05,,,6.0.0,CBE
c1f6f5d9-8b6f-4578-acce-967ab9477cc2,Temam Bilaal,https://play-lh.googleusercontent.com/a/ACg8ocK8cTVcTYl58Wu_-z1TTQVyyn8x7OS_r0_gOucCYKLRAvt_hw=mo,"amazing app, appriciete it, easy to use, latest technology and advanced technology used app helpful and useful app more significant app more creative App the Biggest on the world app very very very interesting and amazing app",5,10,,2026-01-06 15:42:42,,,,CBE
193e5032-6f89-4b06-ad1d-677d1543c2f1,Tadesse Ayenew,https://play-lh.googleusercontent.com/a-/ALV-UjVQCj6AOj6NUD1KWppDdDn3w0BSedIlwdNtBlqxWZJYfD1ks4Q,so good,5,0,6.0.2,2026-01-05 19:23:53,,,6.0.2,CBE
d9bd44f7-6d8a-4fa4-9701-a6f2eb19b553,abdulquadir quasime,https://play-lh.googleusercontent.com/a/ACg8ocKQ_8P1wr1_7WnSyN2yk-rh0XDwX6z2DnydW7-hKIUPBzUNkQ=mo,good rates,4,0,1.0.0,2026-01-05 16:33:14,,,1.0.0,CBE
7eee3a4c-1a36-4f2f-b256-c5c13095b5cb,Osama Kedir,https://play-lh.googleusercontent.com/a/ACg8ocL4zrZGQ2_-m6iTw3rC-3grmuJ5snkYYBLKwFuoUj7umeThMw=mo,why appes not for used me,1,1,6.0.2,2026-01-04 15:49:41,,,6.0.2,CBE
90c187ff-3da7-4637-bd0a-1ca853cd9b08,Ahmedwali Mahamed,https://play-lh.googleusercontent.com/a-/ALV-UjVzKBqRvWBgLt6Dzxf3wN2Td1JhHTnx4zpjPQb0XFI1-ZVHDkfg,wali,5,0,,2026-01-03 18:10:02,,,,CBE
7d68de05-5ddf-40ba-a6f7-d82f015beb9e,Eliyas Taka,https://play-lh.googleusercontent.com/a-/ALV-UjUa8Ma1UvUqgZcGjUwCCkShqvOsY1oNnkDsOgPiFjAYGy5elTw,👊👍,5,0,6.0.2,2026-01-03 04:16:17,,,6.0.2,CBE
96ecdf9f-577d-4ea6-aebb-4b4a1a67aaf9,Solomon Gizaw,https://play-lh.googleusercontent.com/a-/ALV-UjVENRJtN6t5KjvgMEa_MgPW5phJCysNVQGiEq08Y_dzGr2OaeCb1Q,በጣም ጠቃሚ አሰራር ነው ።በተለይ ለማንገስት ሠራተኞች የተዘጋጀው ብድር,5,2,6.0.2,2026-01-01 19:59:13,,,6.0.2,CBE
62901105-8261-42ed-b8e4-0f13d2751492,Abdii Aliyyii,https://play-lh.googleusercontent.com/a/ACg8ocLCzXbcmkw72YCNlBBrFVaLD_DVSlbl2P2gkjs7NfkASVYusiE=mo,thank you🙏,5,1,6.0.2,2026-01-01 15:19:29,,,6.0.2,CBE
0f6557bb-a2ec-4d86-ada0-20b4db25d4c2,Abdikadir Biloo,https://play-lh.googleusercontent.com/a/ACg8ocL29QYMBssa9aFU_wNSYJ96q-uuOuRFJ6ou7oVXUB1_8cb9cEA=mo,ok,5,1,6.0.2,2025-12-31 19:21:44,,,6.0.2,CBE
b7139c7a-10a0-477b-9969-bafaff0fe0ae,Ibrahim Ismael,https://play-lh.googleusercontent.com/a-/ALV-UjUtcFE2671-j8Fj5E0baRcSMTWSc6vykEy_9Z8hsPQqzIB5riXP,fixed problem,5,0,6.0.0,2025-12-31 17:44:37,,,6.0.0,CBE
17848279-8875-4288-aff1-b89d7825b003,Shami Qafar,https://play-lh.googleusercontent.com/a/ACg8ocIN_61XOopdF9pNwdC4lvgXy24zM2X-SurlbuOWZFIgmrDGVw=mo,to use easy safe amaizing app thanks cbe,5,0,,2025-12-30 15:11:37,,,,CBE
d262c879-96f2-4dcf-b973-27ce2b572cf7,Biruk Daniel,https://play-lh.googleusercontent.com/a/ACg8ocKLJ1wDfcbZgjdnPaPWWFAovejmJaBvrSTDBrkYHQ7Wbt4d7w=mo,love,5,0,,2025-12-29 17:56:43,,,,CBE
65d18771-2cb4-4369-bd7b-ea9cdea3ea6b,Solomon Tonjo,https://play-lh.googleusercontent.com/a-/ALV-UjVQTkUUdolONeILeWJdnN5qg8XuRLTnpQmeUWPiFXsvu1e5b1lr,Please ! assume as the the custumers satisfactions 😂,4,0,,2025-12-28 20:57:23,,,,CBE
c4fef791-4051-48a4-8153-44f132f5daf7,Ibrahim Osman,https://play-lh.googleusercontent.com/a/ACg8ocLBsIiWowuP29i-ZEQ5hg0LIBmAd9UVvn9ZkSsaZbzAMmpU3A=mo,fixed,5,1,6.0.2,2025-12-28 15:20:45,,,6.0.2,CBE
92e1cdab-a320-4b73-b6ff-833a55cb331b,ABERA TEFERA,https://play-lh.googleusercontent.com/a/ACg8ocLvSckxx5LRYBcSLbK8-cGX_NK_sdzhEq0qvx7FS-B8Beqr8A=mo,good app ! update it!,5,2,6.0.2,2025-12-28 10:29:06,,,6.0.2,CBE
023ceec9-0626-49ca-93f9-64e7e6e19938,Obama,https://play-lh.googleusercontent.com/a/ACg8ocK15MHTkG6rZR_2So0mK0PWyy_k-7gGRLZaVBzPDYCz-yxVZA=mo,wow,5,0,,2025-12-26 13:56:36,,,,CBE
bbc7827a-aac7-4003-b786-331c162ab2b6,Obsanii Qaallooman,https://play-lh.googleusercontent.com/a-/ALV-UjU16ooASdrbreKSKMg_pGf8HEpW1UiG_cLscxnEfP4ZwqwNajQ,no digital awrad through this app,3,0,,2025-12-25 21:34:56,,,,CBE
057b31cf-407f-467b-a991-3bf997171fcd,U can't Use,https://play-lh.googleusercontent.com/a-/ALV-UjUOLX4nLyy9boGt-SQsTEx4cUNUWeJ0AxbQGCBaGFstlhr2kRE,best,5,2,6.0.2,2025-12-25 13:29:09,,,6.0.2,CBE
ac321c29-b3ba-45fc-ad68-a408d307ed9c,Temesgen Kasahun,https://play-lh.googleusercontent.com/a/ACg8ocIoAjctXmesOY3opUOh_e1lFoC1wzkmE6WnjcXW0fOg_wKuNg=mo,የዘመናችን ምርጡ አፕሊኬሽን እናመሰግናለን CBE we proud of you!,5,0,,2025-12-24 19:25:09,,,,CBE
1a938904-9391-4640-abea-b951ae2a61a8,Abas Johar Habib,https://play-lh.googleusercontent.com/a/ACg8ocJ9jsoFAqKc4svePOkSlZL2MgSA0XYq2F6CL5sFcnqK2-S7uJQ=mo,I want useful this app,5,2,6.0.2,2025-12-24 19:02:52,,,6.0.2,CBE
04f345c9-483f-405b-ac25-74ddaaec3217,Omar Bone,https://play-lh.googleusercontent.com/a-/ALV-UjW5e6CqXeoGcGwaz107Z7UxowWTJHGYEj4x3yOoGzpIadEyPas9,good,5,0,6.0.0,2025-12-22 14:10:10,,,6.0.0,CBE
743ee5a4-ae00-47df-aac8-bfa5a3ecf10f,Abebe Abbee,https://play-lh.googleusercontent.com/a/ACg8ocI3GxH7uRqQjdSrnAaWzX9N8FfvZYl55l-s8fqpHNqJIRH4Ew=mo,wow cbe birr plus!,5,0,,2025-12-16 17:29:27,,,,CBE
a72cba97-f6a5-44c3-894d-5cde5394876a,daniel Getu,https://play-lh.googleusercontent.com/a-/ALV-UjWy22cowvV0t_izPlBn_l5smjfoRNQZWG4xtwzT9jrW11qvquk,"v, good",5,0,,2025-12-16 01:22:49,,,,CBE
587764a4-abdc-4657-b609-5808a5ceeaff,Yalelet Ahmed,https://play-lh.googleusercontent.com/a-/ALV-UjUidKoyJw_DA-XbJtwlSZ1s5M56dEU89RyCbNjYSN0J02hFUVuv,ምርጥ,5,0,6.0.2,2025-12-15 18:53:24,,,6.0.2,CBE
b415af03-fe1c-4ddd-8eb1-c220b38ce6b5,Tadele Teshome,https://play-lh.googleusercontent.com/a/ACg8ocIcl0lR0pdO2d1r4lCvkkbNMJDZIm6ViVReR72pTVHN0vWQwNo=mo,very simple and fast app,5,0,1.0.0,2025-12-15 10:42:56,,,1.0.0,CBE
a2315519-2dc6-4155-998d-80655196e6a9,cabdishugri cabdifataax,https://play-lh.googleusercontent.com/a-/ALV-UjU-QvjR_b4Xltck6Qzo58QRtfskr1Fx5pC--F_MXhtl-J46ZysJ,Good,4,2,6.0.2,2025-12-14 22:38:54,,,6.0.2,CBE
7261d4e9-334e-4df1-9795-af46dac959cc,Mohamed Abdi omar,https://play-lh.googleusercontent.com/a-/ALV-UjXtFmbf1JRuA9b5k6R9vN9ws1pkN9UXgrr2tDb-9gNJ1fMi-Y8,SUBSCRIBE,4,0,,2025-12-14 21:43:22,,,,CBE
7b2c8134-23b0-420f-8b7e-26ec2b1bdb98,Abdella Mohammed,https://play-lh.googleusercontent.com/a-/ALV-UjUNWCkEnoQn8TNwyE3ljnmQkN5e-z817i25WY3UtU4I7mXb3zI6,It's a good app!,4,5,6.0.2,2025-12-13 20:53:31,,,6.0.2,CBE
efcb1d50-b2ad-4225-8ee7-ff0de94f056b,Anuwar Kasim,https://play-lh.googleusercontent.com/a-/ALV-UjWdDZapvqvIuDe2wV8SovuRBKU_k5DFhMGC-neWaVfSd7Kc6obY,Best app and very easy to use,5,9,6.0.0,2025-12-12 20:55:24,,,6.0.0,CBE
2711f037-0dec-4305-a2c3-c4a91f4e14d8,tewodros fekadu,https://play-lh.googleusercontent.com/a/ACg8ocIrrQulTFmphV6zfFjnakFwL6AC_iJbCP9zFXuJVvqTnrmPoQ=mo,micro saving ena micro loan le hulum ethiopiawi sesera I will rate full stars,1,0,,2025-12-12 11:11:36,,,,CBE
61c0ef56-34eb-4fbd-a64b-da64a0f8f739,Yinebeb Adera,https://play-lh.googleusercontent.com/a-/ALV-UjVE6bxDCNA1te5yWUjGslFSiQRjIDstgaK3Rq561F1dNFSa6Zyk,Great app but Please update transaction limit ???,4,65,6.0.2,2025-12-12 10:59:02,,,6.0.2,CBE
1fc5c4f0-e3d6-4557-9e7f-92e27882caf5,Me Me,https://play-lh.googleusercontent.com/a/ACg8ocIzj3dONUCXeQ-Sy_bo3L7BJ_gWCWIpUSAk1lG29HYD37nG=mo,review more public and include Account and devices info,5,3,6.0.2,2025-12-11 23:26:53,,,6.0.2,CBE
e7157c74-2a00-41d3-a01c-3891c2482a56,Sahane Ibrahim,https://play-lh.googleusercontent.com/a/ACg8ocLv3WvhtvYnGKVl_pkmPjA4YWAqgWWmJHNn0qE7BWAsU6fWBw=mo,Nice,5,2,6.0.2,2025-12-11 21:35:41,,,6.0.2,CBE
7808a7e4-1316-478d-bf71-eb44253f7519,Abdii Amaan,https://play-lh.googleusercontent.com/a-/ALV-UjX4NS_v_5LYVd28afD1q3bXNUmTcKzVKRq8XdJwr4EoJYaUahsRPw,Good,5,1,6.0.2,2025-12-11 17:30:57,,,6.0.2,CBE
69d84917-6d0c-4049-8ef1-1aaba4275b9d,chala best,https://play-lh.googleusercontent.com/a/ACg8ocLdzGlJaV2Bik8kPdEeSLNgG53AbNCUutN1igbIPD84UguZUw=mo,wow,5,1,6.0.2,2025-12-11 09:13:57,,,6.0.2,CBE
25227c6d-58bf-432e-845c-421c1eb10a68,Aliyi Engida,https://play-lh.googleusercontent.com/a/ACg8ocLpiQXAoB4mP8xrS19HE7oiLDqaKzmRgUh7Sv3X9DjCLQiZ9Q=mo,ok,5,0,1.0.0,2025-12-10 20:03:52,,,1.0.0,CBE
7470ae80-9116-42d5-9798-a8ad0ad7430d,GUDINA DEJENE,https://play-lh.googleusercontent.com/a/ACg8ocKz4LCVvgXz1XZ2KftY7JspZM2nrKu4cr96b-_G0JtNXEBBng=mo,it doesn't work,1,7,6.0.2,2025-12-10 19:23:34,,,6.0.2,CBE
8ac57e69-66fb-4e82-936b-976565877f50,NATHAN MESELE,https://play-lh.googleusercontent.com/a/ACg8ocK19vjJ_39cVKuoqm_VIz7s8BM2AZ7KtTAL-CYua9nvMtK3MQ=mo,"Why is there a mandatory upgrade everytime I open the app, sometimes twice per day. Is it only me??",2,33,6.0.2,2025-12-10 16:32:05,,,6.0.2,CBE
0bff4ead-7588-41e5-a0c8-03bff2c78212,Bechera Ambisa,https://play-lh.googleusercontent.com/a-/ALV-UjVd2RUys3_cxL4tqmyqeDjqjPyauh0SQtjzJ5lTvZ2W4_meDcE,👍,5,2,6.0.2,2025-12-10 15:32:41,,,6.0.2,CBE
2d8a7bc5-2b4b-480c-8386-8b8fdcb094ad,Exness Trade,https://play-lh.googleusercontent.com/a/ACg8ocIKFfSCNEbhQMnHG1v9r2Q9dzA7u6SMAO1poW6yrdQQSzMSng=mo,it is good app,5,0,,2025-12-10 08:52:37,,,,CBE
d01ca3fe-fe42-4f56-a867-6233d4cff0d4,Hailu mengistu,https://play-lh.googleusercontent.com/a/ACg8ocK_Oii7dGBnAF7fM-UjuQ1vW1XddqApP6nScoMseDIsSn99NUI=mo,I never ever seen this type of fast and free application,5,15,6.0.2,2025-12-10 05:29:47,,,6.0.2,CBE
c648b500-ad14-4fda-ad8c-7d0a010a0234,Kadir Amaan,https://play-lh.googleusercontent.com/a/ACg8ocKntCAWihMxk8qZ8NYwL4WFxHjXeam5cZTt3AvxIIJTqpZrPg=mo,Alloshee xilloo,5,2,6.0.2,2025-12-09 23:03:13,,,6.0.2,CBE
46cd3698-66b9-4d4e-9a34-23f99e1252e8,tadesse meserete,https://play-lh.googleusercontent.com/a/ACg8ocJ6LqTbL6lz9gkkyRyziKVQhgLncOejXEy9P2gr-0-4bZ_JRF8=mo,አሪፍ ነዉ በጣም። ነገር ግን በአሻራ ብቻ ለምን ቀጥታ መክፈል አንችለም የግድ Pin ሁሌ ለምን እናስገባለን። በተለይ አብዝተን ለምንጠቀም በጣም ያደክማል። ሰዉ ተስማምቶ ስለሚጠቀመዉ Please በአሻራ ብቻ Login እናድርግ ክፍያም እንፈፅም ዘንድ Update አድርጉት??,3,1,6.0.2,2025-12-09 20:08:19,,,6.0.2,CBE
eb14e479-1dd3-4a2d-b414-8a84e2415f9b,mathewos tadele,https://play-lh.googleusercontent.com/a-/ALV-UjU6MTw9LFGQiKUeEpOqtDCj3b-nK0HB3_tRQSQLfG-hjEYECR0z,it is fast,3,0,6.0.0,2025-12-09 11:30:54,,,6.0.0,CBE
89e2ee05-666f-4f99-8c20-b25494e6d93b,Desalew Wondmu,https://play-lh.googleusercontent.com/a/ACg8ocKrOPywhqHLLmFi2ZZP0h2sdUv6VVohE8MxSaDGSPT_wXcB=mo,አፕሊኬሽኑ አይሰራም //security alert//,1,4,6.0.2,2025-12-08 14:41:39,,,6.0.2,CBE
7a5e808f-d9a5-4f7e-addd-06e53dba4985,Desalegn Lejebo,https://play-lh.googleusercontent.com/a-/ALV-UjUnt4H1aLRTuurq4oX5gL8wNWXaNLOBq2WD4-UnwA9d23fFBsiu,it's Fantastic app.,5,0,6.0.0,2025-12-07 21:56:10,,,6.0.0,CBE
4fb235d1-e925-4373-bc33-a8b3e6e112c1,xasan cali,https://play-lh.googleusercontent.com/a-/ALV-UjVHgUCdZLBXiqSj2ZgfYPcnsxqPR9FXwnkp-iPatcK7Pn33ZA,apps open free,5,0,6.0.0,2025-12-07 21:24:13,,,6.0.0,CBE
76b626eb-8d61-41c4-beb9-1d433703b73c,Daniel Tadele,https://play-lh.googleusercontent.com/a/ACg8ocIR7kn6K0wLSfZNBc2l-cdHw7Qx_O_aNViNqsDWtWJCwRnPzQ=mo,It's fast and enjoyable,4,1,,2025-12-07 19:22:21,,,,CBE
7b50b6bd-c406-44b3-8111-b9d9bebb6d03,Abel Teklebrhan,https://play-lh.googleusercontent.com/a-/ALV-UjWjHqaLyNRkxHwk8kxlw_HqLzwY4ljg8BC3gSPnN1-tYklUZoxy,OTP (Message sending problem ) አለ እሱን አስተካክሉልን,3,11,6.0.0,2025-12-07 15:57:00,,,6.0.0,CBE
0f55329f-4004-449c-b7cb-eece9871f385,Abdu ማኛ,https://play-lh.googleusercontent.com/a/ACg8ocKP16HOaDrYEhzdmwqpsolHeJvHl3nWk0YD32OqmgIQAA8lJQ=mo,best app,5,0,6.0.2,2025-12-06 18:35:47,,,6.0.2,CBE
ec21d359-7c7c-4a04-b277-5a2857ad3df3,Firomsa Abdujelil (Xaso),https://play-lh.googleusercontent.com/a-/ALV-UjXDy8sprlgRjgNmGD5AlgGea72JQ8ffQ-8E2ncwASnOeR6xS6Nu,"Security Alert This device appears to be rooted, jailbroken, or has developer options enabled. For security reasons, this app cannot run on modified devices. Developer mode enabled C Clearing Data...Security Alert This device appears to be rooted, jailbroken, or has developer options enabled. For security reasons, this app cannot run on modified devices. Developer mode enabled Clear Data & Close App This will permanently delete all your app data and close the application for security reasons. St",1,1668,6.0.2,2025-12-06 17:40:51,,,6.0.2,CBE
1cc86400-cf7b-48e3-a084-80d8687ffe9d,Yo G.,https://play-lh.googleusercontent.com/a-/ALV-UjUeuPIBjN20dtB2t4Gk74O4Ly-FTfbuo53UzGG_j9Gzd6El7Wk,It's not so good for update when l try to update the app it redirect all previous set of data and also inactive to use agian stay on Security alert what shall l do 😭,1,12,,2025-12-06 16:36:20,,,,CBE
66782fb9-ab34-4ef1-a88a-3a27b1679036,Zeku Zeki,https://play-lh.googleusercontent.com/a-/ALV-UjXVL6rqMeweowS5PLm2cEnKmUnD0YOzWCuNxHefrPT1qYRRn54,nice i love it,5,1,6.0.2,2025-12-05 21:07:26,,,6.0.2,CBE
6fb50d12-5305-48dc-aee2-ab2b9aeda0c8,Asresahegn Tamene,https://play-lh.googleusercontent.com/a/ACg8ocIzpKKWW4sFWVoWjD4Z-onH9G4cAMchh891t2l21kEJrCnElw=mo,I Updated my application,2,0,6.0.2,2025-12-05 18:03:11,,,6.0.2,CBE
f42034f4-f401-4ed8-b142-b766e5312fc1,Ayalew Cherinet,https://play-lh.googleusercontent.com/a/ACg8ocLGa2e3rxEtf5BwPyl84STVNCML7CgMgQG2UWSrHin_4l4VuQ=mo,"Commercial bank is the source of banking to enable private bank to develop feeding financial and crew of bankers to get knowledge in financial institution, the digital service which gives service in different sectors urge businesses to flourish and encourage development.",5,0,,2025-12-05 15:44:27,,,,CBE
51ab9f69-9ae7-4d66-9396-e23b706d903a,Abdi Ko,https://play-lh.googleusercontent.com/a/ACg8ocLbN0XUIITY0rQEJ9BgompQHw9bTeZ14pqMgsrE2jb4yFQ84g=mo,best,5,0,,2025-12-05 02:02:00,,,,CBE
4f8812af-0dbd-4a8f-9c5e-6a77fafc6c01,Maxamed Rashiid,https://play-lh.googleusercontent.com/a-/ALV-UjU0AumvN_Yf5v0mxSbWsKdxNZFa6_SEo-rnRf421lgp7AIPqw0,good,5,0,,2025-12-03 23:41:31,,,,CBE
85edacc6-2994-40f8-a64c-311b344238bd,lesan hagos,https://play-lh.googleusercontent.com/a/ACg8ocKVdtj-Exyebx-l2zL3aHXmz_KpqgLHla4rBaO6YV5C7ApqLw=mo,nice app,5,0,6.0.0,2025-12-03 21:59:24,,,6.0.0,CBE
926fd400-1454-49c3-bc61-4ee1a6b3ee56,Girume Ashu,https://play-lh.googleusercontent.com/a/ACg8ocIF_iBVHNtVr4J2LVZL41kVDJHhaZWec-otqvOZpxhnqM3AwQ=mo,it nace app,5,0,6.0.0,2025-12-03 13:52:51,,,6.0.0,CBE
b4792dd9-e824-455b-b891-b0469f0ea5a4,afendiishemshediin ahiimed,https://play-lh.googleusercontent.com/a-/ALV-UjWB92TnnfU1fWjxhISf7eUO9G9kO6KaflWZpdKgVI-MCYdeAykj,tenkse,5,0,,2025-12-01 19:06:51,,,,CBE
318c52aa-7af4-4f59-93d2-97b1c3323abe,moa biru,https://play-lh.googleusercontent.com/a-/ALV-UjU7n7_nFftmtF8-x9z3YIj1LbIMXn3zvJpNtAz3FoHeZ0__3q5n,great app simple and fast but you shouldn't have removed withdrawal history for faster navigation to frequent withdrawals.,4,32,6.0.0,2025-12-01 14:59:54,,,6.0.0,CBE
ec8f0432-7e84-45a6-ba11-ed209b58801e,Leencoo Awwal,https://play-lh.googleusercontent.com/a-/ALV-UjW_9_ULmoo4tvcNFpqIa2ISq3ozny14x2Ixsn_ESSWUNznuSnre,like,5,0,,2025-12-01 11:13:27,,,,CBE
7c6c79aa-94c4-4987-a95f-d0262f09cb62,Alemu Zewude,https://play-lh.googleusercontent.com/a-/ALV-UjVppnNPWMjUOlFhOUEeuChOHhHqCVK_TTkA-OkmkbfdpZt8RDYW,CBE Beje/Loan,5,0,6.0.0,2025-11-30 17:35:28,,,6.0.0,CBE
e6875bd7-db64-4f3e-a0d1-8243cbffb30a,jemal fano,https://play-lh.googleusercontent.com/a-/ALV-UjUisuCe5pstxw_8CanhAR6AeawHGz1e063X_wqsBATr3USCZPQK,ani kana dura itti hin fayyamine mee ni ilaala,5,0,6.0.0,2025-11-29 15:53:48,,,6.0.0,CBE
6447de0e-cd7e-457c-840b-b4c6c606fa10,Alemayehu aga,https://play-lh.googleusercontent.com/a/ACg8ocJVDZmImPCW3K6_Ox4JBfFDyvwvzJbaugImXNrqFC_r6qjvsg=mo,very amazing app,5,6,6.0.0,2025-11-28 23:42:57,,,6.0.0,CBE
832eba04-4eda-41b9-82d6-4dee16ba7a03,Afomiya Afi,https://play-lh.googleusercontent.com/a-/ALV-UjUa5g9Budy2xWDS_jygF4ijo9ehyeyRiZg2Jsp2rz50n-dRf2oG,thank you,5,0,6.0.0,2025-11-27 02:22:49,,,6.0.0,CBE
fe550d3e-54e3-4ef2-824b-1efe7ec2ad70,Aden Sheiko (Sheik),https://play-lh.googleusercontent.com/a/ACg8ocIGD8moHjLyTMayxGNIGF8Pwi5YUvGhMngDAw7FZ3jZLplRDIc=mo,hawaarto nabadu,5,0,6.0.0,2025-11-26 23:30:03,,,6.0.0,CBE
4f7e2d31-c42e-47dc-aaad-96f54e4cf7c0,Simachew Shiferaw,https://play-lh.googleusercontent.com/a-/ALV-UjWqm7tYGTaGZO8JtlWRXx8Gkk48jP69_2g_t2qxuYcHVnmfrfHm,this up is exceptional,5,0,6.0.0,2025-11-26 18:12:41,,,6.0.0,CBE
23a4499a-8687-44ed-8b2f-32f25503ff07,Shanqo Vipe,https://play-lh.googleusercontent.com/a/ACg8ocL5wF8XDpoQHn6qJ3ltWEomvl6VKIoMqJ83j6vp-nk-nXt8tA=mo,Wow I love this app,5,0,,2025-11-23 16:20:57,,,,CBE
80355936-7a5a-49ba-a3d9-d3e8d9ec405b,Kebede Balcha,https://play-lh.googleusercontent.com/a/ACg8ocKX6qUJ-d6-cJSYOIugi34IjXoUyoIkvgHpk1kntrFWteV4Ng=mo,very good app in Ethiopia,3,2,6.0.0,2025-11-22 00:08:23,,,6.0.0,CBE
45306927-5d26-49c4-94d8-65725d392ffe,Sahane Ibrahim,https://play-lh.googleusercontent.com/a/ACg8ocJ6bgdXfjTeJJJZfSkwObt7fyI6LOjS29Hj4RKNYHLGSDK3Ww=mo,Nice,5,0,6.0.0,2025-11-19 23:40:32,,,6.0.0,CBE
1859d7d8-7e1e-4754-8078-56154a319f26,A/hamed Geleto,https://play-lh.googleusercontent.com/a/ACg8ocKos5NBZnzqcGRbc87WEiqwRwfVhppbP9Y762FFz7ZceC3pIg=mo,Ok,4,0,,2025-11-19 17:19:17,,,,CBE
6b5b154b-9ba7-4044-9922-b901b0873e56,Gelgelu Doge,https://play-lh.googleusercontent.com/a-/ALV-UjUiu34qLRYwr5lQfNty4Z8xB13zmMNL0Qatt6R36gfl-3QtE_g,teacher,5,0,,2025-11-19 07:37:54,,,,CBE
b11c1d2f-f301-4e15-8b92-c9ae64a6ce41,Firomsa Kelil,https://play-lh.googleusercontent.com/a-/ALV-UjV8936MeF53BXlO0pqRwxx3CAeNm0zR2_dbVsaem5B2Rkgl1ZMK,it is good a,5,0,6.0.0,2025-11-17 02:30:23,,,6.0.0,CBE
c41007b2-9b0f-4ded-865a-a95265eba5b8,Mohammed Seid,https://play-lh.googleusercontent.com/a-/ALV-UjXyku8W6FkM0XZMQVe8jk32zGjG9G6XTTkgKMITjsldPoG7Prs,COMMERCIAL BANK OFF ETHIOPIA fantastic app ever,5,4,6.0.0,2025-11-16 19:06:14,,,6.0.0,CBE
8464d61e-60f8-4b79-a0f9-9f11aa108ffa,Asche Moti,https://play-lh.googleusercontent.com/a-/ALV-UjUb1Ncro4T5iYmwWRtbz2X9KNh1KOPRRPxgYpc_wi84IaslqJ_P,good,5,0,,2025-11-15 16:12:54,,,,CBE
7cad589e-90dd-4974-8b00-4ff513fff635,Sir Zeru,https://play-lh.googleusercontent.com/a/ACg8ocIxTKeUsJp7I7D50hrxQcaltVuwtCES0XLMwEIYE6ucBlZrtw=mo,why do I need an app if I can't use it. I can't pull money from my account 😭. every update has a problem. and they don't care about customers,1,85,6.0.0,2025-11-15 12:45:22,,,6.0.0,CBE
7d33e328-74f9-4e0f-9406-1c1b2a81a86c,geleto tumso,https://play-lh.googleusercontent.com/a/ACg8ocK29MgD2yyqNCmbSasBvPI39psKr6mJSSvaFT7jH9yXmFg3qA=mo,ok,4,0,,2025-11-15 00:14:03,,,,CBE
e90d4a78-9a55-48ab-acdf-2afcdcdb60b0,TOFIK RAHIMETO,https://play-lh.googleusercontent.com/a/ACg8ocJEO-RL4AYJcKTGi4Z1nC7g6XQJBFPyRTREwFfEsWEkObcUrA=mo,best,5,0,2.2,2025-11-14 20:34:26,,,2.2,CBE
fc64458a-a3cc-45f0-afcd-c69e6c7a63f2,Getu League by,https://play-lh.googleusercontent.com/a-/ALV-UjVAj39qQdEpIIYucLPzfp6zgyL94uUfm0K96GANuWDmnBSYZYs,good,5,0,6.0.0,2025-11-14 02:12:14,,,6.0.0,CBE
d6e76759-7e40-425a-b182-6e269854558e,Ferhan Kufakas,https://play-lh.googleusercontent.com/a/ACg8ocKf0eZyqI5rDsXPKXDaeYTmMiHuxyaPvgxhJsZlUphCQBHEjg=mo,best app,5,0,6.0.0,2025-11-13 21:59:02,,,6.0.0,CBE
112e9149-7735-440a-a7d7-62289711ec86,Bamila Behailu,https://play-lh.googleusercontent.com/a-/ALV-UjXqX30Xg2m8vBYL9CTREJIVAyscbg4eqyDkGQZKJpxd-Asz_qUm,"Imagine you want money and ordered the vocher code, then No message nothing happened.After a couple of hours or even days then the message will arrive😡😡. I have edited my star to 1!! Trash App I hate it",1,483,6.0.0,2025-11-13 18:40:27,,,6.0.0,CBE
9c2e91c8-674b-41a4-958b-189e0eaa015b,Petrose Aklilu,https://play-lh.googleusercontent.com/a/ACg8ocKV-mS0DuevOsI-QBTmKEoTr7gHNYrDskzuKOMEOH572nSo9Q=mo,There is a network problem,4,2,6.0.0,2025-11-13 11:50:43,,,6.0.0,CBE
1788572f-fca5-417a-8f1d-27547a49798d,Mahammad Muktar,https://play-lh.googleusercontent.com/a/ACg8ocLDdo3cH4OBjWf7rYigBKTy1m6PpktTsNT_xYJt5XV4A_yjJA=mo,improved,5,2,6.0.0,2025-11-13 03:30:18,,,6.0.0,CBE
e95da9b5-23dd-4463-acce-049b921d7e40,Mesele Alemayehu,https://play-lh.googleusercontent.com/a-/ALV-UjXddlHiFbKu1psF_M04YxJLyGURG8C_jGuLOXOu19D-S7UcP28,nice,5,0,6.0.0,2025-11-12 20:57:45,,,6.0.0,CBE
7b12bc30-3c92-4943-b0fe-5043c57468e1,Abenezer Addisu,https://play-lh.googleusercontent.com/a-/ALV-UjXsa_hza77aeuYDDJWDsausgiyV9HmQbhFQAfnO4FP5L_VwnPk,good.,5,0,,2025-11-12 15:11:17,,,,CBE
e9848481-22ea-4470-9f08-5ed74096825e,Kinfe M. Eyasu,https://play-lh.googleusercontent.com/a-/ALV-UjUL99ozbBwd4mnw6EObSbTFX45uRD4QXgnwd9woYKAn_5dXevP4,It is very great app. CBE is working great. I have this one comment. Could you please make the 'pay Merchant' option at the location where you put link account. This option is the one most users will use regulary.,5,11,,2025-11-12 14:59:27,,,,CBE
ef8c4f1e-6e5f-4b99-8fd5-14a43122be9d,Eyob Belay,https://play-lh.googleusercontent.com/a-/ALV-UjU4yj9jYqQKrroDGGEWhKf42YDKzzMJWbLsE8K7WmrHtl6RvEo,useless app,1,0,6.0.0,2025-11-10 19:55:31,,,6.0.0,CBE
ccf6a766-f64d-4d07-9ab4-379d3a7ec8f6,Abdi Kenesa,https://play-lh.googleusercontent.com/a/ACg8ocIEV3gmiAGEfJWlcRp472uiYUi5X0WTTGEeSBog1iw0Ib7Hnw=mo,Wow I love this app!,5,0,,2025-11-09 16:24:07,,,,CBE
8ca970c8-cf10-4e56-8211-a6878a7c7be0,Yesuf Ayenew,https://play-lh.googleusercontent.com/a/ACg8ocIvYHB9qSSOab_uTuz5E7m6AoZNL8cm66LQnEustcyvZdPzuUM=mo,good,5,0,,2025-11-09 16:10:16,,,,CBE
3baafd8c-8be8-46e2-90de-0baca1092e33,behilu mekoneen,https://play-lh.googleusercontent.com/a-/ALV-UjVbBwTv0pRHCjv_DsuxJ5HvQVHx_LvSfgrnBhm2nZbowOHwJBOI,good,5,0,6.0.0,2025-11-09 09:10:03,,,6.0.0,CBE
d0abae16-0e3f-40e5-8305-2abe5d34fa40,Seid Abdulbasit,https://play-lh.googleusercontent.com/a/ACg8ocL4usF_rmfdOIGz62_01mkFbbu48ExAHROAJJrqvXmTBN50_A=mo,please remove commercepal from cbe birr that is not a real business app. I believed them because they are in cbe birr app but after I paid they said the item is not avialable..and they are not willing to return my money back!!!!!!!,5,1462,6.0.0,2025-11-08 12:21:14,,,6.0.0,CBE
de6fbfdc-28b4-46bb-9f87-f6e0699c59f3,Beletech Dejene,https://play-lh.googleusercontent.com/a/ACg8ocLbx3f53FBMO7WED3mQwDD-qEgx8JWWKR7WXXQ_QEkUmD2ZWA=mo,keep going i like it🤝,5,0,,2025-11-07 17:21:22,,,,CBE
f441d9a7-bf9e-4a2d-885b-dfc1e63d396a,yohannes “Jossy24” mamo,https://play-lh.googleusercontent.com/a/ACg8ocJriKCXeKA-A8Cn1TVo354HWXRVYq0J6ALtOVapL_lydnzZ-fw=mo,ምርጥና ለስራ ቀልጣፋ,5,0,6.0.0,2025-11-06 22:02:22,,,6.0.0,CBE
4ba9448e-7858-4a67-b75b-f943c4a6d315,Hagos Weldesilasie,https://play-lh.googleusercontent.com/a-/ALV-UjUIT4-P5TCzt0AzEHOoMLHhZNRxCFDj1dzL40kp6-5gTUp_2Q,great app,5,0,6.0.0,2025-11-06 19:47:28,,,6.0.0,CBE
57efb21a-8e7a-416b-bb19-66ca06b65956,መሲሃዊ Mesihawi,https://play-lh.googleusercontent.com/a-/ALV-UjXjsB1JWJ1ikRwZqjRqE4dtG9vdSf5ss4DblM8SrvokaaaV-o2K,it's best app but sometimes otp not come fastly,4,1,,2025-11-06 09:11:11,,,,CBE
1976c261-ad10-4b8d-b35b-4cb03306a55f,Zain Muba,https://play-lh.googleusercontent.com/a-/ALV-UjUWzgvSyEfcwojRa7mMipGckM2Q2temtbtNbzv9tPC9LUM9MWkx,good app,5,0,6.0.0,2025-11-05 20:50:21,,,6.0.0,CBE
6c777a3e-0719-4ba8-bcf7-a871ee9cef3e,Tibebu Adimasu,https://play-lh.googleusercontent.com/a-/ALV-UjVQWIk7P7ExqDDFksWvGIwq2orazBnUIQFmyUO2-Q4koHw1jmbx,one of the dangerous app,1,0,6.0.0,2025-11-04 16:14:14,,,6.0.0,CBE
6477e2c4-f379-45a1-bb86-5cf2899768f8,Christian Amen,https://play-lh.googleusercontent.com/a/ACg8ocIamWaCcwebNeMozFVPHD9W9r3TVuW_igbVeiGI7EUoisfUTg=mo,wow,4,0,1.0.0,2025-11-04 13:52:40,,,1.0.0,CBE
db3a9a93-09c9-4e8b-9edf-d6a9f3ac35a8,Leula Beyene,https://play-lh.googleusercontent.com/a-/ALV-UjU2Cgm9pKrRuvVApRkM9HAngtkIaDP37EmnAjPZGiT1TADE7qxO,thanks app,5,0,6.0.0,2025-11-02 21:01:21,,,6.0.0,CBE
2767aafd-2bc4-4b0e-b49a-031f9a8a006d,Marara Wakjira Mrr,https://play-lh.googleusercontent.com/a-/ALV-UjXYAsVK74JKlQqm323VwDvMa5HJv9KUmKYNCEJRvvhVg8SlRdPA,Tanks very much CBE 🙏,5,0,,2025-11-02 18:22:32,,,,CBE
42edd0d4-ffea-41b5-b690-597d624a8444,Getahun Tesfaye,https://play-lh.googleusercontent.com/a-/ALV-UjVlsa4WwtnFtvL482ybtWhqj3wW3vEIF0U52KgpFJjGyCR86Lo,very good but make pin more than 4 dijits,3,0,,2025-11-02 15:50:27,,,,CBE
3a38f49a-758e-408b-a358-3850f63a5000,Gemechis Abeya,https://play-lh.googleusercontent.com/a-/ALV-UjXBg0_J_a8gCTPEmp0mBeAGPa9za7AOvHOrZrs2pXpSp1w1B0E,please attach how we can transfare in our binance or bybit.,3,0,,2025-11-02 11:09:55,,,,CBE
5fe8926f-e764-421c-990c-d54e82027317,Fahami Jemal,https://play-lh.googleusercontent.com/a/ACg8ocJ2alpYQ1-MsNj04NahioHba11KJMt7_YwuvZ1hrZz39pFxNA=mo,best app,5,1,6.0.0,2025-11-02 02:13:12,,,6.0.0,CBE
cebc7f3b-3a49-4c1b-8f6b-32d129c95483,Hizkiyas Tekalign,https://play-lh.googleusercontent.com/a/ACg8ocKb_XnI6vy-IT1ch-IFYD8uS52_0b8FVf21VwERoXCniubDyQ=mo,"This app is extremely poorly designed. Every time I try to transfer money, it just loads forever and then shows a failure message — but when I check my balance, the money is gone. That’s unacceptable. It’s frustrating, unreliable, and honestly disappointing. I strongly recommend using a different banking app because anything related to CBE feels like a risk. they should fire the developers of this app",1,133,,2025-11-01 19:26:00,,,,CBE
e9758814-4cd7-42c4-a4a3-4edc5b89b9a2,Fedhasa Solomon,https://play-lh.googleusercontent.com/a/ACg8ocKrf3TvX9I5Wu6OtPscEK3pP8eSIaaVa6KmOZut3Fo-XlJMQg=mo,It's Very good app,5,0,,2025-11-01 17:22:55,,,,CBE
5ea24c57-37d4-499b-9739-7f89ceb6be8b,Abdulmejid Muhammed,https://play-lh.googleusercontent.com/a-/ALV-UjU59Ys1-mNnRjXTpkFWIMPxMhf9Mtzzarq7B-ISRYHrAvUCzWZl,ለምንድን ነው ከንግድ ባንክ ወደ ቴሌብር 5 ብር ሲተላለፍ 11 ብር እንዲቆርጥ ያደረጋችሁት,1,1,,2025-10-31 20:56:38,,,,CBE
57426d30-45a9-462c-bc6a-d52c568c52f4,Abdulaziz Mussa,https://play-lh.googleusercontent.com/a-/ALV-UjXo5ZdZucNzTU7XtYMS13TbSkLKuRkDuRbeYEvjViWsBki0NdnD,በጣም ጥሩ ሥራ ነው።,5,0,6.0.0,2025-10-31 14:48:20,,,6.0.0,CBE
c9193188-56c9-48d7-8d03-ac8510ee55b3,Bamlak Wasihun,https://play-lh.googleusercontent.com/a/ACg8ocIC3zF7974lTA16aqvDXtXNzKpUm53g4rVN5-0vGKDdZiFajQ=mo,ሌቦች ናቸው ብር አየር ላይ ቀርቶብኝ send ሳደርግ ደውዬ አስመዘገብኩ እንደሚመልስ በ 3 ቀን ተነገረኝ ከዛስ አንድ የተመለሰ ብር የለም አጋጣሚ ለ shopping የከፈልኩት ብር ነው ስጠይቃቸው ደውዬ ቀኑ አለፈ ያላችሁኝ ስል አረ ገብቶለታል ለላክለት ሰው አሉኝ እንዴ ወደኔ እንዲመለስ ነበር የተነገረኝ አይ በቃ ገብቶለታል ሰውየውን ለምነው ምናምን እኔ already payment በሌላ ባንክ ፈጽሚለው ena በአጠቃላይ ሌባ የሆነ መተግበሪያ ነው,1,0,6.0.0,2025-10-30 14:32:11,,,6.0.0,CBE
807aa528-b208-4ccb-bb3d-10c3ef29ca3f,Awowey Yaxya,https://play-lh.googleusercontent.com/a-/ALV-UjXWCbQGa0ucoFDGlXUvg6ucul4eD1X3PRuoVKFoZcL6kywyvRbs,I like thi,5,1,1.0.0,2025-10-28 21:55:03,,,1.0.0,CBE
cd6ee296-463f-49c7-9a1c-ea0f5a0122c2,Esse Mohammed,https://play-lh.googleusercontent.com/a/ACg8ocLkknInRgJzRsIYJbB4jPsHdjQL0OD97_YI9aMal69Ui_jF1Q=mo,why it need update hourly it was good but know it ask updating hourly.please arrange it.,1,1,,2025-10-28 10:54:59,,,,CBE
d83cd7b8-fc24-46fc-ba31-95445cc3a7b3,Abebaw Abebaw,https://play-lh.googleusercontent.com/a/ACg8ocLqDwrBoycVt4Qnv3RmdTPKx_BjLFxGSP5WxGL5O_1_zqVdGg=mo,Abebaw Zenebe,5,0,6.0.0,2025-10-28 10:08:00,,,6.0.0,CBE
73327de0-0375-46f2-b659-e2552864792f,Asefaa Dabali,https://play-lh.googleusercontent.com/a/ACg8ocJ-lGJbcPwS_nEZmVbFWVy1_AKmSz-80OdNk7dtWiJ7CJjscg=mo,dammee g0saa,1,1,1.0.0,2025-10-27 21:21:04,,,1.0.0,CBE
0a9b4c78-fcdb-4db3-a528-c9a95fd8e0b0,Biniyam Chaka,https://play-lh.googleusercontent.com/a/ACg8ocKmAepHSykfXxAOTKCvf9C1fTWRJvPFQZ_jiLJiicL6AMB3gQ=mo,more easy to use..,4,10,6.0.0,2025-10-27 15:23:59,,,6.0.0,CBE
a545a31a-f588-4ab8-ac9d-2b69a1498c72,nathan Ketema,https://play-lh.googleusercontent.com/a-/ALV-UjVGGhseDOkUyKv5ZBzpToM1YRvEGFy-C4rtu698V-dqn2I3i_T8,good,5,0,6.0.0,2025-10-26 16:57:53,,,6.0.0,CBE
3871a13e-9379-4c1e-b2c9-a9b744f15393,Shamsadin Taha,https://play-lh.googleusercontent.com/a-/ALV-UjX6Cfzc5rSk9zY3vzJxymgaD7VaZQziHUQJdy9yKMl-c0qa1I8,app,5,0,,2025-10-26 15:38:54,,,,CBE
13a1bd4a-30d7-4f08-9650-50466a956ce6,Ramadan Ahmad,https://play-lh.googleusercontent.com/a-/ALV-UjUeVM2He3JyoH2tJVYHUhtjCBVe6ZX_I8KL-PY4KRlIKrnHVbGu,very good,5,0,6.0.0,2025-10-25 23:37:10,,,6.0.0,CBE
dc137246-3e7f-440d-9254-e6101b322027,A/kader Adasa,https://play-lh.googleusercontent.com/a/ACg8ocJTl8fzHRtbo-xf5kLUJTgwmEn2LFlVI-LZ5J_G20flXOOzZg=mo,ፓስወርድ,5,0,6.0.0,2025-10-24 22:05:31,,,6.0.0,CBE
69d8a58b-82f8-4784-977a-e42cb7975de1,Hanad bilgawi,https://play-lh.googleusercontent.com/a/ACg8ocJvwAo73Ppl5n_pDbH4oBsevwN3xUXUYElAZRMel7oxAuebPk0=mo,secret,5,0,6.0.0,2025-10-23 21:45:27,,,6.0.0,CBE
530d73c5-3360-40b6-b7fb-511e73a00975,Kedir Endris Muhammed,https://play-lh.googleusercontent.com/a-/ALV-UjU7jJxKD0F40LvB7wHDPd8vOSvxOlwEfubnp_DNk32hMu6hAKI,"Good app. But ""Linked Account"" is not working.",4,2,1.0.0,2025-10-23 12:21:24,,,1.0.0,CBE
cf20f7eb-ecc4-41fb-baec-c246ca1dd2ff,Faris Amad,https://play-lh.googleusercontent.com/a/ACg8ocJDnrd8hUMlANdSoa8QURArNQ51Awv8MgxTtw-pxq--DB8_-mQ=mo,I love you so much this is app,5,2,6.0.0,2025-10-21 02:06:01,,,6.0.0,CBE
4cb0ad37-b1c6-4d9b-bbcb-9384303d608a,Abba milki,https://play-lh.googleusercontent.com/a-/ALV-UjXf6FoCxv050aGc4FPOp5hf3ImVBOkKARc3axGxQMgbjH0Tp4Zb,"i want to re installe the app,so how it does work when i download and reinstalled it",5,8,4.33,2025-10-20 14:54:24,,,4.33,CBE
8e642482-468e-43d6-96c1-fce53e592013,Ali Salih,https://play-lh.googleusercontent.com/a-/ALV-UjWhe_RuyH-NwPaIJbx2PMXRLYDdtqCXOp1kuMRUcv3cwbHctow,good,2,0,6.0.0,2025-10-16 18:25:56,,,6.0.0,CBE
9fb6ec6c-739a-4e54-a6f4-60b103c0d415,Mesud Mohammed,https://play-lh.googleusercontent.com/a-/ALV-UjUjUaGrAN1bj_3frZlJxeN4nnV9Gmg3NaD48wUUZCGGZfKn23JW,This app is Good. but This week it glitches. the app say stopped working.,1,5,1.0.0,2025-10-14 22:30:21,,,1.0.0,CBE
80a1c4e5-fd49-480e-b861-524800c5ae2d,Igraan,https://play-lh.googleusercontent.com/a-/ALV-UjUmLLQNcTBLdXweKy7gbps0LlTOOj84mwJG_nJlASjVUy1livnt,I like it app,5,0,,2025-10-11 22:41:36,,,,CBE
03561cca-7220-4ff5-a74f-67909d7b6d80,gemechis abdela,https://play-lh.googleusercontent.com/a-/ALV-UjUTnyAMI_fITHskuyyrOaatMBSizHbaqn3gFvMH_R4uGyasnq0,best app,5,0,6.0.0,2025-10-11 17:54:29,,,6.0.0,CBE
5d2d843f-be40-4900-86cf-98dec252fc34,Nesru Sidik,https://play-lh.googleusercontent.com/a/ACg8ocIFEkJKMR247auxrVJEsh0jMC6F219FtgqRo5r7uMFdNdZ73Q=mo,This is the most important and useful app in Ethiopia,5,2,,2025-10-10 17:24:47,,,,CBE
ab8e5832-edb8-4a8d-adfc-aa0ee08cb7c4,Aman Abas,https://play-lh.googleusercontent.com/a-/ALV-UjXmHcS0u-ktUOWRst5mmWEa3-3cXFG9EixXeVs_IgxFdXk-ERcy,ጥሩ ነው,5,0,6.0.0,2025-10-09 12:45:19,,,6.0.0,CBE
fc7c6ebe-5bbc-43a0-b06b-6ab52ced5045,Abdulwahid Ahmanuur,https://play-lh.googleusercontent.com/a/ACg8ocLIrs1L3N_ZSFdvl3r3nyXMnmhcCnJlQb5B07zgjKFFEYwwtg=mo,Abdulwahid Ahmanuur usmaan,5,0,,2025-10-07 20:15:29,,,,CBE
f7a95e04-103b-4653-9cce-82c8027fd5f2,Muaz MD,https://play-lh.googleusercontent.com/a-/ALV-UjXKZAO-OYA72KPnoI5s6TR1s0gde_K5ie-ShibS2rfN0P2RO7RL,good app,5,0,6.0.0,2025-10-07 14:07:16,,,6.0.0,CBE
ba573f87-8dd9-424a-ab35-d6b7a57aed21,Dawit Assefa,https://play-lh.googleusercontent.com/a-/ALV-UjVTmQuVJkNGwaEL-FruY94BJThfTAhtJiNiWO7S5NdkwXRHOW38,"The link to the account is not working, and the transaction history only shows records for the past few months. It would be better if the full transaction history were available.",4,167,6.0.0,2025-10-05 10:34:10,,,6.0.0,CBE
0c1cc8ab-f0c6-4ef7-ba6d-1987bcbbd589,SEMAHAGN DESTA ERGENA SEMAHAGN,https://play-lh.googleusercontent.com/a-/ALV-UjVDD-CYDO_nBn9uSAIBE39-a1_B1IJ0XrrZDwohfDPkFnBZx0k,Nice,1,0,,2025-10-01 09:50:43,,,,CBE
f54932b9-0598-4fc9-9145-bde1075db475,Mamush Kaleb,https://play-lh.googleusercontent.com/a-/ALV-UjWdT9hHb0f3tgUzcqJi2H2cs6vrISq5cDd994ZX8pWT_C0Y5BNh,best app,5,0,,2025-09-30 16:35:18,,,,CBE
937ae90b-f8a2-46cd-b5cf-eb83faca9c01,Sisay Sireate,https://play-lh.googleusercontent.com/a-/ALV-UjVdhz6o-VTwLp52p1fbhp1oPQPMQN3kcUpce47eDkaAQAGgiN0,good,5,0,6.0.0,2025-09-28 23:14:27,,,6.0.0,CBE
9da1f36e-8cad-4a3b-882b-a989fc5555a9,Rahul Luhar,https://play-lh.googleusercontent.com/a-/ALV-UjVrp3HJlILQmQ-_Z_hMR1yCv_27AYd_h15yaoWKmDqqrnQ4uy8,I love it... cbebirr 👍,5,4,6.0.0,2025-09-28 17:22:32,,,6.0.0,CBE
a6404cde-05b7-467b-aaf5-5881ad5c9530,Abadir Hassen,https://play-lh.googleusercontent.com/a-/ALV-UjWjvD_TacZy6mFFVJEwi_l1qYn2H9bC5LudqPwWWAywdExncQc,good,2,0,6.0.0,2025-09-28 15:03:28,,,6.0.0,CBE
775207d8-2437-42bc-b118-c3609d12346c,Eyob Alemu,https://play-lh.googleusercontent.com/a/ACg8ocIbbpOmQOapxT9nVNyIj42HBPy6japnvxfGRLUdLZ4kwYx_AA=mo,good,5,0,6.0.0,2025-09-26 00:09:54,,,6.0.0,CBE
f0b77a50-40d2-4423-82e2-4490c284d51d,Infoxchange Box,https://play-lh.googleusercontent.com/a/ACg8ocK1C261nk5H_ScJ3h9AVlqDgMYLKAu3P_NIcZJgKIw89xHXgQ=mo,very nice except for its narrow texts.,5,43,6.0.0,2025-09-25 11:10:57,,,6.0.0,CBE
f43e83af-838c-494c-a55f-490cea040c29,Amanuel Berhane,https://play-lh.googleusercontent.com/a-/ALV-UjXxMLU0DxlMXG_fuL8ft6ol2DwKwA8zNCUdcnb7R3O84XwoamhZ,very good,5,0,,2025-09-25 02:41:04,,,,CBE
f68f75c2-ecb1-4486-be72-15ddfdffb2fe,ASHENAFI BIRHANU,https://play-lh.googleusercontent.com/a/ACg8ocIt7V6dMf8A2SthLcQzNAWdVpLimAcLfBOt5fmHOzhmDfhnwT4=mo,it is very easy and comfortable to use currently dominating digital Ethiopia,5,824,6.0.0,2025-09-24 19:25:45,,,6.0.0,CBE
4ce49f37-a253-4940-90db-dfab1433b3d5,mustefa muhammed,https://play-lh.googleusercontent.com/a/ACg8ocIkHdRi4M5LbWj0HMKRGR-nI7rI0baN-y50nLeYmmfyUb7iYg=mo,good,5,0,6.0.0,2025-09-24 19:10:37,,,6.0.0,CBE
ef5c4f77-70b6-4e48-8329-0bed75d06adb,Palek Kong,https://play-lh.googleusercontent.com/a-/ALV-UjUzGo0GMGWwPy-OybxEMlA1JE8OWhkdMq7GVufd2QQTP43XTPVV,nice app and easy to use,5,11,6.0.0,2025-09-23 18:11:52,,,6.0.0,CBE
a28f3d20-2054-4675-8b03-7e00ce5d5bcd,Getabil Loha,https://play-lh.googleusercontent.com/a-/ALV-UjXR4cTw5M0S8S0xYSBr-3uSAkcPs5xqlhCFAngM6cWAa_CBTic,best,5,0,4.31,2025-09-22 20:57:31,,,4.31,CBE
323a54fa-29b3-41f9-90d6-8a74d362291c,Bereket Baysasaw,https://play-lh.googleusercontent.com/a/ACg8ocJLb_U0mFdP0hrwop_lIjR0urKRGMIYUDgkaLNUsYBdSCo59Q=mo,that's the access is very simple for every one and it has fast access 😀 to use it,5,6,,2025-09-22 16:08:36,,,,CBE
ac27dd5b-8899-4890-b053-83d560b43143,Legesse Gidey,https://play-lh.googleusercontent.com/a/ACg8ocJKSAK7cjg-Pi9EK9R7Zv0dbns9_S8QNj84bU3fK_V16ZrkWw=mo,After recently updated it become one of the best app that deliver financial e-service.,4,23,6.0.0,2025-09-22 11:38:00,,,6.0.0,CBE
e069affa-3b03-4003-a2c7-b00bb70a23a8,Apdlle apdi Jimalle,https://play-lh.googleusercontent.com/a/ACg8ocLrbW8GUgHBlH3WkBhcJoJHoZHFgw-vI_9RCy4O1KvU9Wg9iA=mo,abdlle,5,1,,2025-09-22 09:58:51,,,,CBE
b855d92a-7f9f-4e3b-8b6f-7b3cead358be,MIkiyas Mikiman,https://play-lh.googleusercontent.com/a-/ALV-UjWpBNG-dbEztMXEusDFMhoAAhLllKh4mTbBASQ1WyjTbusTVzw,bhabana,1,1,,2025-09-21 08:54:56,,,,CBE
31bdfdbf-a8b7-4ed6-aa7a-ddf674bb2f92,Getahun Mulugata,https://play-lh.googleusercontent.com/a/ACg8ocLKcYEklzzTWMz-u1I6lOAaPq1bsSb9Sp98hd9wA4UIwM51hQ=mo,good App,5,1,6.0.0,2025-09-20 18:55:43,,,6.0.0,CBE
ac7714fe-76cb-464c-88ec-bffc63a0bef1,Abdalaay Abdukariim,https://play-lh.googleusercontent.com/a-/ALV-UjUPKmGgvPVY9ZHHZytHCma7JIsdwbu19paKZeDOS2ulz_oK-MA,male,4,1,6.0.0,2025-09-19 22:44:11,,,6.0.0,CBE
0358b0d8-3d0d-4564-82d1-6e0a911fd650,Bereket Gezahegn,https://play-lh.googleusercontent.com/a-/ALV-UjUQXFSypnDfbWsUi2tZpZh8jbqN7w2SGWgp-H4dwvxROeg_K_Q,Linked account session is not working at all.,1,26,6.0.0,2025-09-18 18:28:57,,,6.0.0,CBE
9c55e7e8-74df-493a-9309-2b28581a0fc8,Shanoo Hashim,https://play-lh.googleusercontent.com/a-/ALV-UjW8VbLUNOa6Fn4vYueiL_xR9vk9Z5na9Y5zjRwIUvzx1pEgaUA,shano hashim,1,1,,2025-09-18 01:37:07,,,,CBE
ad0d27a0-c9d6-49e0-b9c2-c223a331f4a8,Cade Cabdilaahi,https://play-lh.googleusercontent.com/a-/ALV-UjUtsG8zwBNuK5iTE3sIYca5pyQnVjpinuazSluSdAm5_JEmNGs,JanaleBl,5,1,6.0.0,2025-09-17 20:17:09,,,6.0.0,CBE
1cb14dd7-9f10-411e-85b0-fc5010a15872,Bewektu bekele Lodebo,https://play-lh.googleusercontent.com/a/ACg8ocLGXjsGQyQcMFfym_2uGD1R3ooc_tPA40LokmaBuMgZAPOgsA=mo,(best app),5,1,1.0.0,2025-09-15 21:36:28,,,1.0.0,CBE
8292e34d-eeda-4463-a7f7-d4bdd028422e,Adnan Haile,https://play-lh.googleusercontent.com/a-/ALV-UjVbdq4mE2TCfFXSvpCiVQBmSZ4Zh3jea3-9_0NSQM-Z1bU7ZMw,Best,5,1,,2025-09-14 15:01:25,,,,CBE
3e20a752-362d-40e9-960a-efefe55bf2a8,Hamusa Anbarche,https://play-lh.googleusercontent.com/a-/ALV-UjV-YAp7WF4o89UfKBgmo6awPZKM0sD_-LOqEOPsguZGFIFPLNQT,best app,1,1,6.0.0,2025-09-13 15:01:30,,,6.0.0,CBE
774143ee-b85a-4ce8-b20e-99e36b3bd305,Ahmedin Abdo,https://play-lh.googleusercontent.com/a/ACg8ocLwp6JVQ8J6CroCRvdWoZ4WpP8V3gR3V5XYYtYC2zTXPAx6jw=mo,Myself spurts,5,1,,2025-09-13 14:08:16,,,,CBE
c1b73c8e-1a14-41d9-9686-5fdcbd7169ae,zawudu techaan,https://play-lh.googleusercontent.com/a-/ALV-UjVpAbKzPMW1ItyeN1ZNLFmP9pgs-5uWrbHaZRNg662bwbGlMmY,zadoo,5,1,,2025-09-12 21:32:07,,,,CBE
c19b8a02-fcc6-44ca-8895-02c297e210a6,Shebelaw,https://play-lh.googleusercontent.com/a/ACg8ocK7Ms8C3pjcw5nxdos-cWSUPTdwZSCzvYN_QsP9ltJ_YMR_Ww=mo,good,5,1,6.0.0,2025-09-12 08:23:17,,,6.0.0,CBE
f6403e7c-5089-47c0-a7a4-f86e3c529177,Abasabas,https://play-lh.googleusercontent.com/a/ACg8ocLQJFLYKznPjV35INtY6duvCneU2AbtsvrDLiBcP7tbd2HC6Q=mo,abas,5,1,,2025-09-11 21:21:45,,,,CBE
dafa27f3-d8ca-4caa-9af6-ff7359c48e3c,Filimon Hadush,https://play-lh.googleusercontent.com/a/ACg8ocIJfhPjhT_FN37DvdySmL0-SXoXT9vDMRfSXucteFySaIdqeQ=mo,haftu terefe,5,1,,2025-09-10 11:14:32,,,,CBE
1a42b67f-d064-4e55-8058-29f939bc97ab,Seenaa Jijirama,https://play-lh.googleusercontent.com/a/ACg8ocKfH6XI9hQ4xmRSec2zqmcb-_D3UeR_JeDI4fimCJi1-EpAuA=mo,good,5,1,,2025-09-10 10:04:22,,,,CBE
48ebd504-d637-4d6b-b1d8-f5ac0465764e,mahm seraji,https://play-lh.googleusercontent.com/a/ACg8ocLqhQe0tYfNO9E3fyP9EYdZb34PZv7kn-mcS2m61Mymc6e_0A0=mo,cod frhe,5,1,6.0.0,2025-09-09 09:14:18,,,6.0.0,CBE
8e83861d-ec14-48cf-a40a-44efc325953d,Amanuel Dina,https://play-lh.googleusercontent.com/a-/ALV-UjXNbDUyFTPE2O7AP_lclJEwTder6MXdtraf7h11pb-j0A04bmDk,Now it's not working on my phone I don't know the reason,1,9,6.0.0,2025-09-07 18:19:20,,,6.0.0,CBE
58cc9b39-31fc-45fe-b79f-1b2402f8dcac,Miracle Abayneh,https://play-lh.googleusercontent.com/a-/ALV-UjXo8G3mKJivFa7UQEn3vWuDWqhVLO30srQ9WFJp-HNtemVpg0Xa,please update it if you can or fix bugs until now linked account is not working in this app,1,42,6.0.0,2025-09-06 01:45:18,,,6.0.0,CBE
fb3ae78e-98fb-42ac-9bde-60420be6b9d9,Seefuu Girma,https://play-lh.googleusercontent.com/a-/ALV-UjWMHzXEoB1pnuZwTckTQuo3FEJiLTJqimQfBiUlk4GIcHCU3t0,seefuu girma hayluu,5,0,6.0.0,2025-09-04 22:51:48,,,6.0.0,CBE
2c6c6a3b-2fc1-4344-8544-13054b5987cb,Hamdu Shifa,https://play-lh.googleusercontent.com/a/ACg8ocLnPxuVeZvaw4Mug42hTXA-VJLVI4mWHp2rBzSVRCINpsMFXQ=mo,job,4,0,,2025-09-04 21:01:00,,,,CBE
45ef2ea5-5760-4ad0-aca5-a4b4cf3e8d8a,Natanim Getachew,https://play-lh.googleusercontent.com/a/ACg8ocKytCvIaJAYe35pbxto2jrsD6ADEqPjnR_81NrSpQcF1bjIxg=mo,good,3,0,6.0.0,2025-09-04 08:40:29,,,6.0.0,CBE
9d05a7d7-3032-4d07-b61a-8c5270064252,Teshale Paulos,https://play-lh.googleusercontent.com/a-/ALV-UjUu17JoymNaP3GdMoGD05rP_1vc80TLVXuMHZzB9PECMDynq7M,great 👍,5,0,,2025-09-02 09:10:02,,,,CBE
2814dd56-0e87-4f26-a840-70b4ce373d31,derege,https://play-lh.googleusercontent.com/a/ACg8ocLpnIwmfcBCrMlsP75gRhVbEnOoBvjt5lADZY15dBKDyIsK9w=mo,stupid app,1,0,,2025-09-02 02:14:18,,,,CBE
99e7a17f-aedc-4790-b9e2-253a10d0a58f,Asirate Woyiye,https://play-lh.googleusercontent.com/a/ACg8ocLqrRmF48TjszdI8IZrrgdrslhiNTzFBVDtNp0CIwUQAdMnDg=mo,asi,5,0,1.0.0,2025-09-01 17:31:15,,,1.0.0,CBE
bef5c4a5-3f7f-4ce9-9c63-b375d3d0fa59,Haile Gebre,https://play-lh.googleusercontent.com/a-/ALV-UjWizIIWaVvoaEfzucqMTwrdGTbNr7CPE0PEHIPbVNAnemnxO0Kx,allways cbe yes,5,2,6.0.0,2025-09-01 17:16:14,,,6.0.0,CBE
7219fd6b-7aa6-4480-80e9-9872de9e6f8d,Junedii,https://play-lh.googleusercontent.com/a/ACg8ocLKvoUtEO4j53ckfP4sbeYehfztUHF2RreVrqClRCYBy6PcAg=mo,Ethiopia,5,0,,2025-08-30 19:52:10,,,,CBE
b4fd0df8-387f-4125-b75a-19d349f44314,lbrahim lbrahim,https://play-lh.googleusercontent.com/a/ACg8ocIEIHWErQc_eRWe7hCB19Bq9T_wsqdI0rkpprP26KF2rXNqWA=mo,sometimes it might not function as expected but it's gets the job done.,5,18,6.0.0,2025-08-29 20:51:33,,,6.0.0,CBE
e519fb09-d69f-4e53-9ee2-37548152d0bd,Hajishamshudin Abdurhaman,https://play-lh.googleusercontent.com/a-/ALV-UjVVkBJhjQarkZ5mXsh8B5C-xhOXLuQvVoXsfMa-y_UN4CE-7vo,Game 🎮,5,0,,2025-08-29 19:06:35,,,,CBE
9da5e875-1b9e-4712-a553-fb34a4a308a7,Leul,https://play-lh.googleusercontent.com/a-/ALV-UjUULJboSepFNkSkOdZDISO8RkZhj7CqSUAQz9qU9kjJ6TgTdtz2,not bad,5,0,,2025-08-28 16:02:45,,,,CBE
f97756e7-f1d0-446a-a8c3-7829f558d87e,Marifa Zeila,https://play-lh.googleusercontent.com/a/ACg8ocIAUXnN0MpiYXg-CV3DjvGsS-ClTqNfF6aYF4SOBTf3cZNThg=mo,Cbe Birr digital leader in our country,5,0,,2025-08-27 20:40:13,,,,CBE
5cae0a51-297a-415e-8048-0f11b14b8b10,Nigussie Kifle,https://play-lh.googleusercontent.com/a-/ALV-UjW74DzfO55sYXJbyGrnJgFNGwsxG30diIQ7cwhB-QZgS-7aJlAFXQ,Showing the owner's name when paying utility bills is a big change.,4,17,6.0.0,2025-08-27 08:47:11,,,6.0.0,CBE
30d80035-e8c9-44be-ada4-62e12df3a314,Kumaadii Abdalla mamad,https://play-lh.googleusercontent.com/a/ACg8ocKUqKrYv935pP72Cpwd0PgFmmGNAsva9u0Bm1fgWfGo2-HLvQ=mo,kumaadii Abdalla,5,0,1.0.0,2025-08-26 23:46:08,,,1.0.0,CBE
5a45a373-f318-42b0-a3bf-f37a5a326451,Eshetu Haile,https://play-lh.googleusercontent.com/a/ACg8ocLK2ivqcfyGIcC6lLBg22ddrK23He5ERxcvkFcoVIeh2OwerQ=mo,our proud cbe birr provide species digital financial service for government employees well done,5,4,6.0.0,2025-08-26 23:38:32,,,6.0.0,CBE
364a159c-4046-442a-9dff-5f881b2f5015,Mohammed Ahmed,https://play-lh.googleusercontent.com/a/ACg8ocKC2pdIRiOR3TX9__o1JFWW80uJEDKFU71Eq0IXcLKkk5n69FQ=mo,it is very reliable app,5,3,6.0.0,2025-08-26 22:05:56,,,6.0.0,CBE
08d12910-1d84-4488-b50a-63b5df0c9d08,Desta Tessema,https://play-lh.googleusercontent.com/a-/ALV-UjU71Bm56z4YjvObE2FEX5_NCUmZ1AvQKZxu8h0B2UqXxhCWBrVz,good,5,0,6.0.0,2025-08-26 21:26:23,,,6.0.0,CBE
242abd6e-8ba3-4037-9e0a-fa2585847f04,Hundessa Mirkena,https://play-lh.googleusercontent.com/a/ACg8ocKxM2V_Tse2jYiLMYfSU4Iy91cNRilOblqohwZtAf33-Qt35A=mo,Cbe birr app plus is great and easy to use,5,12,6.0.0,2025-08-26 20:45:59,,,6.0.0,CBE
41511038-4012-4c1f-9b8d-0321fa869b01,alemu desale,https://play-lh.googleusercontent.com/a/ACg8ocLcaFB6zCGilcir4FBisRj7Cr4TdTES0obEmNpSCEsTfwoPJio=mo,cbe birr plus is easy to use and no limitations for inactive and pending account,5,1092,6.0.0,2025-08-26 18:14:52,,,6.0.0,CBE
021cca3d-a735-4ecb-92b1-bc5cb315131b,Zerufael Dembel,https://play-lh.googleusercontent.com/a-/ALV-UjX7Iys5GvHJP3taVM8lYR13ZK8HFkMfJw5YTDvzdCYhbp2HT78,good,5,0,,2025-08-26 17:51:12,,,,CBE
a588cda1-3698-44fb-9adf-aa3babddecf8,WONDIMU PAULOS OCHE,https://play-lh.googleusercontent.com/a-/ALV-UjWWi5aqS4c332UvBYIGWHKSAbCsQVR4eTw8u4I--aXkl3K_1xNW,Good,5,0,6.0.0,2025-08-26 13:49:07,,,6.0.0,CBE
6f42a0a0-5d88-48ce-bb72-10066465e018,Simenesh Yaboneh,https://play-lh.googleusercontent.com/a/ACg8ocJ7AcGbEwhMPP3Rp4rA5uUy76If_64K5SzjGbZLaUqQNCipOg=mo,everything is fine,5,0,6.0.0,2025-08-25 20:43:29,,,6.0.0,CBE
e3df893a-095e-45da-bf85-665cd41b6990,Estefanos Tadios Geta,https://play-lh.googleusercontent.com/a/ACg8ocIFxUMG4Lsf6BA_M5AoZp3bVdJkoFf-4hXwa3nQVyc3B3Pq2w=mo,"ESTIFANOS,TADIWOS,GAT",1,0,6.0.0,2025-08-25 20:04:38,,,6.0.0,CBE
6c50d985-a05a-4112-864d-266872f5046b,Addis Kalkidan,https://play-lh.googleusercontent.com/a/ACg8ocJIq92DE8zhzgEGq4Dw50GC-_W5R-OqzBmmiQWM49lKnikNaw=mo,it take more than a week to update,1,1,,2025-08-25 19:58:37,,,,CBE
6829f857-9f5b-4ae5-b7d4-027387c8acd9,Wolellaw Kindie,https://play-lh.googleusercontent.com/a/ACg8ocLUL7OZZJlwy8ZQLnTEDWz8hM2_XihNG4MGMQMA2tLyedyCKLI=mo,why this app is not functional.,2,2,1.0.0,2025-08-25 18:47:51,,,1.0.0,CBE
edafed92-379d-4357-973f-0537d6e2540c,LIJALEM ZEWUDE,https://play-lh.googleusercontent.com/a-/ALV-UjUcNPlSGYB7P3XQAGAyvf-98NDf8fSHFSvtDAtzicJ5bnDxcV5I,Best app,5,1,6.0.0,2025-08-25 08:07:45,,,6.0.0,CBE
fb1b7274-bdcb-4a96-b96e-f37d0b21a827,Henok Gebrehiwot,https://play-lh.googleusercontent.com/a/ACg8ocK4j_pyPj1EGZSrMkuytJZQ449m5f6iHWbsd1wPFVnwiYtZ9A=mo,Its such good morethan CBE,4,0,6.0.0,2025-08-23 17:24:39,,,6.0.0,CBE
40276fb4-16b6-4e0a-928b-5ab07a9eee94,alex arget,https://play-lh.googleusercontent.com/a-/ALV-UjXNx6wedJ7xzOqkbsJldAzNIQ0fzQQcmXfu1Cs-R4WPrQekfHA,amazing Application,5,0,6.0.0,2025-08-23 15:11:38,,,6.0.0,CBE
f9213a76-ad3d-489f-af60-ada8750a649a,Mahammad Ahamad,https://play-lh.googleusercontent.com/a/ACg8ocIFDo7rPi39dRECYUW7_TF0TpuMMBb1W3eeTNew0KUiNGyLmQ=mo,5 star,5,0,6.0.0,2025-08-23 01:21:42,,,6.0.0,CBE
eda1ef0f-f6aa-4634-94c4-a85e18d734aa,Dagne dejen Erko,https://play-lh.googleusercontent.com/a/ACg8ocLgHBZE2dGagrPGEo5ZtJfrpGK6yJjacQyiXLN_lESZDvgSSg=mo,really ethiopia commercial bank,5,1,6.0.0,2025-08-22 14:58:11,,,6.0.0,CBE
a07115d2-d589-4de6-965b-0d8dbdeee4da,Mesay Million tesifaye,https://play-lh.googleusercontent.com/a-/ALV-UjVto1RblSylAKPjbcPRJAPOTPS6KRpLsWVqf0yb3F6s7B3g4KoI,wow i like amesing,5,0,1.0.0,2025-08-22 12:15:30,,,1.0.0,CBE
41244d06-d6c5-497f-bf16-b4ca0f4e29f9,ahmed mamednur,https://play-lh.googleusercontent.com/a-/ALV-UjW8pv6xMgm1wCZ7wmd_YzKLtXtAsZlU9GWnAz6FtlUIv8dpyYg,Best,5,0,6.0.0,2025-08-20 01:28:26,,,6.0.0,CBE
d132aa45-0751-4121-8943-7974537d7e1e,Ebroo Ibrahima,https://play-lh.googleusercontent.com/a-/ALV-UjUX0qI8eEdLVYb8kTmPiABoF2NpwZbPkiObR5LF5-5X6LgvLV0j,nice,5,0,6.0.0,2025-08-19 09:00:58,,,6.0.0,CBE
335f80bd-9610-4ad7-9aee-19d0a3aa86f0,Gada Zelalem,https://play-lh.googleusercontent.com/a/ACg8ocLjcGVyUa-jCQcpT1C0BCzJXSF8CedCEWy6aILyXqfv4NzrJA=mo,Good,3,0,1.0.0,2025-08-18 16:13:27,,,1.0.0,CBE
0abc4400-a36a-4ad1-b268-d9367007a873,melese tsegaye,https://play-lh.googleusercontent.com/a/ACg8ocIOuNuwnxZxLDW7qjhWN3LVJRj4HTU41HIj_gbCk3tYo3AfiQ=mo,very good apple,4,0,,2025-08-17 16:39:14,,,,CBE
dff50898-3a22-484d-a273-4a6ed3e33ff8,T D,https://play-lh.googleusercontent.com/a/ACg8ocKqT84MUGSSH1NFeIvHLLK4rlpsZdtNXVScvvMEloH8Kq_HmA=mo,not bad really help full but it take time to transfer money,1,19,,2025-08-11 11:50:57,,,,CBE
66786b66-bb47-4ca4-947c-1d762d544d4e,Abdi Salih,https://play-lh.googleusercontent.com/a/ACg8ocIbFGEMlO7SorcOSy79a_5ot6CNymcieoJqmGVpurPS1vlazg=mo,Best of the best app,5,1,6.0.0,2025-08-05 05:28:30,,,6.0.0,CBE
66f179bf-ee8e-412a-b0b3-803c47a3cdb4,qabdalla qali,https://play-lh.googleusercontent.com/a-/ALV-UjV9Rw0Lqoa3mebXObiDv89vrES8aj3FtZcWbmEH5-Hmev1mHau7,the best,5,0,6.0.0,2025-08-04 16:51:27,,,6.0.0,CBE
b41ed299-95be-42ad-a50f-2d84355dcd79,Desalegn Bezuneh,https://play-lh.googleusercontent.com/a-/ALV-UjUD-Wk2axSsQso1ALGQy3buzx4PhbTVB1OB-YsUeLpxII7y2moP,Very nice app,5,1,6.0.0,2025-08-03 21:07:43,,,6.0.0,CBE
d9d72041-e1fd-4b33-9408-dba26d43a2a5,FIKREMARIAM WUBSHET,https://play-lh.googleusercontent.com/a/ACg8ocKcfLXbyYP6EAqbc0gzB1Fo9qz03LvCdzjIBzuZZtIi-QGM_Q=mo,good application,4,0,6.0.0,2025-08-03 18:43:18,,,6.0.0,CBE
a2a34b75-6f2e-4b62-be32-a81f3cb3bda2,Anteneh Tsegaye,https://play-lh.googleusercontent.com/a-/ALV-UjUAlM8e89jPpfjC0w4EmvQW77FzFEs_3vIqZ4VIt_jKzq0dUAU,good,5,0,6.0.0,2025-08-03 13:31:21,,,6.0.0,CBE
f8f3162e-e05d-4445-9d00-6b2911cb86fe,Layila Kedir,https://play-lh.googleusercontent.com/a/ACg8ocLMU7ylhbS44eceStTRQxAhk54DRVmmP5JYLnR0WDpHbKhh3A=mo,it's good,5,0,,2025-08-02 11:47:53,,,,CBE
81c079a3-137f-4665-bda9-34522cc7ad34,tesfaye abera (Abera tesfahun),https://play-lh.googleusercontent.com/a-/ALV-UjVJwknMlRm4Nqwyiu_DxRVzRQHBBrXFbOOKc9HLqDUspR9iPbDP,its very Good app,5,1,6.0.0,2025-08-01 01:47:38,,,6.0.0,CBE
1687c617-7bd3-4ace-964f-8bb3692a57c6,Heyru Jemal,https://play-lh.googleusercontent.com/a/ACg8ocIS2EIy_pR_c1rZjSAJ35xjRInOXmgokSt9D4S_ugH3jzHXlQ=mo,best best,5,0,6.0.0,2025-07-31 19:57:39,,,6.0.0,CBE
7efe7f57-d278-4b82-8d5d-9e44b825b25a,Bisrat Yibeyen,https://play-lh.googleusercontent.com/a/ACg8ocKRX_6GbHFrT7nOMqeh_sjKUpsdGAbk5FsBuWF-C10NJ1t3kg=mo,እባካችሁ አፕሊኬሽኑ ጥሩ ሆኖ ሳለ 1) transaction run ለማድረግ በጣም ብዙ ጊዜ ነው የሚወስደው (due to crowded connection) 2) link የተደረገውን አካውንት በአፑ ለመክፈት የማይሆን ነው። በጣም ነው የሚዘገየው። እባካችሁ በተቻላችሁ መጠን እነዚህን አስተካክሉ ሌላው በጣም ጥሩ ነው።,4,2,6.0.0,2025-07-31 17:25:22,,,6.0.0,CBE
36cc69e9-90d5-4e3b-9c75-b4947cb57c04,mamush matiwos,https://play-lh.googleusercontent.com/a/ACg8ocLHViQy_L7SNWBnZXUc3QiaAuVThm3Ey6uRbUIAafzXnYEcmg=mo,😔,1,0,6.0.0,2025-07-31 12:59:05,,,6.0.0,CBE
1c681f75-53c8-466e-8426-7c1eb80dbf8f,Awwal Sharifi,https://play-lh.googleusercontent.com/a/ACg8ocKa7vXLzIbIPLXgqrTeX-AqGB_SAVGLKFKrHNVS11LPtDv2NA=mo,ok yes,5,0,,2025-07-30 15:08:24,,,,CBE
2e73c23d-6fa4-413a-b1f2-261eaa9c33be,حسين حسن,https://play-lh.googleusercontent.com/a-/ALV-UjW-cLbotuxICf1bzbDpfgmcMWwi7gHfGezYEe4oOFR4gHK78Kc,baay'ee baay'ee gadhee dha bankingiin cbebirr maalif yoo jettan 1ffaa dadhabaadha dafe hin dabrsu ariifanna hin qabu,1,0,,2025-07-30 13:56:04,,,,CBE
94451341-1df1-4ebe-8a3e-8437cd4239c7,Desalegn Gelan,https://play-lh.googleusercontent.com/a/ACg8ocK8zjFkKUNF20ZCBG-S0uqyyoN-42_xnf7Vuwf6iytD1adh6Q=mo,GREAT,5,0,,2025-07-30 12:30:53,,,,CBE
8ee54d98-923e-4063-be4d-8fb54e4d93df,Sunduk Husen,https://play-lh.googleusercontent.com/a/ACg8ocKkCIpg2DjUNi1DBNYxdU77oqXxGWEIH1GU6I_8rIremxNg6iU=mo,good application,5,0,,2025-07-30 01:49:23,,,,CBE
0dfffc62-5f3a-4cb2-91c8-174aea8a88e7,seya zed,https://play-lh.googleusercontent.com/a-/ALV-UjXGCD8lDMHtCTLBP-y_MTUNpG5Gc2Qb9fMAOVaJ0vo5Z3gvjWfK,very good,5,0,,2025-07-28 22:30:24,,,,CBE
22783aea-c91d-4d9c-b705-a489c59bf893,Mubarak Seid,https://play-lh.googleusercontent.com/a/ACg8ocJ1sC2a8n_yygb8D03k1M0eNcrRFvNSR3NVgHpPQ8LrvW97hQ=mo,i like it,5,0,6.0.0,2025-07-27 23:08:55,,,6.0.0,CBE
58a93b7f-d13e-4b00-91b0-0211fb4e7a21,Mohamed Abdi Omar,https://play-lh.googleusercontent.com/a-/ALV-UjXezwm_muoLVjFIxNKqoDwGKiFtM_9uu4V3q0Ap3yDY-PA-3Q,SUBSCRIBE,5,0,,2025-07-26 19:35:02,,,,CBE
211a399e-e88a-4d8f-8e8d-1c36abf40691,Wendwesen Geze,https://play-lh.googleusercontent.com/a/ACg8ocK5tSzNRe9ww8RlvsLjfX8dOZaAvOFABikJOHjGsUKOh1mubA=mo,✅ By far the best finance app I’ve come across. I strongly recommend...,5,3,4.31,2025-07-25 19:09:29,,,4.31,CBE
26cdc2c9-1d7f-4988-8631-76357a1a606b,mubarek detemo,https://play-lh.googleusercontent.com/a-/ALV-UjXhNRMjQeywR4ka0mZUYpuBL3cYyB_g6zozxfHtPb1_RPt38e0d,good,5,0,,2025-07-24 20:28:20,,,,CBE
a448be97-e841-4780-a712-fbde0f9237db,Maxamed Xasan,https://play-lh.googleusercontent.com/a-/ALV-UjUwyLyWuDqE86VjbAkgUe4FCOTSzGnr21x-NQA5QOrmBvad3seB,good,5,0,,2025-07-22 04:28:26,,,,CBE
b82bf111-ad3c-4a52-9497-5f45a1229a5c,Yordi Niguss,https://play-lh.googleusercontent.com/a-/ALV-UjVIeD8UF2DVNja3S6GXpygKhSDuSSQPpyprSjR9j6lu6ZF9w6Q,we need CBE-Birr Agent App,5,0,6.0.0,2025-07-21 20:26:44,,,6.0.0,CBE
fd64b7c8-cba4-4845-8a6e-69b6a93f9284,Aziza bint mebrahtu Azuu,https://play-lh.googleusercontent.com/a/ACg8ocLpwt6Sz6hNKL1eUWmQwsUI2dk6XYBhiT62iUcXLw1n7uC5uw=mo,this apo is good,5,0,6.0.0,2025-07-20 20:48:42,,,6.0.0,CBE
9da72ed2-a8e9-457a-a778-11f1af0839ea,Ashenafi Werku,https://play-lh.googleusercontent.com/a/ACg8ocJGVaq0n3EmVvDftQnjuQyJmxRm1PcBcPRCZx83_8uenLz1=mo,Good,5,0,,2025-07-20 18:58:21,,,,CBE
60bf079c-755f-4a36-9afb-296ff2a4e54c,Tesfaye Melaku,https://play-lh.googleusercontent.com/a/ACg8ocJyG2uYfWPndNkPMWOMntQ2q3dmi63-5NNnpmeM6S6gIVDy5w=mo,Best app for digital banking.,5,1,,2025-07-20 17:33:19,,,,CBE
abd4d616-240b-4a9b-b52d-897b4760181b,Fish Asrat,https://play-lh.googleusercontent.com/a/ACg8ocJX86UIU5VrkKkD6Xx8Um3NWmtYg39qx-FqKmVPrUX_32zMFw=mo,excited,5,0,6.0.0,2025-07-20 17:14:01,,,6.0.0,CBE
27278c34-fe33-4354-9d08-f959dbb348ef,hayredin Jemal,https://play-lh.googleusercontent.com/a-/ALV-UjWUveJupYnpdNWc6-hRx-douh5tTtUUOT4tNGsvbmPCaeybpFg6,good,5,0,6.0.0,2025-07-20 12:17:17,,,6.0.0,CBE
21bb758b-e0be-4530-bd86-2108c62ccebc,Abdi Adam,https://play-lh.googleusercontent.com/a/ACg8ocLClV46-6is6BXd2DUgxjpFKzs9kteH_VewtxqPHJ82rGnyNQ=mo,best,5,0,6.0.0,2025-07-19 17:36:30,,,6.0.0,CBE
44ec7312-610c-4e8f-9a42-31c1b9406d57,Zerihun Demere,https://play-lh.googleusercontent.com/a/ACg8ocLTwqMyiLULUHc_4fzTqA2WuE6KSQq5ik6-GSLr2lzra9QuoQ=mo,best simple and fast app,5,1,,2025-07-18 17:58:14,,,,CBE
67f9e370-a9f8-47dc-af0b-709a59ab7bbe,Gutu Alemu,https://play-lh.googleusercontent.com/a/ACg8ocKRDsMerTmLltznngn2P5cnDZykO4uPQ_0mniW18B3sV9-9jA=mo,Good,4,0,,2025-07-18 10:09:55,,,,CBE
9b5f14cc-7bf4-4ffd-9877-8a65fa961eee,Sabona Abdela,https://play-lh.googleusercontent.com/a/ACg8ocKd5JtKHLj8SIJUlZFGO0sEFBwnGbXd_wVeOJheSpJketoW_Q=mo,best aap,5,0,6.0.0,2025-07-17 21:14:49,,,6.0.0,CBE
5663fa86-0119-4574-9be3-0dd34193f426,Haylie Adugna (Adminstrator),https://play-lh.googleusercontent.com/a-/ALV-UjUohypwd05ITRDbOMr__RhcrMB2j0bnYqoDsvQNTH_FYI5rWGiY,Not user friendly,1,3,6.0.0,2025-07-16 19:23:07,,,6.0.0,CBE
2ac1d223-4063-466c-93e6-c149d9efa2d0,Zinabu Shimelis,https://play-lh.googleusercontent.com/a/ACg8ocKSglkGcbjME9gyKPbLjW1JvmTrqobZbkIhoS7xyk-rS5KDUA=mo,very nice and good app,5,1,6.0.0,2025-07-15 23:09:01,,,6.0.0,CBE
9c24d46a-db9a-4439-b3cb-821216d815dd,Tadele Yasin,https://play-lh.googleusercontent.com/a-/ALV-UjWfzSd40qDpYXth4ItgF6TaBC6sWxT6DJfNjdA0LiXKUnQPiCe9,Nice,5,0,,2025-07-14 17:21:28,,,,CBE
c2459c86-5b9a-4736-aed8-864f484ce234,Endale Talema,https://play-lh.googleusercontent.com/a-/ALV-UjVkKg0qxQBDnf-poX-KSUI7SrcjGKzVlEERAcXffQSqE4v8gus9,አመሰግናለሁ በታላቅነት ቀጥሉ,5,1,6.0.0,2025-07-13 00:04:51,,,6.0.0,CBE
4afa47e2-1619-4ef6-8cfd-f96a60f880c4,iskey killer,https://play-lh.googleusercontent.com/a-/ALV-UjVARhzxyuEzKJyAu3gEFvfzs0quC0cmcmMieZYcOif4-J8Ofd0,wow,5,0,6.0.0,2025-07-10 17:10:23,,,6.0.0,CBE
84ea3f96-6e1d-4eae-9c82-8add2eaa9aeb,Cadnaan Suhayr,https://play-lh.googleusercontent.com/a/ACg8ocILkXxC_FORl2ugNb76oa0uc4_6JinT-7_qWucsypbvdrq-7A=mo,good,5,0,6.0.0,2025-07-09 23:07:22,,,6.0.0,CBE
7886e315-0a81-41b3-9d1a-2c3e907c96a6,Amogne Tsega,https://play-lh.googleusercontent.com/a-/ALV-UjXYKq5MyL-hzQZi_CxoZipN1XfjOiMpDRo1O3pzwzYwiQzKlzN-,best and good security,5,2,6.0.0,2025-07-09 20:41:48,,,6.0.0,CBE
fc3c28d5-20a3-43d5-a18f-05b275809770,Yonas Dagne,https://play-lh.googleusercontent.com/a/ACg8ocKVFkVCy_i71N_MGRoBDOlTPHKkT5PKsxeeT4VZ7PZKzR_TLA=mo,i think its wrong promoted cbe birr,3,2,6.0.0,2025-07-09 12:03:04,,,6.0.0,CBE
4b272549-2962-4f16-9d49-8f0796b3c98a,Demissew Shibabaw,https://play-lh.googleusercontent.com/a/ACg8ocJstvK0M6qToaJDqIJWvqeY3NY4rA1uR1aI2gtarrEihbh4mA=mo,i have one question .why don't functional at the moment ?,5,0,,2025-07-09 06:26:32,,,,CBE
e1ab6974-105d-48f6-9a79-6ebd9eaf114e,Biniyam Mesele,https://play-lh.googleusercontent.com/a/ACg8ocKiZw2zHa5p0DAVUj7taWQwJCxY3mVe0jji6zABB2vGHOJBZA=mo,happy,1,0,6.0.0,2025-07-08 04:33:38,,,6.0.0,CBE
6fe32bfe-e29f-4294-a7b8-85f17d367d7a,habtamu Asrta,https://play-lh.googleusercontent.com/a-/ALV-UjX27m3tt0gsXdKIAVkpjBNyEUcoKv0DPreHaApao2zMpR_YIdF5,best,5,0,,2025-07-07 16:28:11,,,,CBE
e2357339-b40c-4b87-baf3-8bbfee19fd3b,desalegn lema,https://play-lh.googleusercontent.com/a/ACg8ocLXQkcFitF6DWiPiWuw4hoMyQLUyMTxwsu0RQOW1iwvfID_FA=mo,ok,5,1,6.0.0,2025-07-07 11:05:04,,,6.0.0,CBE
1ff630da-d437-4498-98b2-ab67bac5f6e7,muktar mohamed,https://play-lh.googleusercontent.com/a-/ALV-UjVaERdWX0dnZPrQbi1diJvX9MwpwP_89yvx4k_rSNdOJzMNgDOK_Q,good,5,0,6.0.0,2025-07-06 20:31:27,,,6.0.0,CBE
436709fa-44c6-4dde-8e3f-36bbc9e5b476,Teddy Teddy,https://play-lh.googleusercontent.com/a-/ALV-UjU9WFmXOMO_HcfKLAhFMpOKKZi7tBIR_R17g1fw-0xQ4kRHeIzu,everything is there enjoy it.,5,3,6.0.0,2025-07-06 20:11:34,,,6.0.0,CBE
947ab165-51bb-4b9c-be06-3f46e69dab21,Asrat Fenta,https://play-lh.googleusercontent.com/a-/ALV-UjXKizsfMLPIPnxcnELGY1_rBk1Bl9N2tPajM7Ze-JklgW9w6oBU,impressing,5,0,,2025-07-05 08:05:33,,,,CBE
aff43f9d-c205-49fa-b1ab-d8706f0baf54,FIKIRTE GETANEH,https://play-lh.googleusercontent.com/a/ACg8ocK3unFF6kn7ylTfLCluawU49mMrVLi2S6503BkWg6k3v9GTSA=mo,easy to use. i love the cardless alternative way of withdrawing money.,5,8,,2025-07-04 20:46:36,,,,CBE
f023379d-3c14-4132-acd9-7cba777e35d6,Nuradin Ibeahim,https://play-lh.googleusercontent.com/a/ACg8ocLfESYF8XIx9x0e6A2rR9De904ZPNGS7lGVhHOV4udPstr6vA=mo,all the best,5,0,,2025-07-03 22:12:47,,,,CBE
b7fb0c3a-5077-42f8-b68c-df9ef4e94701,Dereje Yeshitila,https://play-lh.googleusercontent.com/a-/ALV-UjV8yGAldmFE7SINg1whEejVbD5PDw4PVgCQYAX1Kx_wnbECsDEW,it is just a marvelous app,5,0,,2025-07-03 20:09:00,,,,CBE
0b746af1-f907-4656-bcc0-0521fc8493ca,Mahadererigetu Mahadererigetu,https://play-lh.googleusercontent.com/a/ACg8ocLz08XEVXzycGckcCbw4Hn3mNIwSuIJ5kKEO-ckbJ-SeH4CZw=mo,very nice 👍,4,0,,2025-07-02 15:10:10,,,,CBE
c835758a-511c-46f5-951a-c81160386c8a,Kira Teshe,https://play-lh.googleusercontent.com/a/ACg8ocILX9nYwrnydqfkhOgcQVNiaFwJKtj58h6tF1srrh5TSDmliw=mo,it doesn't work most of the time.,1,1,,2025-07-02 09:27:34,,,,CBE
29f45d97-c8c0-475d-8ca5-307132b3bd1b,Mt Solomon,https://play-lh.googleusercontent.com/a/ACg8ocIeUoQkkyimL3ieXQStzSruyY6gs6Zvcmpz947FlrGjBU8r7A=mo,waw,5,0,,2025-07-02 00:16:20,,,,CBE
1ca5760a-f980-4adb-bb25-dc7bd2037d4a,Biruh Aimero,https://play-lh.googleusercontent.com/a/ACg8ocKc5VZErGB1lO1D8mld_43OezjjqvnCOyRDWXeguwqsMAUXQw=mo,Best bank,5,0,6.0.0,2025-07-01 15:26:28,,,6.0.0,CBE
ccd85c10-5ed4-4e88-86b2-3c980fe20ea4,Amanuel Debesaie,https://play-lh.googleusercontent.com/a-/ALV-UjUg-5cHzxrSrh20jrc_m-_034fZt0irg6eCSpafpyYqvn5HCktt,its bad bad it wont let me pay for anything no bills not even the parking fee their dail up service doesnt even work im racking up parking fees because cant even pay please fix it,1,44,6.0.0,2025-07-01 12:15:26,,,6.0.0,CBE
151a02d5-c1fd-4e89-af96-391c4bf54774,Arefat Usman,https://play-lh.googleusercontent.com/a-/ALV-UjWdIFtzaRVEIkajHCThbMUfBL1hUHqwNkscBmB8EnuHxPRus-s,good,5,0,6.0.0,2025-07-01 12:03:37,,,6.0.0,CBE
eebb6bb0-2974-451a-a811-7dc1a70ecf5a,Amiha Amde,https://play-lh.googleusercontent.com/a-/ALV-UjU6gh46isCsPjgQnaC3YoEXn7cWfo4NuyDg9Y7JZ6ts70hlDXvU,I use over 6 year,5,0,,2025-06-30 21:19:23,,,,CBE
a715abeb-e169-4a2e-bab8-cc9f9329382c,Ahmed Reshid,https://play-lh.googleusercontent.com/a-/ALV-UjUIrfAirJ469vp9IcdHIRY8iKPqWIjTf99Cm8UK2kUggTkAMBoj,good,5,0,6.0.0,2025-06-30 21:18:30,,,6.0.0,CBE
4ec57673-dda9-49aa-96b0-065d0f104261,Erko Regasa,https://play-lh.googleusercontent.com/a/ACg8ocJk94NWFNhN-OzdIyJh7aaum8pICQP1_fUNusm9u4LSPPSoUQ=mo,good,5,0,,2025-06-29 17:41:30,,,,CBE
36ed12bf-45dd-4a84-a01d-3f894fb8cd67,zersh magna,https://play-lh.googleusercontent.com/a/ACg8ocLNjJW8jIAco2N-BBYkxDZliY7rNTE_dipyFNtHAdkGOZj4nw=mo,East app,4,0,6.0.0,2025-06-27 20:36:44,,,6.0.0,CBE
213ed789-cfeb-440b-bc95-e46e316864c7,Alemu Megerssa,https://play-lh.googleusercontent.com/a/ACg8ocLs9KUgXbKDtZWQJKAV52JVOfawc-hD6ra9BXxprseMj8l7dw=mo,❤️🫂,5,0,1.0.0,2025-06-26 10:49:16,,,1.0.0,CBE
aab9b607-a575-4549-9e46-5e00bfeff947,Sam A03s,https://play-lh.googleusercontent.com/a/ACg8ocL1m5hAX9dfZpMnMbM3KKiJEgEOkW6WtM9m-YEmXitr3zJnhQ=mo,besteofthe beste,5,0,,2025-06-25 15:51:25,,,,CBE
4acbc7a1-14b2-45aa-a56d-e3ce39dec407,ALI Mahammed ALI,https://play-lh.googleusercontent.com/a-/ALV-UjWYMAfJXUXPDSv7qq6Wm1PB6GM68mkiK59zYVaDduOaNU4DXrBS,pest of Pest cbe birr,5,0,6.0.0,2025-06-23 15:48:13,,,6.0.0,CBE
afd4464b-e914-4895-95a9-41f8636a8c8a,Eshete Girma Jemaneh,https://play-lh.googleusercontent.com/a-/ALV-UjVMNFHVAXue-zd5zowD49ZTU8QpAm2wjR52lrZCsWQ-_5jj8X8K,good,5,0,4.32,2025-06-21 09:52:43,,,4.32,CBE
8856cb61-7d88-4807-87d0-ef26f0ad1e5f,Dawudhamed,https://play-lh.googleusercontent.com/a-/ALV-UjUt9FJZnnAnQMe718Ay5dSKf9I7xtabOYwGs9ewHQ8qOHk4TIQ,good app,5,0,,2025-06-19 17:08:14,,,,CBE
e1a13662-6583-452e-bdfb-5a1611cabc20,Foyat Haile,https://play-lh.googleusercontent.com/a-/ALV-UjXmdSpcGj_H7vC-T1bF_Tft1rBAQkxRwNwTYjFUOvogB_T_ZhOC,very nice,5,0,6.0.0,2025-06-18 23:17:58,,,6.0.0,CBE
9077f8ba-95c4-422d-ac2f-f192c874bc0a,Abdurahamn Taha,https://play-lh.googleusercontent.com/a/ACg8ocKDDHBJzcNTxPVqkD1Y6Eh7QBxZMZQXJ9L_TM8_SaJFVC3_v2Q=mo,great app,5,0,6.0.0,2025-06-18 18:41:56,,,6.0.0,CBE
a7ed3c9a-5923-42e3-a6e0-6199acbaf97d,Tigist Nigussu,https://play-lh.googleusercontent.com/a/ACg8ocJmddTmm9-NpLXE3DFNKjW66E18PcKG3n9djvtNa0GhLHm3Pg=mo,very simple easy fast,5,10,6.0.0,2025-06-18 13:45:40,,,6.0.0,CBE
01d4e6cd-b0a0-401d-a351-a5046a7de38d,Kibru Samuel,https://play-lh.googleusercontent.com/a/ACg8ocImFayjgh0cBwzDrt2HN0cRceQ62QwHRyBvxBYD9EJJOVXQ8w=mo,cbe birr app is super in Ethiopian no one reach mobile money for future this ap will control east African.,5,2,6.0.0,2025-06-18 07:24:14,,,6.0.0,CBE
20c36b72-cd79-4140-8ed0-4637733e955b,Emawaysh Molla,https://play-lh.googleusercontent.com/a/ACg8ocINEP5o2ymtZ0y21OcZ11cWTeERfPuoGEG9Rp71B-sAW7kHwg=mo,perfect,5,0,,2025-06-17 20:14:41,,,,CBE
5de937aa-a4ba-4d5a-9c06-b6f731899cf3,Biniyam Daniel,https://play-lh.googleusercontent.com/a/ACg8ocLUFOz6rrAFAq-lFihDM5Ch1ZBRkPk5hd_LMVHbeF2yp2cG=mo,it's good for me,5,0,6.0.0,2025-06-17 15:02:19,,,6.0.0,CBE
e070bde9-0cdb-4af9-8ebc-14858cdb0434,Wubshet Tsegaye,https://play-lh.googleusercontent.com/a-/ALV-UjVAnnUFLdLo3TJOP974lsKyx3ac6Ul45Uzq-hhUOmg5hw8nO6Q,በጣም ደስ የሚል መተግበሪያ ነው,5,0,,2025-06-17 14:49:20,,,,CBE
b01beabf-52d6-4786-8083-43b7b9da1ff1,zemicheal tamene,https://play-lh.googleusercontent.com/a-/ALV-UjUSAAw2daMCEviKD5hLxKVhD-ceBOHv2QMxxXFy7uIy77Bl_fBU,the application is progreesively improving and becoming the most complete,5,3,,2025-06-17 13:13:09,,,,CBE
540aeba5-536e-4818-a22f-d5d8f3c80dbe,Nebiyu Ermyas,https://play-lh.googleusercontent.com/a/ACg8ocIwxZchvGubU4SoVKsXfdfVWegSGSMkbmVc6QElNupIujdE=mo,Difficult Login and Glitches,2,7,6.0.0,2025-06-17 11:49:32,,,6.0.0,CBE
b1b4915a-c16a-4d26-b11b-9b0a69ed6281,Alex Alexis,https://play-lh.googleusercontent.com/a/ACg8ocIJesJzcbdMWj4I6Za2H-aR2mVrT9vafEfZNqklIArugWppWA=mo,good,2,0,6.0.0,2025-06-17 00:46:06,,,6.0.0,CBE
bdc489d4-2a05-4af9-9664-78d88528fe1e,Tilahun Getaneh,https://play-lh.googleusercontent.com/a-/ALV-UjWhlTm3iVtrcnBYzlIklvjr7xsGVJkcenOJfUHp_YqDnNtaOEA,I TNX for that you are introducing this app. Further I might familiar how to use it and can ask your's help.,3,3,1.0.0,2025-06-16 14:51:55,,,1.0.0,CBE
32104475-d318-4951-a908-79977ddf9958,JSSU AMEN,https://play-lh.googleusercontent.com/a/ACg8ocKW9Vhx5NUJdRbs0zqT5azQfA585RELEXb_IBhvlfMjJApZkg=mo,Nothing working 5 🌟 back to 1 🌟. even it doesn't open.,1,25,6.0.0,2025-06-16 09:42:03,,,6.0.0,CBE
1e6f3759-0b6b-40bc-af24-e38d2c735728,Eyob Maru,https://play-lh.googleusercontent.com/a-/ALV-UjWoHRcfEQXHLE_Zt4DU4POL4vqeazsk3UW4eyHIvhw9WYWKKwCh,great app the only issue I found is when the customer name is too long it displays the last name of the customer which is confusing and transfer to telebirr should be included,4,157,6.0.0,2025-06-15 23:33:43,,,6.0.0,CBE
ea3cc2a2-083f-4796-9d3a-2c18e55d954c,Rastem Obama,https://play-lh.googleusercontent.com/a-/ALV-UjU8_qBb8n_5SE-pcFsPWTRUckCWNVu2ZdPiWzZol5D8LsDEoRmH,good,4,0,,2025-06-14 20:40:59,,,,CBE
9d945cdf-3a3b-42f1-a975-d28c8621f3ad,Keno Lyrical music,https://play-lh.googleusercontent.com/a-/ALV-UjXUjXIBa4BqXPQxsWr5XHPt8xR0NEy5pumUVRQJaFMLsbUdITw,it doesn't work,1,0,,2025-06-14 15:16:41,,,,CBE
6d8adc90-6214-47ca-9e40-347a3f337b01,Lomi Tube,https://play-lh.googleusercontent.com/a-/ALV-UjWDcLFoV_Ps42fOK2yZw4FSXypHEvMx3sWh5rIFYDm7RfuBIII,Thanks Plus one,5,0,,2025-06-14 13:32:28,,,,CBE
1548787a-70cd-40c7-937f-2df0b747406b,Hawa 23 John,https://play-lh.googleusercontent.com/a-/ALV-UjVNLaFjO2ginw85nNJHwhvrW9OVPJtsvi-c91aXZQceLpA3Syc,"It's a bad app, it doesn't work properly.",1,20,6.0.0,2025-06-14 06:00:20,,,6.0.0,CBE
cbfd99c8-b37a-4de4-b888-06913815bd8f,brikty tekalign,https://play-lh.googleusercontent.com/a-/ALV-UjXF6-njfM615B1p8NzUXlyTjjPSldMQG4eA7_MZ5WSPzot8cv4,For work,5,0,6.0.0,2025-06-14 01:54:09,,,6.0.0,CBE
5a2944a6-8172-4a8b-89dd-d0d617b26894,Fikru,https://play-lh.googleusercontent.com/a/ACg8ocIrtbcc17sZJIMaWJfuYb1GbuqZiwrMXHYKgUQUonzEfgsVlw=mo,"Sorry, the pre-validation request is Pre-Validation. The reason is Pre-Validation confirmation is Timeout.",5,2,,2025-06-13 23:44:28,,,,CBE
dea6e8fa-82f4-4966-b9dd-a66c3a3c9aae,Kalid Arife,https://play-lh.googleusercontent.com/a-/ALV-UjUuLVkdkueeCK8kZVv--9KqlAsjyPIN7HNmrTqq7Ij9hXRCWlg,arife love 💘 speed App,5,0,,2025-06-13 19:01:14,,,,CBE
813cd8f2-3699-4bee-8d4a-39025a44de8a,Hayu Hd,https://play-lh.googleusercontent.com/a-/ALV-UjUYKI5fauzFCXQMNGzcMLLDi3Jo5Ih73dby4cJ0izaBnRVaM60,fantastic,5,0,1.0.0,2025-06-13 02:19:14,,,1.0.0,CBE
0270f375-bde2-417f-8714-576a5d68306e,Kalkidan Markos,https://play-lh.googleusercontent.com/a-/ALV-UjXhLxXIBvp0Inq5kiD_B3N6SBP1ZunkiM8zK89M1Qel60OHi2x9,good,5,0,1.0.0,2025-06-13 01:57:48,,,1.0.0,CBE
2b44ea50-f3fb-42ef-94ea-00ece91c3e3e,Husni Dh,https://play-lh.googleusercontent.com/a/ACg8ocJtypkvIBdFYbe6ku2ifwFbQUsKqi97QQwqaJGk7L2IHNrvzQ=mo,It is fast and advanced app. for all related business processing,5,50,6.0.0,2025-06-13 00:08:58,,,6.0.0,CBE
2e0a1179-d6ed-4844-81aa-ba3c5d708630,Mulatu Wakgari,https://play-lh.googleusercontent.com/a/ACg8ocI4dRD7wP4IESM4EdNu-5MSQ0Ai4QtSvamHaVc3_9c1-VJubg=mo,Ok,5,0,,2025-06-12 09:34:35,,,,CBE
55e00a11-4115-4308-a9c4-d7bf96cd5185,Thomas Tesfa,https://play-lh.googleusercontent.com/a/ACg8ocJsnLCu8u4n9oe9bFEAqAchXjxlR91rNnYHwDFC5EBzwFYx2w=mo,best of our bank product,5,0,,2025-06-11 10:03:05,,,,CBE
5b3db77d-d0e5-4eb2-b942-1de6b790f2d3,gemechis alemayehu,https://play-lh.googleusercontent.com/a/ACg8ocK44HtqgkiFrk77VHclqO_XdDb6s78O8DTrc9sLCI5Jdzp3bA=mo,nice,5,0,1.0.0,2025-06-08 17:56:23,,,1.0.0,CBE
6765b6c1-c4ac-401c-9c25-7033f1108ef9,Moibon God,https://play-lh.googleusercontent.com/a/ACg8ocIw7-OvcTVDv5NU8PBlIybfr_Tfquc2XnonVXIQj8nviH7GAw=mo,so good,5,1,6.0.0,2025-06-08 16:59:10,,,6.0.0,CBE
b4aad86b-be5c-4b01-86ea-44b419c95f33,nadi ahmed,https://play-lh.googleusercontent.com/a/ACg8ocKYqd983YXlvXxp9vJyVSN3dtD5QVdLhNnC2QT02y6GvVMwfQ=mo,top,5,0,1.0.0,2025-06-08 10:44:46,,,1.0.0,CBE
efb241d0-76ce-480b-a3a1-bc57b475e750,Hamdan,https://play-lh.googleusercontent.com/a-/ALV-UjXCzZWE-qLa3yj3APX4zzaV6zdWIHDDeosStUBQZJgUXxzw9AM,ምርጥ አፕ🫡,5,0,6.0.0,2025-06-08 07:28:36,,,6.0.0,CBE
e5efaf90-f8a4-4aa7-a472-4e064196cfc2,Yikeber,https://play-lh.googleusercontent.com/a-/ALV-UjWh5iVRd7LBSwthxdDWtF886uk4p5c-3QuAnfbMdLh6kSvwu2K7,i hate cbe at all,1,0,,2025-06-07 21:01:06,,,,CBE
eca518b5-648f-4016-9758-e9af1b273868,Sitota Gudina,https://play-lh.googleusercontent.com/a-/ALV-UjW7FAIOM1Alwzt2gry_iayp54Rb4VrnQPfpf37HJfwEVS0brfg,Best app I have ever seen.,5,0,,2025-06-07 19:43:38,,,,CBE
8de4ca8c-a95d-4dd3-b054-3b786246c26e,Babie Kbman,https://play-lh.googleusercontent.com/a/ACg8ocKf3X0ihyrHRP3_-0ccCe3AD7as2iOPaRQwdcSahKpEf7shnA=mo,god,5,0,6.0.0,2025-06-07 18:18:22,,,6.0.0,CBE
a80df13f-7d68-46e7-bdec-ca1af9e1a316,Bereket Blessing,https://play-lh.googleusercontent.com/a-/ALV-UjUnA4VWDkpcHGMlP50_Kgbt9mvCyxRRdJJ7MHokcGHHTe0X87AT,it's a cool app.. but this last version is not working check it out.,5,25,6.0.0,2025-06-07 17:49:27,,,6.0.0,CBE
f24c8a95-3425-4b7f-9c75-bb85e7a37529,Ruth,https://play-lh.googleusercontent.com/a/ACg8ocLREFdd1jIsWYeftxkNMRX3OBU8AV0kxVWNrrKNqr8uxFKl1A=mo,👍,5,0,,2025-06-07 16:57:14,,,,CBE
3fb73fb8-e335-4fef-aa2f-f6a212a294d0,Allexo Worku,https://play-lh.googleusercontent.com/a-/ALV-UjUw8-au1Os-Q7UR8r-ZN3PBylWCsGKEDKUU1MP-xLh_vLSstkc,wait,5,0,6.0.0,2025-06-07 11:36:16,,,6.0.0,CBE
8fb51a09-6420-461d-a94c-884f85b59984,Mohammed Hassen,https://play-lh.googleusercontent.com/a/ACg8ocL0L-tLV7D8qtb7km8OYFG_Yck8p3vi0O5LrURIpVvBLND5Tw=mo,all in one,5,0,,2025-06-07 09:24:20,,,,CBE
784e6139-4199-431e-bad6-434dca008cf1,Abshiru Hussein,https://play-lh.googleusercontent.com/a-/ALV-UjW5bDCzOhMwx63oaHFwif42nNFigyBLtGXFDm753mIgkfhPm_QB,good,5,0,4.31,2025-06-06 23:31:24,,,4.31,CBE
42e5a479-3787-44cd-bf78-ec2802c337cc,John Mak,https://play-lh.googleusercontent.com/a-/ALV-UjUYMbdOr9cfCxYpS68iGuEou__JgjMeO6L7dGdEXS1bijPduQRm,can't buy internet packaging 😕,5,2,6.0.0,2025-06-06 07:45:30,,,6.0.0,CBE
e707a79a-0e09-48c7-8803-448113e3b4a0,Humne,https://play-lh.googleusercontent.com/a/ACg8ocJCDE6tzMq5EryaQh2gFz4aK-k1GKIsiHb-RMq-c_h4xF8gqA=mo,disgusting,5,0,,2025-06-06 07:22:44,,,,CBE
02a8756f-277c-4359-bf4c-91e7c99828fa,Kun Bak,https://play-lh.googleusercontent.com/a-/ALV-UjW2Hs0w7N9t58-WKfekm5YDAxRylrxDAuZ4KJApgKGrLifJ1oU,nice one,5,0,,2025-06-06 00:57:52,,,,CBE
8b172b61-78fb-4921-86a6-b762aa494a85,FEYISA BEDASA,https://play-lh.googleusercontent.com/a/ACg8ocLhwRjs1rtzcve7veSK0OzvsooctUFUzjjkDpJ94RT2qmbciQ=mo,I like it,5,0,,2025-06-05 22:19:06,,,,CBE
80c7eb06-fda1-4f2b-981e-b2d7b81a0124,Temesgen Gedefa,https://play-lh.googleusercontent.com/a/ACg8ocK3dAmR-6TiIUbpBiJaHhDG1v12U3Ctl-wPvQMM6dnmltm7yA=mo,good sh,5,0,6.0.0,2025-06-05 21:12:46,,,6.0.0,CBE
456c0f2d-ab37-4ee2-9a36-5346b11be7b3,Wiz Mame,https://play-lh.googleusercontent.com/a-/ALV-UjW-Zn1_139igUhXDHad2JafbJQIuYY1BwVfkMWlkDHzk0tvxJ0,like+like,5,0,6.0.0,2025-06-05 17:22:10,,,6.0.0,CBE
e59caef5-279d-4639-93a5-db4b9aa10181,Hunter Exe,https://play-lh.googleusercontent.com/a-/ALV-UjV-GhMm3BgbZmgdcVY0ZsPykLDYBXwZMOxZwdRRhrrrhYauleWI,after v6.0.0 its not working it keep saying network problem in the login page 🙄,1,26,6.0.0,2025-06-05 16:51:46,,,6.0.0,CBE
bbeaa263-1305-4443-be13-3ba25ac266ef,Amanuel Abebe Lenjisa,https://play-lh.googleusercontent.com/a/ACg8ocKHTqBPuCb-xFrE6KVVggj9E8D4rattdfyURf3YEUI4Go42xw=mo,the most disappointing app,1,0,,2025-06-05 11:41:08,,,,CBE
62efdf38-8ecf-4074-823e-93c7737e8ba6,Awushe Tesfaye,https://play-lh.googleusercontent.com/a/ACg8ocLCAvfQpQYyTueXbqyAsZE-EKBdvCBityzW0X2Rb3Quu6RHZok=mo,our cbe-birr is good app,5,2,6.0.0,2025-06-05 09:57:17,,,6.0.0,CBE
50984f91-c4b1-43e0-8c00-237776505f5d,Hayredin Shafi,https://play-lh.googleusercontent.com/a/ACg8ocKWEqrbdCTbcabcovMMEI32oKx_t9HyqJCLStUvr6Pnys0Are8=mo,good,5,0,,2025-06-05 06:42:47,,,,CBE
989c9929-e653-4ffe-95d4-7d1f0d359b35,Adugna,https://play-lh.googleusercontent.com/a/ACg8ocLOg2k8VKoWvXK1MSboDAgWmWSHWrsd4kiJ16Iqjs1oPjs1tQ=mo,በጣም ቆንጆ መተግበሪያ ነው። በተለይ ደረሰኙ ደስ ይላል። ትንሽ መሻሻል ያለበት ብዬ የማስበው ቀጥታ ደረሰኙን ማውረድ አለመቻሉ ነው። ወደ google chrome ወይም ወደ ሌላ ሳይሄድ ቀጥታ ማውረድ ቢችል መልካም ነው።,4,0,6.0.0,2025-06-04 22:21:42,,,6.0.0,CBE
9b5e1cd9-4e9d-41b8-8e2b-9b847604be75,Ahmed Mohammed,https://play-lh.googleusercontent.com/a/ACg8ocKwjWo9YD65UnqrGpXg5k0IucvKWJ2Zp7ctpizm87nDq5bHoA=mo,good,5,0,6.0.0,2025-06-04 21:28:43,,,6.0.0,CBE
d225a6a9-60cf-4aca-9e15-ce43fefe71b1,Guan Jiech,https://play-lh.googleusercontent.com/a-/ALV-UjVXoO1JI4ip4UjmYQVo0GNzZaaQiRmUfzrktEpyJIYQ_-Eqr6U,It's really good 👍 👌 😌,5,1,6.0.0,2025-06-04 20:22:21,,,6.0.0,CBE
91911a0c-a391-43b8-831d-3a3e57cc6fd9,Abdella Ali,https://play-lh.googleusercontent.com/a/ACg8ocIQERzI4YJhpXmE4jre04gAopBTgBCBc_QMWxZ7KXy8peRIww=mo,well,5,0,1.0.0,2025-06-04 14:47:54,,,1.0.0,CBE
6f005e30-8528-4e06-b7a1-4c9aca487cbd,Naol Anbese,https://play-lh.googleusercontent.com/a/ACg8ocIeWeKS0xSn3E6uf0hf4wp5D4b_rDiFlffoS95w_WAaUmcXZQ=mo,good,5,0,6.0.0,2025-06-04 09:27:09,,,6.0.0,CBE
99b0d943-7a63-4184-b6d5-660fe8930e02,Bamlaku Berassa,https://play-lh.googleusercontent.com/a/ACg8ocJOezrawyYCJS2OcubjPbO2hFqKM9jfHk_YV6aqq4M8HylW8w=mo,loved it it is easy to access also gives direct cash withdrawal service,5,29,6.0.0,2025-06-03 15:29:08,,,6.0.0,CBE
69132052-a6d4-408a-857e-f674d3b27f20,Kamil Abadir,https://play-lh.googleusercontent.com/a-/ALV-UjW9CEmP5yFpIPcwJwJVAQ6haI2UNfBvF7WOZ-sKMV2MceJkOF08,nice,5,0,,2025-06-03 15:05:52,,,,CBE
f7dabe87-cac8-498a-b9d0-5a962e353781,tebikew tarekegn,https://play-lh.googleusercontent.com/a-/ALV-UjW1RUoJoGkriu10jvNyDdOc9FIfLovwPR66BaKmmqLzzeDrm02j,It is good app.But it requires strong network .Please make it like Mobile banking app Which is functional with lite network .,3,22,6.0.0,2025-06-03 12:01:22,,,6.0.0,CBE
6e3a93cf-b78c-400b-ac0b-5b76929ad1bb,Samuel Desta,https://play-lh.googleusercontent.com/a-/ALV-UjWidaveX1yRIw9xokxDQr1RCPCqUJh73KqNqKOdiu4zYqBVWfM,"the new update have network issue,pls fix it.",1,3,,2025-06-03 06:43:46,,,,CBE
674727ab-7a30-468e-b004-118eb8006e8a,Onuchukwu Chima,https://play-lh.googleusercontent.com/a-/ALV-UjWAhixeY7O-LjCyOQZpJVvFPlFWhX5bJiY-x4w2sHHw8fTz8TYP,very much good,5,0,,2025-06-02 23:26:11,,,,CBE
4d8b0605-6648-44fa-8292-05f1de8ee807,Rastem Abdella,https://play-lh.googleusercontent.com/a-/ALV-UjWy6TrvjwaQ37yc5sli5-2ZW4HAXPy_-Yj1NLrvo08KWTsx6AdB,good,5,0,6.0.0,2025-06-02 14:28:30,,,6.0.0,CBE
bba6bf57-8757-4da0-b697-532d65f0f655,Talegeta Ayalew,https://play-lh.googleusercontent.com/a-/ALV-UjWDZXYr2Ze5ZkdC8RzBxLso3nCdJ1qN7UFQZC2BJRvcOk9g0V8o,It's CBE commitment for Digital banking. Great feature app!!!,5,60,6.0.0,2025-06-02 14:22:36,,,6.0.0,CBE
4059d1be-19b9-493a-9798-fe10536cb8bb,Mukhtar Pes gemar,https://play-lh.googleusercontent.com/a-/ALV-UjXDZM8Cn206V94vfkD6FHNvsMogzBr2HxzCJwI9voQFeyKY9wY,best,3,0,,2025-06-02 00:18:49,,,,CBE
10397e12-f0ab-430f-8f9e-8ddbd4dcd114,Akililu Salfore,https://play-lh.googleusercontent.com/a-/ALV-UjXylRqwNUVGiUCFImj9FDP5xmdBRj2doW2BCQrgmkp4BNyi4T_-,"low level for saving level 2 75,000 why not 750,000???",1,2,3.1,2025-06-01 21:23:00,,,3.1,CBE
d87a4c86-3161-4eb4-b16a-d1ba819987e5,Dagitu Giduma,https://play-lh.googleusercontent.com/a-/ALV-UjWacoVm1g1W5kTrvrpeW96rbPJDuAGNkFavMtJcocn5H__Iisod,good,5,0,6.0.0,2025-06-01 21:13:18,,,6.0.0,CBE
c3bb042c-844b-4580-98b9-df418622b2fb,Hamid Abdella,https://play-lh.googleusercontent.com/a/ACg8ocKxYO7gSAW0PgoFvwbHi4RxuoH8jHuTKOA20Pv-CtODfkn93w=mo,it's very good app,5,0,,2026-05-12 11:50:32,,,,BOA
400ce769-3726-43b2-ac4d-755b3a15f026,Eyasu Dawit,https://play-lh.googleusercontent.com/a/ACg8ocL6ua4ASGLRmSTGQZ0CJlxuf156jH8O76CYg3jTwZMfLiPGBw=mo,this app is good but the speed of app is very slow,2,0,,2026-05-11 18:18:54,,,,BOA
4d6d2f22-5e71-47be-9cde-a1cf6c9fff93,Hermon Ataklti,https://play-lh.googleusercontent.com/a/ACg8ocIvD5odEoVEece9KelN2Cnj5qOhVy_M20K37IJdmn9bCThGdg=mo,good,5,0,26.03.13,2026-05-09 14:41:50,,,26.03.13,BOA
e77089b3-aecf-45e2-a64a-ce917fc4233a,haileyes beyene,https://play-lh.googleusercontent.com/a/ACg8ocJ4yxj8_l8M5xlCT3LezAiVgAKnlqyn8whZgXpDGUG4VRbKWQ=mo,boa the best,5,0,26.02.21,2026-05-08 13:47:07,,,26.02.21,BOA
41c64c67-b81a-4326-83c4-e95044aef7f6,Feya Ahmu,https://play-lh.googleusercontent.com/a-/ALV-UjX4HtYL0JECk4gDJ3kzOF1ofn_stjupY_18YwRBOi8nt9hA4TE,bank of absiniya is best bank in ethiopian,5,1,,2026-05-07 10:33:06,,,,BOA
59c55c58-88d5-4000-bdb3-fe95ece44a44,Yankee Serra,https://play-lh.googleusercontent.com/a/ACg8ocI8vBck9wmfjh7kIUs3FlXnM2VMA96AlZstzpMpLB3pZ4TrroY=mo,አስተማማኝና ዘመኑን የዋጀ,4,0,26.03.13,2026-05-05 11:03:08,,,26.03.13,BOA
b074f56c-96d4-4b63-8a69-8ca2c51fd21e,Ashenafi,https://play-lh.googleusercontent.com/a/ACg8ocJ1rZHB5clDZ_uz9BpLE4Y9fiWt6WFyqw6ACRCAzYMR6sRf6g=mo,good,5,0,,2026-05-04 14:01:17,,,,BOA
31476ccf-eccc-4f13-9576-286a3857232f,Fanuel Abush,https://play-lh.googleusercontent.com/a/ACg8ocLVJWvGRUs61sWMECMbWHvgLFdW-QQNNfDTep9uIoixj-S0UQ=mo,extremely slow app and unreliable for most payment i have stuggled to much with this,2,0,,2026-05-03 13:40:13,,,,BOA
cbf55621-3ea4-4a60-9eef-2c76df81c961,Yechale Gedefaw,https://play-lh.googleusercontent.com/a-/ALV-UjUiIHkmRwcEJZRGfoQ30ESy8ZSHuG3ns1ZL8mGpn7hT9Vv4WcE,Amazing app,5,0,,2026-05-02 15:48:30,,,,BOA
63ebb0e3-90cf-4ac2-b914-226871e5f4eb,OLANI SIYUM,https://play-lh.googleusercontent.com/a/ACg8ocI1-IR0oA9xKGNMcAcKSIIXqtzRkp562iYJbKJU69xhC60gUA=mo,"I tried to oppen mobile app of BOA, but it can't work on my phone after activation. I can't login to it. the staffs tried their best and asked me the android version which is 16 and clear the catches, reinstall the app but the same restult × close the app. disappointing",1,7,26.03.13,2026-05-01 09:20:45,,,26.03.13,BOA
5d3e596b-be66-413e-acbb-56b52ca2f131,Yafet Muse,https://play-lh.googleusercontent.com/a/ACg8ocLT82bKULCpJQFxp4EGUWoUWuceMpEpBdSHcE2qrHC4J0omaQ=mo,nice app 👍👍👍,5,0,25.09.03,2026-04-29 18:17:22,,,25.09.03,BOA
cbf4c2e9-4dbf-4e46-adee-dde9833769e6,Michael Ding,https://play-lh.googleusercontent.com/a-/ALV-UjVUfQZARRlpkUycN0IuRdQkcoztgo7rZEs3SMxvgYPdhWiVpvbq,easy to understand,4,0,26.03.13,2026-04-28 15:22:31,,,26.03.13,BOA
d9eecba3-7a1f-4067-8613-b07d678eaaa1,Teklom Gebrekorkos,https://play-lh.googleusercontent.com/a-/ALV-UjVfM0UIw85nwLphkGQwdqkxOHzT72_70IbZ4aj0k5EImcbLOVM,best,5,0,26.03.13,2026-04-27 09:40:57,,,26.03.13,BOA
41b7680c-8f5a-4362-bc9f-36fcfa90d3bc,Abraham Moges worku,https://play-lh.googleusercontent.com/a/ACg8ocIfkJL-FNGBO_yOrEJV36AjBLtrnl7s9kRafzkHLuAORdPTdA=mo,a wonderful Bank success app in Ethiopia 🇪🇹,5,0,,2026-04-25 14:47:59,,,,BOA
9ebe5ef9-6480-417b-a855-403db430d185,Ephrem Birhanu,https://play-lh.googleusercontent.com/a-/ALV-UjXsxrebmy2KowQFnXu8ck3NattBMEeJgiEN51vA1uhurQsSRloz,nice,5,0,26.03.13,2026-04-24 18:02:02,,,26.03.13,BOA
8bdfd084-1a9e-4c88-a20d-4fba6d5f71cb,Turuk pal Chuol,https://play-lh.googleusercontent.com/a/ACg8ocI5Ky9Ro8761c5-j6JLwecQXbomoA66xqsUdvOlaKK0R36oxAA=mo,there's an error in app i don't ever know what's the case,1,1,26.03.13,2026-04-24 16:25:47,,,26.03.13,BOA
52b2fb80-53dc-4ad1-a877-8d353523d6b8,Tadele Tilaye,https://play-lh.googleusercontent.com/a-/ALV-UjVWF6IrlI8IG1pUiPaMw4pasqYRvrWnk_yu1WCzfXYERcaEiILA,BoA always❤,5,1,26.03.13,2026-04-24 12:11:08,,,26.03.13,BOA
d5fa982d-64ab-4c66-92bc-ad5be1995e34,Jashua E,https://play-lh.googleusercontent.com/a-/ALV-UjX-ggKD5uAHJteNGfc62VeYOjxO8Ij7DAn1WAGaZmO7GKAYZO9q,the worst app,1,0,26.03.13,2026-04-24 09:53:57,,,26.03.13,BOA
ce3d6043-773e-4267-9ac0-c2d997f4871c,Samuel kerie Alamirew,https://play-lh.googleusercontent.com/a/ACg8ocJEsQcZ2qBn4itJoLEei0O6uYBq7A_RzE2TfR9Xvgll9Rw80Q=mo,what an amazing service,5,0,,2026-04-23 15:06:45,,,,BOA
fb40de72-29d1-4b5c-adc1-5d44458d5134,Abezash Agona,https://play-lh.googleusercontent.com/a-/ALV-UjXOHsX1gFJQOnM2J7S4AGItptA1GDLhQnsy1BG5MT0iwSSxf302,abezash,5,0,,2026-04-23 14:08:29,,,,BOA
3825faa7-4438-4a27-9ffa-6a5bbd013ec4,Behailu Ayalew,https://play-lh.googleusercontent.com/a/ACg8ocKgKytwCzxiMW1JAN7-tuJYGC78ZHbhuhPqAKefk8BY9YBJEw=mo,😁😁ል,4,0,,2026-04-23 09:47:19,,,,BOA
86598e4c-f5c5-455c-ba69-dcd6053ac182,Endale Lemma,https://play-lh.googleusercontent.com/a/ACg8ocJeFkebuICgZrmKvOSdSbzvEZSRDUxxos4ZBfyBN3nfobDnMw=mo,Not working,4,0,26.03.13,2026-04-22 14:23:02,,,26.03.13,BOA
4f8e5ae2-8fd3-4cd8-942b-19d69f860c7a,Samuel Eliyas,https://play-lh.googleusercontent.com/a-/ALV-UjU-p48nSlep-17xGIE_VaEibFqQgabUhqWnWqNE5uTYkTb0LhU,best,5,0,26.03.13,2026-04-22 02:32:39,,,26.03.13,BOA
30e1113c-47d7-44e6-88d2-df6d225918b7,Enaya Ahmed,https://play-lh.googleusercontent.com/a-/ALV-UjUUUj_SFbsF8_EFr2LZhpkWT5XHciM55ypRmZrKwC_Yp7FrSQGR,nice,5,0,26.03.13,2026-04-21 16:02:50,,,26.03.13,BOA
6815e98d-fbc3-4f5c-9244-b704ad223cdf,Mohammed Siraj,https://play-lh.googleusercontent.com/a/ACg8ocJfKFXUZxqnrqq4ztcpJvGU170BORPnKQ8U-peZSDJ7P9hQyw=mo,everything new that other banks started abyssinia started it but this one year have been a disaster the mobile banking crashes everytime please do what you do best,1,1,26.03.13,2026-04-20 13:53:23,,,26.03.13,BOA
d843f70e-e0c5-485c-8f0a-46eb550794e1,amirajm,https://play-lh.googleusercontent.com/a-/ALV-UjVByIEE1JzERfX4H8MYDv2bXBsl7Rb905tCmjTOlt1RJLlcgeY,"the best applcation,, how can winning byd car 😭🤣🤣",5,0,26.03.13,2026-04-20 08:00:57,,,26.03.13,BOA
58f28177-e3a0-4406-9eb2-92ccc5bd05e6,Etalem Kifle,https://play-lh.googleusercontent.com/a/ACg8ocKF7ws1Gr3gs1rGl79O1W1mRV_FW9EGgsFnUNeEslhi8AQ95A=mo,good,5,1,26.03.13,2026-04-19 21:13:24,,,26.03.13,BOA
94d4c6ee-67e6-454f-9744-a5c495d30d1f,Hannes Garben,https://play-lh.googleusercontent.com/a-/ALV-UjXlwcrH9-wSIht_fPSyXNL6hU42h-xn3gEOIDxh2ikTqX-7ViVryA,"the app does not show my account balance correctly compared to what I get with the SMS notification. Again and again I am not able to make transfers because the app has issues. The app has over years now frequently problems, doesn't load, or is sometimes not working entirely and I can not open it. Even to the point that I question the rating of this app if it's true or distorted. I am not sure how it can be 4 stars something, when in real life the app just doesn't work a lot of the time.",1,16,26.03.13,2026-04-19 13:43:52,,,26.03.13,BOA
908ab990-5c9e-4e4b-911e-13926f92a28f,Kassa Sefiw,https://play-lh.googleusercontent.com/a/ACg8ocJ1i6D8LJ8lwM6FH6XFn1X7FzoHNPxeUlQiIVTFECYkRKJ6xA=mo,excellent service,5,0,26.03.13,2026-04-18 18:38:37,,,26.03.13,BOA
dfc4cf71-ecc3-47c8-b74f-36394f2e65a5,Adisu Ayele,https://play-lh.googleusercontent.com/a/ACg8ocJAwqawlAH4ec2n0RVJ8fllUO2bTxKGG9h8NBQOs6qJsJF_7Q=mo,it very slow to access the app when urgent,1,1,,2026-04-17 15:21:36,,,,BOA
3981e2e8-ac8c-44e6-8209-d1ec3c4ac776,Kibrom Amine,https://play-lh.googleusercontent.com/a/ACg8ocItmsyl1YvGEkU-C4Dvq7-UpfuR2RZ7beBaPGAK-bRh75QGmg=mo,very Good app,4,0,26.03.13,2026-04-16 13:13:02,,,26.03.13,BOA
22fe4ab6-af03-40b1-80ef-5b133704c61a,Ab Rising,https://play-lh.googleusercontent.com/a/ACg8ocIJCsWmMz4SDgPDmZkr5XRQwW5KhDZXWEH-PVOm3N1OaX63vw=mo,best i ethiopia,5,0,26.03.13,2026-04-16 00:34:57,,,26.03.13,BOA
19a66c57-4319-47b3-9f2e-44ec05dfbf63,Hamza Ali,https://play-lh.googleusercontent.com/a/ACg8ocJFus8yph3rhQaUghoNMUq6Uq3h7VXlnm9OnuYdBqibUXW_DA=mo,when i try to see my balance the app logs me out.i try to uninstall the app and install it when i try to login again it says login expired.the worest mobile banking in ethiopia. fix it,1,0,,2026-04-15 22:27:26,,,,BOA
6c83211d-9519-4ace-8f28-685d99495146,besye bese,https://play-lh.googleusercontent.com/a-/ALV-UjVdhckW4piZaRN67p-BLONw6T5wVTy42wOox6G9_TT_R_zlS3T4,good,5,0,26.03.13,2026-04-15 19:34:48,,,26.03.13,BOA
318cb64b-9d02-44c4-b2fd-5f41c7469bb1,Taye Admasu,https://play-lh.googleusercontent.com/a/ACg8ocJgSQi0ywy2Ymsp7Qu8FgSvUNBHygAJZVj1uov_x5r_MugDHQ=mo,like,5,1,,2026-04-14 13:29:54,,,,BOA
9f7cd635-f2b0-4f15-9b58-c6dd91c6941c,Melkamu Mamre,https://play-lh.googleusercontent.com/a/ACg8ocKcaxKL17gByQd3eOy6H4fv5MMarj99QwMuPmzJ0xdYqt7kFQ=mo,Why transfer to telebirr agent doesn't work?,3,1,26.03.13,2026-04-14 11:43:34,,,26.03.13,BOA
01ba3c51-8d90-417b-8fb8-e64ac6756b45,Fiseha Alehegn,https://play-lh.googleusercontent.com/a/ACg8ocLUfXdzHHoXMwNu8Wa-hIiMpmg9NMFeztNk22gMw5CHCOdAiZg=mo,best 👌 app in entire industry,5,0,25.09.03,2026-04-14 11:31:05,,,25.09.03,BOA
929c8fca-6fea-4fd9-ba70-bba627382de6,Ruth Abyot,https://play-lh.googleusercontent.com/a/ACg8ocJnPsgX3eRcLLKBhMUSD129tdo0zevZYP7IQ8pGmiGLiZgaYw=mo,besst app,5,0,25.09.03,2026-04-14 10:22:22,,,25.09.03,BOA
48f6529a-a377-44a5-ba41-98950aa02b4f,Lul Chuol Tut,https://play-lh.googleusercontent.com/a-/ALV-UjUrrLuYrW0U3eHCsDFiWXOGuoZX7bUyPiouEGVvkIoSjG9FkVU,good 👍,5,0,26.02.21,2026-04-13 16:59:18,,,26.02.21,BOA
14eb0357-cfd2-43d1-8944-abc17e05f6e3,Kesanet Hayle,https://play-lh.googleusercontent.com/a/ACg8ocLJZVL_0bYK-5CR0ta7TGUVvlQPlPc9SEO0Z2GvJuNlep6C8A=mo,ksanet hayle,5,1,26.03.13,2026-04-11 15:27:27,,,26.03.13,BOA
22851df9-cdae-4a17-b9d2-088a97c3a797,Shegaw Mulugeta,https://play-lh.googleusercontent.com/a/ACg8ocL5pRsN8oxsDQHhPQ57ER9A_Yzw06RIB6V0tlVuRm4d-JjFuA=mo,this app is not use my pbone android 16 and not fix boa nearest branch how to use this app,1,2,,2026-04-11 13:14:32,,,,BOA
105fd159-c2b7-42ff-b37a-c81a59af201c,Tsionat,https://play-lh.googleusercontent.com/a-/ALV-UjUo_jWUNB0L2g3nzzH99_SN6mf0XRGl4WZ8T30Ro07GwfgOcmM,"disappointing experience .couldn't even do transactions ,so slow .you should check and update it please",1,6,26.03.13,2026-04-09 15:06:03,,,26.03.13,BOA
8e9ddf9f-a6b7-4056-a345-b7c0489233c8,Fitsum Getu,https://play-lh.googleusercontent.com/a-/ALV-UjXQbWJ9Y7dA_DTM_8mHxCyaRb-elJyhCehyTAaZcuDLUI3AG5Ta,poor functional and also very interactive customer service at branch,1,5,26.03.13,2026-04-09 11:51:02,,,26.03.13,BOA
50d68ed5-19d2-40f1-a948-c1a072fb98f8,girum belay,https://play-lh.googleusercontent.com/a-/ALV-UjW3Svq7ug3YNzrox8fyql72lBzger67bVbleCdkkklxaDEmkENR,low networks,4,0,,2026-04-08 08:58:34,,,,BOA
10230d63-8070-4eda-85aa-5782d88da114,koricha nigussie,https://play-lh.googleusercontent.com/a/ACg8ocJDJONxtvQbntVxfdb-JeCIu4qg3pzmaklP3Imb45-vzvMJsQ=mo,Fast& Modern,5,0,26.03.13,2026-04-08 03:29:24,,,26.03.13,BOA
407c37a2-de47-453b-8da7-841df078cb72,Samrawit Tasew,https://play-lh.googleusercontent.com/a/ACg8ocKfDWKM5m-w2Q4v0cAlBDgfx_tx9UvceJA7Xcp5T7L9B3sSKg=mo,very nice service appreciated 👍,5,2,25.09.03,2026-04-07 09:00:42,,,25.09.03,BOA
038d7a37-ffff-414e-8541-1eb631e12831,Yared,https://play-lh.googleusercontent.com/a/ACg8ocKm3vqBGJdjBpMqDoAyb4Sg7gxFSQcCFZ6FeLUPm_QwBIeDKA=mo,it's not working always says error occured,1,6,26.03.13,2026-04-06 11:39:36,,,26.03.13,BOA
47add928-95f5-4571-837b-07ebc277cbac,Biniyam Bonu,https://play-lh.googleusercontent.com/a/ACg8ocKQWyYrkBisqHP_OWjVDFnno1Su1zrmtCfzJJDjAgf-Bh8M_Q=mo,good,5,1,,2026-04-06 10:55:00,,,,BOA
31582f65-c3f8-484a-9722-7d05056f3b03,iSRAEL girma,https://play-lh.googleusercontent.com/a-/ALV-UjUN1N9S05Rp2bqzUrkRCPgCe7D7Oz9AXuVOeuYUlef0rpwBaHE,fast and reliable app,5,1,25.09.03,2026-04-02 19:29:36,,,25.09.03,BOA
c8be0ce7-a13f-409f-b1b6-2e14ed2215f0,Tesfaye Faye,https://play-lh.googleusercontent.com/a/ACg8ocLLROrzDHzua7I1EoTD4PwnXBOqea-LSesCx5HVZwNWO05O6w=mo,good,1,1,25.09.03,2026-04-02 14:07:10,,,25.09.03,BOA
f37e6779-292b-44fb-8a42-0418f4fd0948,Agomas Tasfe,https://play-lh.googleusercontent.com/a/ACg8ocJUr2sonxSyBJAUxW8adlKRQ2AcAJ_IN-fZFBrViuw4QiRsWQ=mo,እረተውኝ,5,1,25.09.03,2026-04-01 16:08:30,,,25.09.03,BOA
7ae56192-8700-43f2-9fb2-49bbfa144bd7,Abdu Munziir,https://play-lh.googleusercontent.com/a-/ALV-UjXrMEenrAeQW7UnvfDazmzBgOi08vPpRduJp5que1BkpQveoOI,good,1,1,26.03.13,2026-04-01 15:15:02,,,26.03.13,BOA
a0fcc135-8cce-41a8-ac35-f7ac32579551,Yonas Balcha Law office,https://play-lh.googleusercontent.com/a-/ALV-UjU0jZFW5I2iuPJrwvhYD3aQtWqJov_drVNXSw1IqKgn58Y3Viw,its good,5,1,,2026-04-01 13:23:58,,,,BOA
8f956c91-f53f-468e-a435-037d14d2ce22,Abdusemed Dinsefa,https://play-lh.googleusercontent.com/a/ACg8ocKc6cvQ0DSfzkgH4rdC3fvUamQGXVVZarmxfsIEJw09cRVeLg=mo,updte,3,1,25.09.03,2026-04-01 08:45:59,,,25.09.03,BOA
66f48a18-1570-4203-bbfb-ef7195886289,Kiya Kiya,https://play-lh.googleusercontent.com/a/ACg8ocKjRYkLnxAzaYdlO11Lh75SqntjHdZN3sXTxRu4EYACQol_Bg=mo,nice,5,0,26.03.13,2026-03-31 14:07:14,,,26.03.13,BOA
a5f24e46-f662-4b0c-bfd9-201a1ffae051,Jemal Ahmed,https://play-lh.googleusercontent.com/a/ACg8ocKwrm9bKOjnOJlg-E_71E81nl7jLBqRUZieIbRBgbBiqgVs6Q=mo,"Personal opinion: If Abyssinia Mobile Banking allows you to use data from the SIM card where banking is activated, for example, if the connection to the WiFi router stops, if it is possible to use the SIM card where it was activated, and if the password can finally be re-entered 🙏",5,16,26.03.13,2026-03-31 12:54:21,,,26.03.13,BOA
a5b1aa5a-9e3e-4813-9c49-38294b57bb4f,Tsegaye Solomon,https://play-lh.googleusercontent.com/a/ACg8ocJfvDjgf-CiS6vz3F1NlwbjsXzhSVLqd1q-mjzUlLl2O8Jj-1c=mo,stupid app! when i try to send money it says error occured,1,5,26.03.13,2026-03-31 10:49:46,,,26.03.13,BOA
0d5ca57e-ebdb-45e8-a644-3c6a3cbbe08c,NEbyat Tesfay,https://play-lh.googleusercontent.com/a/ACg8ocIOFDVweeZU3z0UGlvbMnbTUViWnWkEaBxKL2_emD3H2Es2jg=mo,i loveit,5,1,,2026-03-31 10:44:00,,,,BOA
dda71594-6f09-44f4-8548-72582165fda5,Halefom Gebremedhn,https://play-lh.googleusercontent.com/a/ACg8ocK0u0V3nk371D-VqFVCEuDYo2ybGrKsgpjQtdI9KW1kGVHs0w=mo,Boa yleyal,5,1,26.03.13,2026-03-31 05:30:53,,,26.03.13,BOA
264d35fa-6853-41af-a197-092aea324674,Tilahun Demssie,https://play-lh.googleusercontent.com/a-/ALV-UjWMcM-jvZHWJSj0xVDf1PWsACKfCU4b8rjviwNZEq0wGg5llESJ,lovely,2,1,26.03.13,2026-03-30 16:32:45,,,26.03.13,BOA
d06616dd-798f-44c1-ba1f-348e1ff3e9bd,Efrem Hailemariyam,https://play-lh.googleusercontent.com/a-/ALV-UjVVNmscUMpvhZzYY_DFwfMu86qhGSyCsEoAgYCZHDHwmBedmqg,other bank is very slow,5,1,26.02.21,2026-03-30 11:45:41,,,26.02.21,BOA
72e8378d-4819-471d-bb57-4dc45eb91d0f,ነገን ላየው እጋጋለው,https://play-lh.googleusercontent.com/a/ACg8ocLqTBCabTQoinC1V3SFplwECoe0V0ZyJSskq6ivk1wHjvIfhA=mo,good,5,1,,2026-03-29 18:15:19,,,,BOA
76a456ed-ff72-4dac-80f9-125290fbb623,Tsegaye Terefe,https://play-lh.googleusercontent.com/a-/ALV-UjWvD5dU585QYPJ6WyrQDm-CSjn6m4X1E6IhTsz5-4nc02ouqtQ,When transaction done form BOA to Other Bank accounts the receipt does not include the name of receipant(the who receive the money),4,1,,2026-03-29 17:22:33,,,,BOA
e8ee7b63-1c88-42d8-babd-9a0525ed51ce,Habetamu Degu,https://play-lh.googleusercontent.com/a/ACg8ocLwVNLReA5-Ns-wMk5hjDnkbEbzg97wD100tkw2Y8xjZNwS6Q=mo,Niyse,5,0,,2026-03-29 15:18:37,,,,BOA
6996aec2-7415-4ff6-94f9-3fae7f269772,Getnet,https://play-lh.googleusercontent.com/a/ACg8ocInAlzIjHwIWDgpgR1IFsXtgISmFCotpT59wiM5VLvyfb0g-Q=mo,good,3,1,25.09.03,2026-03-29 10:54:30,,,25.09.03,BOA
1de03aee-6087-48b7-9c16-833a1db513c0,Ayichew Demeke,https://play-lh.googleusercontent.com/a-/ALV-UjX4y0ApscO4SIxwBQm03xcs47LIk_EdkUMLTqR6W9jKkcmkMG3V,my choice BOA,5,1,25.09.03,2026-03-28 19:21:32,,,25.09.03,BOA
fc343f2b-f7c3-477a-8b30-e12762c3acda,Yared Sisay,https://play-lh.googleusercontent.com/a-/ALV-UjVnXomV05dmzx-KTPsLVDOEHfFMV3Vl1lu1iXlDnxogKqUgw7g,በጣም ጥሩ ነው,5,1,,2026-03-28 16:16:38,,,,BOA
5af2ed8c-8f32-475e-9c7e-104b14bbd9a1,Feyisa,https://play-lh.googleusercontent.com/a/ACg8ocJ_I6jkhG21TbMHVLN1LZCZVLdGTRY5sw25lm67NGNz8k6-6Q=mo,smart app,5,0,25.09.03,2026-03-28 16:12:54,,,25.09.03,BOA
9cba03ec-5bab-4f70-b81e-c02e5fe2e97a,Suleman Mohammed,https://play-lh.googleusercontent.com/a-/ALV-UjXukMnjcqE20tly1njW8ZuLw9Y5IMvtLdlCU58uhDs4Tt51K44,emails connect to pone numbers link all the city banks by location naw,5,2,26.03.13,2026-03-28 14:00:36,,,26.03.13,BOA
4d77ffbf-a33d-4b0b-bbb4-22fde799e25d,Meseret Gorfu,https://play-lh.googleusercontent.com/a/ACg8ocKIAmOBcS9w-Q82kiFHCNPHDOkulxmEBtv7hU3ixcQyOBD0bA=mo,good,5,0,26.03.13,2026-03-28 13:03:39,,,26.03.13,BOA
10a506ce-01bb-4001-92f4-195ae6ddff07,Nigus King,https://play-lh.googleusercontent.com/a-/ALV-UjWshRzu9CVq2MieUjJE9HWdvQNeRqo7zE2VfSA9Itdxcje3kB1g,good,1,0,25.09.03,2026-03-28 12:30:46,,,25.09.03,BOA
7bf62829-1879-44f0-a4d4-356779e762d7,Henok Aragaw,https://play-lh.googleusercontent.com/a-/ALV-UjXAKonGJlKEZzD7EuUIdlgWBVE7l4Lb9fsQ2HIDuT040tOtLK9_,My favorite app,5,0,26.03.13,2026-03-28 11:55:13,,,26.03.13,BOA
15bc654d-c9be-4cf2-a245-c7786a229cf3,Firehiwot Taye,https://play-lh.googleusercontent.com/a/ACg8ocL2tpLtoAcdFuwC2kNIJ44bU9MWJw3_kRWQxI-JUfkTo3FR0w=mo,very good,5,0,25.09.03,2026-03-28 11:21:33,,,25.09.03,BOA
9e0c8000-1334-4a4d-b365-135f5bfe19f1,Alemayehu Alebachew,https://play-lh.googleusercontent.com/a/ACg8ocJnZOlS9CPMK6_v6WiwZkpjWtHfWEgrgVKrXQ00CBAxA4MkOA=mo,smart app smart bank,5,0,26.03.13,2026-03-27 15:38:41,,,26.03.13,BOA
b3eeddca-511a-4476-95fd-5e1c3efca410,Elias Solomon,https://play-lh.googleusercontent.com/a-/ALV-UjWZ1yBLrAs5WcYJRDaNh1Ezmtda4vPrV6qA44uFvUIKtwOqIOGF,You can't rely on Abyssinia. They are the worst,1,2,26.03.13,2026-03-26 11:16:54,,,26.03.13,BOA
497be43a-22d6-41de-b1b8-25b6a9828edb,Beky Mesfin,https://play-lh.googleusercontent.com/a-/ALV-UjVHhu3jV5NwGU4_zF1gFDEmmW_6_G83BxS_y7mW8tGNURKJ7xg,its the the bank of bank,5,0,26.03.13,2026-03-25 10:33:59,,,26.03.13,BOA
6c8a57ec-bedc-4a6d-8e55-bc128ed414a9,Ethio Addis,https://play-lh.googleusercontent.com/a-/ALV-UjWmHKJ1ynZ4MHGjX2AkYxtnHCnRp8pRqoU8-5T-x-EuZ13jcGxw,good app,5,0,25.09.03,2026-03-24 21:25:44,,,25.09.03,BOA
a65f4039-7ba9-41e9-9134-f6149caf042d,Wahid Haftu,https://play-lh.googleusercontent.com/a-/ALV-UjVBytRcO89HeNF1rvv5othFXJwEWC9OqLLQUwEEsCU0WPCmCgsm,beti araya,5,0,26.03.13,2026-03-24 17:17:35,,,26.03.13,BOA
f99de809-b2fa-4d2b-8989-1974209a2871,Muhyiddiin Aadam,https://play-lh.googleusercontent.com/a-/ALV-UjVVAHkRbsPMKrjEj1qPTMFphn9Jd0sGJsGr2hyXi0ufaYdwk8YJ,ok app,5,0,25.09.03,2026-03-24 14:48:11,,,25.09.03,BOA
d31fdcca-49f2-463d-bfbe-820880299924,Mohammed Nasir,https://play-lh.googleusercontent.com/a-/ALV-UjVhCqjwOqsH6-Uk0WBMpUen3B9RHQ63ohr_plJTfl3tcIJs9sZz,something is wrong,2,0,,2026-03-24 10:45:40,,,,BOA
00b7b233-2a55-47e9-9645-7fb550289103,Nizamu Awol,https://play-lh.googleusercontent.com/a-/ALV-UjW2EYn-iE5HhMryCXAhRaVsH-vIS5UgWana9h6849igZE5SHB86,abanamu boriifuu hindhabamu horiinu ajiraanu woliinuu,5,0,,2026-03-24 06:43:54,,,,BOA
9fd15475-73a2-4719-8f0d-7189419e1f3f,Desalegn Desu,https://play-lh.googleusercontent.com/a-/ALV-UjUkbHbA-Bxoj10hCona9lm96l6dEFiIEZ-fjITCYXB8CguzW_I,good up except some sluggishness,5,0,26.03.13,2026-03-23 20:49:38,,,26.03.13,BOA
fb7ecaf6-a3b5-4010-9213-9f95c8f56bc5,Meaza Selemun,https://play-lh.googleusercontent.com/a/ACg8ocLHfiu5Py3ZyPzyHjSnPRFwXKtT8Ad5yTJcZaQbBJzWurmR=mo,good app,5,0,26.03.13,2026-03-23 17:41:59,,,26.03.13,BOA
b281bf2a-d118-4208-89d3-0ce0a72cc301,mesfin Eshetu,https://play-lh.googleusercontent.com/a-/ALV-UjUBbOvR3yfMmKSEq9xet2bIXD67f4eQF5_88xwaD-rsO50cwV1K,it is not bad it just ok,4,0,26.02.21,2026-03-23 17:06:18,,,26.02.21,BOA
092c3e04-f7d6-4b28-92f1-de5a918b3fbc,Derebe Andargie,https://play-lh.googleusercontent.com/a/ACg8ocLr_yPYWIBe7H7OlVAAJHjkgJ5dEDFwCBxBbnuNwWjb2pysvA=mo,well,1,0,26.03.13,2026-03-22 21:16:21,,,26.03.13,BOA
a91a45f2-b0c9-4bc3-91ea-4ce2443d4cc5,Kebe M,https://play-lh.googleusercontent.com/a/ACg8ocK4MR2rNZiOpnPmD-zGYvzQRunWx9XZQMOxSzwEsu985C6e_A=mo,i can't transfer money to other bank. 😒😒,4,0,,2026-03-22 18:05:01,,,,BOA
604814f0-010f-4950-b333-613f0105bc15,Tamiru Dejene,https://play-lh.googleusercontent.com/a/ACg8ocJJtxMaS6X7HLPS7G6NLSYLeKBMoKwSdIxnyul0z-8aGcqhpA=mo,doesn't work,1,0,26.03.13,2026-03-22 15:34:33,,,26.03.13,BOA
8d34cfb6-9bcb-4912-aee0-aa2a2b1592de,Cheru Brihanu,https://play-lh.googleusercontent.com/a/ACg8ocLRFoJWrpdGNlyYtQLlhUsFNh-T9ONWcDtC8TAeNZIA7FfCFA=mo,cheru birhanu,1,0,26.03.13,2026-03-22 15:27:34,,,26.03.13,BOA
1cb1105a-67fe-458a-9743-5d34693acf56,Mesfin Gulilat,https://play-lh.googleusercontent.com/a-/ALV-UjX9M8nVRKVLdFtFiIvoRX032Vr0lcaJzcznoSZXV5mpIDqWdeiT,This app good b/c reduce my time,5,0,26.02.21,2026-03-22 13:01:24,,,26.02.21,BOA
ecdd5515-c1f8-41a4-9803-6d0d7052c621,Sileshi debebe,https://play-lh.googleusercontent.com/a-/ALV-UjU3y5ZammqSVHgy5VyO5iDIzJTF7DRh8ueesnAPxVEw0tcOACA,Machin tecnoloj,3,0,26.03.13,2026-03-22 09:08:21,,,26.03.13,BOA
a80ce3bd-0391-4df1-9df2-9c0bcc7394fa,Bayu Tigabu,https://play-lh.googleusercontent.com/a/ACg8ocJNuFdxnHjhm5CguxujmMGB0o_ENqmAUJgKjb4QQL_E1LPzTg=mo,developer option offe,1,0,26.03.13,2026-03-22 07:13:54,,,26.03.13,BOA
a366f66f-c0a0-425e-add1-7e71b1610e2f,Radwan Houssein Aden,https://play-lh.googleusercontent.com/a/ACg8ocKWZGYcAlFuj47LaAKz7bmHq4bwoCPkdXWc4mWeYhXLXlSSnA=mo,"Bank of Abyssinia used to be the best for me, but now I don’t think so. I spent the whole day at the branch trying to fix my mobile banking, yet nothing changed. I was asked repeatedly for my ID and signature without any real solution. It’s disappointing and frustrating to see such poor service. I expected much better 🙏 Please fix this urgently 🙏",1,19,26.03.13,2026-03-22 01:37:47,,,26.03.13,BOA
c32769ec-e713-4554-8201-ffd51ab48981,Hayder Hayder,https://play-lh.googleusercontent.com/a-/ALV-UjXvq1FxrF9R3FoN-IrqsqbraTeRh8H2BmBps42VoSP-xUlEymSL,good!,4,0,25.09.03,2026-03-21 21:03:29,,,25.09.03,BOA
ce641b2b-d040-4aad-b192-b315e92b28aa,Nesredin Mohammed,https://play-lh.googleusercontent.com/a/ACg8ocIbwZ8Fq19vJmnthox32IMua01nJX36UN9rVjHX3c0MCnGXhpY=mo,BoA Mobile app,5,1,26.03.13,2026-03-21 20:44:51,,,26.03.13,BOA
fef1bdda-a92c-4675-905c-ed939d8eb4a4,smart home luxury designs,https://play-lh.googleusercontent.com/a-/ALV-UjWqOhVsybObdb-V0kqwLqirl6rs_wvlggKAj0u8arXLbigsx-j2,good,5,1,26.03.13,2026-03-21 18:58:45,,,26.03.13,BOA
21fc9272-5122-48ca-bc6d-a291f71620fc,Dire Direhussen,https://play-lh.googleusercontent.com/a/ACg8ocIsSz6LcIzUBuv7ls1hD2VKrQmlW653bXJtE3Be32VYj-V-Xg=mo,it is simple and fast app,5,0,25.09.03,2026-03-21 15:46:14,,,25.09.03,BOA
1fcda048-250e-4a29-80f9-d39920317960,Kaleab Desta,https://play-lh.googleusercontent.com/a-/ALV-UjV9OaM6HDTm7maQEpdyunJaHcll3U5_ZVio2j1g2ukDV5BVjD3L,awful,1,0,26.02.21,2026-03-21 13:19:20,,,26.02.21,BOA
ba01b39e-49a4-47de-8190-691ff2001b14,teset esete,https://play-lh.googleusercontent.com/a/ACg8ocLIlg2ng9Ys1oPh8A3Wa3pn18lkrAanpm_aRrxEY4LYJ-wHFuo=mo,👍👍👍,5,0,26.02.21,2026-03-20 22:07:00,,,26.02.21,BOA
4c1ebf7f-b18b-4ce2-990c-70a55af4970f,Melese Tesera,https://play-lh.googleusercontent.com/a/ACg8ocLq9WLFF5hMDSMFHcln0PaxgGeHPzaxJchwBh7QhUorOEYsKw=mo,ቤጣም ጥሩ ነው ግን ኖ ፍጥነት ብዙ ስታክ ኦኬ,5,0,26.02.21,2026-03-20 19:52:11,,,26.02.21,BOA
45da188c-ee3d-48ba-ae25-95e3ea64375b,Esayas Gebreyesus,https://play-lh.googleusercontent.com/a-/ALV-UjUy2hoYWRvzPuY4xMnnTPhEoFll6zVOLF7gQM4kL44vGisKefI,best app,5,0,,2026-03-20 17:06:44,,,,BOA
5e708cce-69b7-450d-9483-a7f2fd282d17,Haylud Amare,https://play-lh.googleusercontent.com/a-/ALV-UjUvqz9V2PZrU6LeRGndDI4wL5hOkkdsUvu0nwUnadZiRqM-gMk,awesome and fast app it uses to do my work easier..🥰,5,0,25.09.03,2026-03-20 16:34:08,,,25.09.03,BOA
c431d0dc-49fa-40a4-8191-062c7fdb5c88,Seyfe Mekonenn,https://play-lh.googleusercontent.com/a-/ALV-UjWed3VYyHdNiDSWTSwnbwXg2ozxcaoRkp2tuTElHr31IB84EbRo,simple and fast,5,0,26.03.13,2026-03-20 10:22:05,,,26.03.13,BOA
c16f4d45-4e69-43f9-9203-b16d8b7a6692,THE KINGDOM OF GOD,https://play-lh.googleusercontent.com/a-/ALV-UjVlvxvpbXEtKrOfRqv-PTvXPLWZ5rWBHICBWM9wYoPjI-Wl74wK,very good appreciation trusted,5,0,26.02.21,2026-03-20 08:02:57,,,26.02.21,BOA
cf575ba2-ee28-4c66-9f8c-60c988dad388,Dessie Taye,https://play-lh.googleusercontent.com/a-/ALV-UjWrK7aBCEtdSYcpn6lMDMOc4GRzoVJjuitmj076PyxhNfR7BgP7,very nice app u love it,5,0,25.09.03,2026-03-19 20:41:26,,,25.09.03,BOA
6d2e0b19-ee1c-464e-92da-8a3878a6a77e,Muhamed Alikadr,https://play-lh.googleusercontent.com/a-/ALV-UjUq0dS7IdtIkVYPI_nsCnwJ5xss_FGuNI9zBfuEIwMUyR7K6nU,happy,4,0,25.09.03,2026-03-19 15:53:03,,,25.09.03,BOA
edff7faf-b934-4fe1-b2c8-e09d9969b7c0,kaleab bayih,https://play-lh.googleusercontent.com/a/ACg8ocI56ka-mETZwhHrU0CvCBZdn2lAmmuCUOLs8xDyFUGSR1N_mw=mo,The worst banking app ever. When I toggle the balance button it shows session expired. I can't even check balance😔,1,16,26.03.13,2026-03-19 15:36:05,,,26.03.13,BOA
9954a863-cf04-49b4-9bbc-01d2d643502e,Teshome Gonfa,https://play-lh.googleusercontent.com/a-/ALV-UjV_QvCWnezDKr5ggWfg9iLTnS13wExpm-3e86eGX_3W2Rs96Ern,Secured and rely on BOA.,4,0,25.09.03,2026-03-19 11:59:18,,,25.09.03,BOA
dac34b11-7a4d-4f66-a3fe-95938462c184,Kb Love,https://play-lh.googleusercontent.com/a/ACg8ocIkPFRZkWwxevRdvr7qsg6bPVl4IHfu7c5pZ5mB9WaU7DT1CA=mo,good,5,0,26.02.21,2026-03-19 11:50:48,,,26.02.21,BOA
032dff22-c873-478f-a913-a114025670aa,Dessie Nebebe,https://play-lh.googleusercontent.com/a-/ALV-UjVjS19pDwO4OBbL_dsSqECeJyEGb7FkIvxtuVvfucKf5k4BGlX6,Nice App,5,0,25.09.03,2026-03-19 10:46:40,,,25.09.03,BOA
48fa3615-0cf4-4b8e-ae49-f141c3f15162,Yewubdar Yakob,https://play-lh.googleusercontent.com/a/ACg8ocKtJ9X93IOKmF6GqxhOmUy3UbDi5odHIgxXwp5eVs0NjRem_w=mo,Good,1,0,26.02.21,2026-03-18 12:23:54,,,26.02.21,BOA
c6200fcc-33ca-46b6-9ce5-4aeb040c5da5,Zelalem Birhanu,https://play-lh.googleusercontent.com/a-/ALV-UjXBwYzuHWHQg9wnW8idT-CS4ioMIJ80U7sHmJsTP4Z2w73XCaE,very good app,5,0,26.02.21,2026-03-18 09:31:21,,,26.02.21,BOA
f816839a-36b8-4b5a-b5af-21f1913111ea,seid Abdurehman Edris,https://play-lh.googleusercontent.com/a/ACg8ocLDygfclbSdAsOLjHD_PnKarMonCdBicckzyBrZpOet9Mtj_Q=mo,good to use,5,0,,2026-03-18 09:14:55,,,,BOA
bfe58ba2-47aa-465d-a20d-155b0881e459,Mesfin Getachew,https://play-lh.googleusercontent.com/a/ACg8ocK0AfGB74pDxPuLROAQ3sAcblSYqxeWYcojqTRvZwI3OlGq=mo,excellent!,5,0,26.02.21,2026-03-18 08:44:45,,,26.02.21,BOA
4d566296-4a24-4bbd-9c34-5d1ea6b165ed,Rahul Luhar,https://play-lh.googleusercontent.com/a-/ALV-UjVrp3HJlILQmQ-_Z_hMR1yCv_27AYd_h15yaoWKmDqqrnQ4uy8,Thanks bank of Abisiniya,5,0,25.09.03,2026-03-17 23:02:36,,,25.09.03,BOA
09ea6149-89ce-49f0-9dc2-90955569d5aa,Toma Toma,https://play-lh.googleusercontent.com/a/ACg8ocK0JjJ_FhtcZeUXA-coCRKR9qqg0F0DgWA4Az4u9X_Pv02SDw=mo,good ap,5,0,,2026-03-17 22:09:50,,,,BOA
4e61715f-d0e9-4bbd-8421-f40d7b4b7f0c,Edget Shimelis,https://play-lh.googleusercontent.com/a-/ALV-UjWIasUElxi2ywLo1biy1DBZdyip1W4mCKIJOBvUHUmzaoGceTYt,Very nice application,5,1,26.02.21,2026-03-17 21:33:30,,,26.02.21,BOA
f58f914c-0ffb-4628-85f9-bf8a1b437f91,Woretaw Tadesse,https://play-lh.googleusercontent.com/a-/ALV-UjV3C6OCV_Qft-_owUkUPtAtbq_cF4usv0jYciae6ImIHaRE7LrX,the BoA is the smartest app,5,0,,2026-03-17 20:04:57,,,,BOA
060d78f1-10a0-4b14-92fc-42b6f8522711,abebe gebremedhin,https://play-lh.googleusercontent.com/a/ACg8ocIjzuJaNy2gR1NV9WJA4LCW7igEqix6kuosHNMDi2gDArBPWg=mo,nice,5,0,25.09.03,2026-03-17 19:55:05,,,25.09.03,BOA
39c77552-ecde-49f4-a8f0-7e6ec8c5c777,Brex Alex,https://play-lh.googleusercontent.com/a/ACg8ocLMIT4cUKaa--0wjW3zYJLqPCLtaX8XA0F-420mKIHw06FMmQ=mo,Wow!!,5,0,25.09.03,2026-03-17 18:31:36,,,25.09.03,BOA
0adc215d-c5a2-42e4-a33d-d53eb5255472,robel gebru,https://play-lh.googleusercontent.com/a-/ALV-UjU3awbdVyaw_-I_dQ2XFBULwvMQpJN614q6wl53nuX9jfUCQmIB,v.good,5,0,25.09.03,2026-03-17 18:07:57,,,25.09.03,BOA
ba8f8347-bd95-44be-8932-97c3f2956f60,abush Yewa,https://play-lh.googleusercontent.com/a-/ALV-UjUhkQPpGz_X-XG0UrJ0PQazzUBJ8kGcO_mheIsfKt6M3mOFtUM,wow,5,0,26.02.21,2026-03-17 17:57:37,,,26.02.21,BOA
b18f9e3b-0b2d-422c-82ef-5509224392c8,Siltanu Woldemeskel,https://play-lh.googleusercontent.com/a-/ALV-UjVh98owJeFtvKLYO9wkP56j-qBhf7AouIjnY2XmGhJwjAD5RqmQ,best,5,0,,2026-03-17 17:23:35,,,,BOA
030395b6-8973-46bc-af95-d79fa6fb7fec,Remedan Shame,https://play-lh.googleusercontent.com/a/ACg8ocLUtU9jG-5jPIZ6WBCslN6Ew8D-sO_WEsTlh-lNnUWZNcXbTNI=mo,very excellent and truth application.,5,2,26.02.21,2026-03-17 17:09:01,,,26.02.21,BOA
a72d0ffe-b307-4b67-bfe0-a8b44cfb323d,Asamenew Bedane,https://play-lh.googleusercontent.com/a/ACg8ocKrjNoadXOVnJjijq-TfFOmuRYKuZuTAVQtU6O2atQP5zARfg=mo,very good,4,0,26.02.21,2026-03-17 16:19:40,,,26.02.21,BOA
f0660042-ece9-4c99-904f-b3dbd6911219,Iron Lady,https://play-lh.googleusercontent.com/a-/ALV-UjUVXaplADwnGT0vZ7YNVi3GGd1at8pilJMU0xwdsBg8KW4cBJkl,"All problems are fixed now , easy to use recommended.",5,50,26.03.13,2026-03-17 15:28:29,,,26.03.13,BOA
37e22804-5a4f-41af-a915-8e1fe824b423,Ahmed Yesuf,https://play-lh.googleusercontent.com/a-/ALV-UjWm6CckD6SkF87PAu4_j4H4a2QI30o9SNvn8dck_F7_8yJ10hsc,it is slow app pls update more,5,0,26.02.21,2026-03-17 14:51:45,,,26.02.21,BOA
65ad93b2-92b3-4617-a108-ad4372743b5f,Fitsum Hailu,https://play-lh.googleusercontent.com/a-/ALV-UjXNYwwsK5mQjSIrwbMcmLnpWr-tP3K9hfaQjLG0u_DxufdCeZaE,good,5,0,25.09.03,2026-03-17 14:44:06,,,25.09.03,BOA
ab97e88f-949d-4afa-8d55-1d3550cfc1b4,Behru Mensur,https://play-lh.googleusercontent.com/a/ACg8ocLrgYXXV2LxEpz3pSCCSBSoE9VlU82H3-Wm8mBHatFxFfkqMQ=mo,amazing app ever,5,0,26.02.21,2026-03-17 13:17:29,,,26.02.21,BOA
96e99b1d-3f4e-493a-81d8-e24d64fe9917,Tour Ur,https://play-lh.googleusercontent.com/a/ACg8ocLXBGyZlk_BSr9qXiOrYZk1XxgSrNCd_ihEOvT-8qMqOO02nA=mo,It did not work at all for me,1,1,26.03.13,2026-03-17 13:06:11,,,26.03.13,BOA
22e5506e-0a34-4fa2-8e9a-e5d95c838a16,bereket eyasu,https://play-lh.googleusercontent.com/a-/ALV-UjXeWiH23y2H7o3ZArxpkpcnr9Ji_SKlu24blFw0F8QeiCN82ww,besat🥰,4,0,26.02.21,2026-03-17 09:15:05,,,26.02.21,BOA
6f7469d0-92a9-4c1b-a681-7d05865f2c73,Petros Gebrehawariat,https://play-lh.googleusercontent.com/a/ACg8ocJhwoAAE2eyCaTXXn59NgMuP0phD1g1v542g6aSkIzO5OGx_A=mo,amazing 😄 service I appreciate it,5,0,25.09.03,2026-03-17 08:56:41,,,25.09.03,BOA
4c486849-a97c-43c4-a07a-784aaca084eb,Abdu Hasen,https://play-lh.googleusercontent.com/a/ACg8ocLv6trlxynjt4m_qrz6JwFOAj-moyhqG9DlmaGcGOXeqC2pTWM=mo,no limit app,5,0,,2026-03-17 00:22:38,,,,BOA
b158b82f-2480-410c-bce9-f745033367ee,Semegnew Vergo,https://play-lh.googleusercontent.com/a-/ALV-UjXXPVIkHIpkI5EtgWK7Ac1ipyO61PTecx9KX05k6Ki4sksBW-I3,Very excayeted and degjetalization more accecing to any markate enabled servece also hamble so more atande,4,6,26.02.21,2026-03-16 23:29:33,,,26.02.21,BOA
d770ebf8-251b-4a57-8a5d-3d6aef512e06,Mehary Mezemir D.,https://play-lh.googleusercontent.com/a-/ALV-UjUtPavXxQb7IUMJCJZ-rwgOsFU55pvF6DJ1t-40k8eb5OOHZNkwaQ,Best !,5,0,26.02.21,2026-03-16 17:58:39,,,26.02.21,BOA
771ca16b-78f0-46bb-ab16-0c79fd487527,Eyob L. Getaneh,https://play-lh.googleusercontent.com/a/ACg8ocKW3pjcaViV6dlSgHGJfpwFRjW1rM1yLj7u5IJoJQwyOunBPWg=mo,the app is always full of bugs and I don't know why they don't even try to fix them it's been like this for years it's always unstable,1,2,,2026-03-16 17:35:33,,,,BOA
d7f3d46c-c135-448e-81d5-ff8c093ae343,Kesete Tesfay,https://play-lh.googleusercontent.com/a-/ALV-UjVIhNql_aXyOCF5Sxthd6AMEUcANwerfDlWSu09wjKejRX1VNTC,very good,4,0,25.09.03,2026-03-16 16:38:16,,,25.09.03,BOA
457d0b18-98e6-4d98-8062-a96227cdde43,Mrutse Hagos,https://play-lh.googleusercontent.com/a/ACg8ocIEX7LkEANMRwXCd7UcA0Khquo16lHVBRj4-nzusvrGue_E2A=mo,fast app,5,0,26.02.21,2026-03-16 16:19:33,,,26.02.21,BOA
028ff8b4-4681-40d6-828a-eabdf8317bd0,Abdurazak Edris,https://play-lh.googleusercontent.com/a/ACg8ocJiKT1HA_QdnUYbpgZzB0ekWuTFbNWG5B1hp43hzPrVe8kLdg=mo,best app,5,0,,2026-03-16 15:58:56,,,,BOA
591b2055-caa1-4f65-9b4a-a982f7d08a6e,Digafe Alemubirete,https://play-lh.googleusercontent.com/a-/ALV-UjVKkyovJHCJZnRF5dD5tpzPftkZKHdc5jhB6kirElGd6V54EXE,very good service,3,0,,2026-03-16 15:27:55,,,,BOA
abefc5fe-bb89-461a-8e18-92f1d056fafc,Alemayehu Aserat,https://play-lh.googleusercontent.com/a/ACg8ocIlf41i4a1KMjCosy6HXd8TBA9dQi6Q5Qn2vBcFcHpp0WwHpw=mo,lovely app,5,0,26.02.21,2026-03-16 13:33:30,,,26.02.21,BOA
880076f1-597b-43f0-a72e-b2d551a85413,Nigatu Asfaw,https://play-lh.googleusercontent.com/a-/ALV-UjVcDKqH6Y4--wFPDQMl1mqQPfnRLqb_C7TR_copC4E70cPXzGTL,"BoA easily accessible, fast with best service, Go ahead",5,11,26.03.13,2026-03-16 13:19:54,,,26.03.13,BOA
e2cee706-7312-431b-bcd1-e2fdb7b8a67f,Sami Katira,https://play-lh.googleusercontent.com/a/ACg8ocKzMrRNk6MJGvMoPdWJRs2epideQbhS5Rfg0dI01RCiSOq2gw=mo,its so amazing,5,0,25.09.03,2026-03-16 10:05:14,,,25.09.03,BOA
19e1b3b3-ae93-405d-aa6a-a75f6373e15c,natnael g/mariyam,https://play-lh.googleusercontent.com/a/ACg8ocL753Ha2d3lRiLPmvO9hnHr2E7GBHynwbyVXJPsKswmmJ-Awg=mo,good,5,0,25.09.03,2026-03-16 09:23:47,,,25.09.03,BOA
e72809bb-85c7-470d-98e9-48f3600af1aa,Mickey,https://play-lh.googleusercontent.com/a-/ALV-UjUSoX72rlWYinu7act7LMGI1nTj03_3KZsPfxBnc3lv6DRb7ls,Now this bank is among those Ethiopian banks with best mobile banking. N.B I will give 5 star if the app asks a PIN before completing transaction.,4,11,26.02.21,2026-03-16 09:04:48,,,26.02.21,BOA
cf3ae773-6780-4a73-b09c-c8757ad32902,asfaw arficho,https://play-lh.googleusercontent.com/a/ACg8ocIYhZKG65jNiuf6kTB4qu-Gmu0JUFyQGUsxy2Hk1Zawbqt4IA=mo,love BOA,1,0,26.02.21,2026-03-15 15:19:43,,,26.02.21,BOA
c25d4aae-15d7-4953-9047-5885725de079,Dawit Wondimu,https://play-lh.googleusercontent.com/a-/ALV-UjVt_HpfohErr5V8dpf55x4ONi4Cv5xl1ZDL6D3Wo7rXAQgUs3E,wow,5,0,,2026-03-14 14:35:22,,,,BOA
5ad04066-3460-4e16-b5c1-a886078b0085,Black Wolfe,https://play-lh.googleusercontent.com/a-/ALV-UjV94QnKvdNqxtM9BwPOI0OEp8voFg93TtzWCPBkfLbdcvp_fOo,i like,5,0,,2026-03-14 04:23:56,,,,BOA
b060812c-af12-411e-a626-a07bc4b24f5f,NEZIF MOHAMMED YASIN,https://play-lh.googleusercontent.com/a-/ALV-UjURsu-7Lx2DO_D_3S_J_SVPn5PUXWY7aC3_xoK1pByJgw-08uVn,it stucks and jumps out,1,4,26.02.21,2026-03-13 16:50:45,,,26.02.21,BOA
ee67fbbe-15df-4e7e-9ff9-bd14b94a91fe,fkrte asfaw,https://play-lh.googleusercontent.com/a/ACg8ocLNtv8BVRY1wC1mKYjYWEsoKXWQvh3LWHYYvZV83GvPlhu77A=mo,ማስተዋልይርሳው,5,1,26.02.21,2026-03-11 13:12:22,,,26.02.21,BOA
b6b7e64a-7e99-417d-a38c-e9eab458361e,China Habtamu,https://play-lh.googleusercontent.com/a/ACg8ocKwvzi1SZPNM4weGGr3VJ7A4jRiE07Yfm-sjr1lmAP5C6oZFQ=mo,1 ደኛ,5,0,26.02.21,2026-03-11 00:15:33,,,26.02.21,BOA
3f34c8ab-9104-4850-abfe-95e3ba71a8be,Fitsum Hiwot,https://play-lh.googleusercontent.com/a-/ALV-UjWlm0BVXv_WfpK8IXlT0DXDgego3YdKguCW9Ivje4k5CsEkZAuf,nice,5,0,26.02.21,2026-03-10 17:47:02,,,26.02.21,BOA
b96d31a2-9360-43ab-ba3c-a44b324f8288,Anteneh Mesfin,https://play-lh.googleusercontent.com/a/ACg8ocLXfHNN1SmAfwuH4t7QTG7NpieMJYgt87GQ3XFfTgk7IkKMew=mo,considering the fact that bank is huge this app really bad you could do better,1,6,26.02.21,2026-03-10 16:31:41,,,26.02.21,BOA
b74e2378-9d8f-4517-a7d6-79984c8fc1c6,Dawit Abrha,https://play-lh.googleusercontent.com/a/ACg8ocK8K2Esm1DweIOU7grw5ibSuwIlCVjZVBMWvbY_KxQE8w0s9g=mo,fast security 🔥🔥🔥,5,0,,2026-03-07 12:38:41,,,,BOA
2f243de4-32f8-4508-965e-ddfc6bc03360,Kedir Anwar,https://play-lh.googleusercontent.com/a/ACg8ocL868T2JNZRnMtm9alOxhZ0WZTt3XOSCFIUm9F72JbZm0cDhg=mo,100% 😱😱,5,0,,2026-03-07 12:25:12,,,,BOA
90bd6cd8-0f2a-40e8-a6fa-26cb0c45dc80,zukurudo mifune,https://play-lh.googleusercontent.com/a-/ALV-UjUT8SFZshjo_4i7nlo25p_8w_3nNT4Y3muaCXv9eV1d7v6qBqU,doesn't work.,1,5,26.02.21,2026-03-06 02:33:39,,,26.02.21,BOA
4900e135-fde5-42b2-89f1-086fe9058fac,Toyba Mussa,https://play-lh.googleusercontent.com/a/ACg8ocLj_-4ht3I3PWhS4QyXkMumpalx-72MLpzzHtLZIFyf5upSDQ=mo,nice,5,0,26.02.21,2026-03-04 02:46:00,,,26.02.21,BOA
5e6379c2-86ca-4666-94d0-fef6ee4882c0,Neserech Mistendarkat,https://play-lh.googleusercontent.com/a/ACg8ocLkq0rzHHoJNwBTnb0MjvISjdCqSEJLW-ARfpJco3wd8J6J7Q=mo,atdtd,1,0,25.09.03,2026-03-03 11:37:40,,,25.09.03,BOA
269bf571-95ad-4fa1-ba20-82102be383ec,Andargachew Ayallew,https://play-lh.googleusercontent.com/a/ACg8ocJB7871JeQ44srGjulUUZSCSNSV7B1PP7xRDXfPPzn-yMKybQ=mo,Its so boaring app I ever had....please review and fix z deficulties,1,14,26.02.21,2026-03-03 02:47:23,,,26.02.21,BOA
2f1b12ec-7f68-4d5a-8278-28efad754be7,abdelfeta afeza,https://play-lh.googleusercontent.com/a/ACg8ocKCIvSpAxfxrxZgtDJvkVpdF4nHUkl27WOUOs39vWyNTkvkEA=mo,ፈት አፈዘ,1,0,26.02.21,2026-03-03 00:02:53,,,26.02.21,BOA
e763cbeb-416d-4a76-9dcd-1f4139eb794f,Adisu Tabor,https://play-lh.googleusercontent.com/a/ACg8ocI4dN42EMlKpDQLFOtnMyzpsmjt5UiEvbfx0e2ZqSfOkBPP5A=mo,profesionl,5,0,26.02.21,2026-03-02 12:03:39,,,26.02.21,BOA
04cf6168-e6ea-4e78-bfda-3a74588a4bad,Mebratu Yirdaw,https://play-lh.googleusercontent.com/a-/ALV-UjUgpc_ikD9KgPRG9ubCp4WDuIf5r6R4yFcI0m4huiTEjhFTOXz_,nice,5,0,26.02.21,2026-03-02 02:15:36,,,26.02.21,BOA
902fe048-d11b-4c3f-b87a-5bfc7f335399,Abinet Mekonnen,https://play-lh.googleusercontent.com/a-/ALV-UjXZjqIkRgcgMBDGfsIRAcGV6Z9ch7HwDCTGIX6691iJxHl2zbM,very nice,5,0,25.09.03,2026-03-01 17:39:22,,,25.09.03,BOA
1c8d7526-0c07-4eaf-ab06-b71ea9a2452e,Aman Gere,https://play-lh.googleusercontent.com/a/ACg8ocKd7IWK0D0VZbBSQkTToG0SOd6W6BzSp1lMH76qIbf_ZnSLGw=mo,no app,1,0,26.02.21,2026-03-01 08:58:51,,,26.02.21,BOA
8d47e2b8-571a-49e7-8b7e-3a25c87f7f52,Jafar Husen amad,https://play-lh.googleusercontent.com/a-/ALV-UjUrZr6aS_iH3j5uHBd7YAbUgNty2AILyDgI3GPbqFkFx_UCyJj5,BOA mobile app,5,0,26.02.21,2026-02-28 00:58:15,,,26.02.21,BOA
0b1b9aa3-78f5-45bc-973c-925f33baa3ff,Ibro Taha Mohammed,https://play-lh.googleusercontent.com/a/ACg8ocKPF7jfPvCDZ7cGKzLfyrLy6NgzMjU74LS5k_8AbCmch1d2Ag=mo,"Good App But big problem with Trasfer to other Bank im send some money to other bank still not reach it ,it's take time around two days",4,33,26.02.21,2026-02-27 16:46:37,,,26.02.21,BOA
ac798833-2852-4806-b49c-0870a2ca8021,Nahom luel Luel,https://play-lh.googleusercontent.com/a/ACg8ocL9YJvuBQJyELJLWLek18Tvr3ktaIM41tknhgVK36Ulh-c1Kw=mo,Use the best bank account ✅👌👌👌,5,0,,2026-02-25 04:16:11,,,,BOA
1b01f5f9-4a1c-44e3-8b89-9403a703309a,Obsinan Dajane,https://play-lh.googleusercontent.com/a/ACg8ocJi8Ow448246yua_RckBu7S5wzLm937l6GRDsdLRmgihcbl0A=mo,well app,5,0,,2026-02-24 15:34:02,,,,BOA
e1556dbc-4ca8-4d4f-a9e5-f2bf4a8559a5,usman mohammed,https://play-lh.googleusercontent.com/a-/ALV-UjVqanI_BJJa7Vy9JqMD_EjFpG5fyY9UeQtxZcvKDfM6Ga5JQU3X,"balance sync is working after 24 hours, frequently stop working for the last 4 yrs, boring update released, very poor service",2,31,26.02.21,2026-02-23 08:12:09,,,26.02.21,BOA
41416c47-1d5e-4b6c-8a1d-695bcdb3beab,FIsseha Abadi,https://play-lh.googleusercontent.com/a/ACg8ocJAW50_XNxajqyHgZ47Wz-sItGXRnPQImQicKVYZy8OECC6TA=mo,Excellent service thanks,5,0,25.09.03,2026-02-20 11:34:26,,,25.09.03,BOA
0affc54a-f15f-4be9-8016-e66f03100f76,Debela Ideto,https://play-lh.googleusercontent.com/a-/ALV-UjW_EhN-5XOGdam3f0-26r2XTmbMqcAFDbafpmUJFKBpFJRQ-Bk,good,5,0,25.09.03,2026-02-19 13:34:36,,,25.09.03,BOA
4b90ec20-d272-4b58-87c8-018dba03af72,Hamdia Jemale,https://play-lh.googleusercontent.com/a/ACg8ocL-hmdhVZVwBqriKZnz-nPHo-spdI_cC84tLSh9rr0hXk5_mA=mo,good,5,0,25.09.03,2026-02-19 04:06:32,,,25.09.03,BOA
604bf68e-7785-44ee-81b8-76f281427bbe,Brkti meles,https://play-lh.googleusercontent.com/a/ACg8ocJqoGQP12OcnDPwSPBHiJsWTzyeRAuZODrsW-kYbkGIGA1g14Rw=mo,Good,5,0,25.09.03,2026-02-17 18:53:42,,,25.09.03,BOA
df20cbb3-6c0a-407b-9b4c-c761713ce51e,Yohannes Tariku,https://play-lh.googleusercontent.com/a/ACg8ocJ8Po9_xjssDTFQ1Kk7keUSxmQgsjsUPY8i0sTlNE_ZlKfa8g=mo,it crush every time you opend it it is hard to pay quickly or to access,1,6,25.09.03,2026-02-17 10:27:49,,,25.09.03,BOA
c15244f8-25e1-4fca-9ed1-daf0e9ac0e2e,gadisa worku,https://play-lh.googleusercontent.com/a-/ALV-UjVd0vgg_Iw_-MiNoApuAhsYL397EX68vW22Kh2O-kOHT8gM6GDc,it is a best app,5,0,25.09.03,2026-02-16 02:05:31,,,25.09.03,BOA
5bc9361c-080d-46e3-8671-94ac9f69c029,Fitsum Alemayehu,https://play-lh.googleusercontent.com/a-/ALV-UjWXYOotZQSORDtvUGpSA62PXGPXLaCO0BrGWWPUBMuTpLX6_jjX,"this app is useless, i try to use it but the app crash and log me out and this is happen again and again. i thought they will fix it on update but there is no update.",1,9,25.09.03,2026-02-15 07:50:01,,,25.09.03,BOA
2b184e78-5b24-4948-af50-ea702dc35ebd,Yemaryam lij Yemaryam lij,https://play-lh.googleusercontent.com/a-/ALV-UjV7LccYbo0UKbFjJZYMz7hkNuuRUr8tqlgNmkPTvzrAt2HGe14,"It’s very hard, it’s not working.👎👎",1,0,25.09.03,2026-02-11 16:55:01,,,25.09.03,BOA
b642100d-0a91-4481-8719-d1ca5d02d5a2,Zerihun Beyene,https://play-lh.googleusercontent.com/a/ACg8ocI87Q5QvHJwYlgx6D63NQAQaEs2AqKqHJRuf8Z63BUFhD1y3Q=mo,v.good,5,0,25.09.03,2026-02-11 04:29:55,,,25.09.03,BOA
199f8774-a008-4b97-9981-35d7ce1cfb64,Abraham Asrat,https://play-lh.googleusercontent.com/a-/ALV-UjWB9UwMyyIINPvbZbeW8-X4x_TPJuULuiTyrdRH3Mw4dDDtOHAf,some time the app would have been a problem to open,5,1,25.09.03,2026-02-10 22:46:44,,,25.09.03,BOA
45f2bcd3-fde8-4b9b-b49d-7426427aee27,Ferenjo Biftu Wako,https://play-lh.googleusercontent.com/a-/ALV-UjWl-tp39R25zzndqqMxC-Eu70Oh5ykRJaAxaGN3bmxYNZFW21-QvQ,good,5,1,25.09.03,2026-02-10 09:43:43,,,25.09.03,BOA
0a96ec4a-3a1d-464e-8730-660271fd1448,Lazike Nuru,https://play-lh.googleusercontent.com/a-/ALV-UjX-HER77SD6tDZp2K4CV_0a7pLZ3Tr0Q-AgxRVZ0hHcJGimEW4W,good,5,0,25.09.03,2026-02-08 18:42:24,,,25.09.03,BOA
3e3f5f99-6936-4e16-8758-22e9e2162f87,Yohannes Berhe,https://play-lh.googleusercontent.com/a-/ALV-UjWOkCSCZwYBVr8QjvrJdCGOyb5NDZO3MqSaiyua3VEnZ55Zat3U,Its not work accurately please improve your mobile banking,1,3,25.09.03,2026-02-03 09:19:03,,,25.09.03,BOA
16dea464-9d5d-4ba1-9daf-6be0f1a9fd88,Utopia perfect.,https://play-lh.googleusercontent.com/a-/ALV-UjX8CRdngC1XTO_x_9FZq1Yr-9h4AKaKo_4T3eemN86CTfnq08PU,the most doagusting app from ethiopian banking especially on weekdenda🤮🤮🤮🤮🤮🤮🤮,1,0,,2026-02-02 22:36:33,,,,BOA
13071770-c8c6-433e-8b5b-fb756d545a5c,Wendo Mechesa,https://play-lh.googleusercontent.com/a-/ALV-UjVVOOoj1_T1cmgEzRkUgPq_ZXoUix367eZWGZMHcVW0mnRHaH0,wondo mechesa,5,1,25.09.03,2026-01-31 15:48:52,,,25.09.03,BOA
20309f7f-db6b-49b2-92c4-07edae1f8db5,Miki E,https://play-lh.googleusercontent.com/a-/ALV-UjXk9jc9mf_ksGHFc5nwXpPj5lpbecaYm3VHi07QdOkmvlUDqS17,good but the user interface and animations need some upgrade,4,3,25.09.03,2026-01-31 12:31:47,,,25.09.03,BOA
3da870d0-98d9-473c-ab31-6d2c9cad7f39,biniyam getaye,https://play-lh.googleusercontent.com/a/ACg8ocLeVTMPWAgO6i2X7Vl0fyOTH62yZDl_FGuZiqB3hHoa8O89uw=mo,what is wrong these app ?,1,0,25.09.03,2026-01-30 18:46:57,,,25.09.03,BOA
7cd190a4-5f44-451a-9d37-6da8dd4d1f57,Umar Gebo,https://play-lh.googleusercontent.com/a-/ALV-UjXRk8ThaOw1X0k61tXzN-s5W3Vf2Vcnz0OMVFdAS5Y0mJAujTOK,very good app,5,0,,2026-01-29 12:39:44,,,,BOA
f8f9ec99-ef80-4ac6-8be4-5743e1f6f0ab,Shewaye Lema,https://play-lh.googleusercontent.com/a/ACg8ocLci84YNGntpSRk8SOlawC3ozZThG3trwxD-sPrx5VBcI7CaQ=mo,unsatisfied to your mobile banking application,5,0,25.09.03,2026-01-28 01:41:02,,,25.09.03,BOA
4ca9efb2-a8af-40a6-91b8-1899645f7582,Kedir Abdelkadir,https://play-lh.googleusercontent.com/a-/ALV-UjUJjjZsY6qqt0qpgpRpzooLXTV8yPxT4BEmamenxDBMwetXE3A,"Whenever I want to see my balance, the app says “no” and logs me out. Looks like the developer doesn’t want customers to know the truth 😄! This app really protects my money. It logs me out before I can even see my balance. 👉 Honestly, this app doesn’t reflect the quality of Bank of Abyssinia.",3,15,25.09.03,2026-01-26 18:50:33,,,25.09.03,BOA
71d207ea-ad18-4a76-a093-a890e82b454c,Koang lony Gatluak,https://play-lh.googleusercontent.com/a-/ALV-UjXLoUdbp5GnO_FLWnTiivMORKB9W_5JGynohB3w-obPrQWkPmLv,"BoA Mobile is boring, imagine if you install it to your phone it crash when once used and require reinstall. I downloaded ten times but it still crashing.",1,11,,2026-01-25 17:13:11,,,,BOA
783ae780-ffff-4085-9730-09fa060fa065,Eshetu yigzaw,https://play-lh.googleusercontent.com/a/ACg8ocLn40ntBzKl5LwL7lOM4tbHjrRjnNs0XuBQs94TIqFkaEbuUA=mo,እሽቱ,5,0,25.09.03,2026-01-24 23:06:48,,,25.09.03,BOA
4c8f5859-cf60-422a-be30-863ba8bf565c,Tatek Kindie,https://play-lh.googleusercontent.com/a/ACg8ocKdjIGfYEGbbVpzRZkeG7hW6mUys0boVTPIcbYlm4B7g15B6No=mo,very clumsy application. it sucks alot.,1,0,24.07.04,2026-01-23 21:47:52,,,24.07.04,BOA
a15ff5a3-ad7a-4327-b1f1-9e7fb56a2dd1,Ruth Mulugeta,https://play-lh.googleusercontent.com/a/ACg8ocKRBqs9jlqOCB7Yi_lC52L4svYSkI5RtW7719NlgcpYMEEs9w=mo,so perfect in everything,5,0,25.09.03,2026-01-22 20:08:57,,,25.09.03,BOA
dcf9e453-1fa8-43b1-ac74-ffb3698e6fb3,Ab Man,https://play-lh.googleusercontent.com/a/ACg8ocKgF6D6iQ10XMtb2YuvLN9kTE-zSqD2Z8510C0eAUnAMBx0mw=mo,yse good ap,5,0,25.03.07,2026-01-22 16:19:27,,,25.03.07,BOA
6b04c7d4-5071-4380-99e7-55647f09b66c,Zenebe Wolde,https://play-lh.googleusercontent.com/a-/ALV-UjVDz18aNLYom2RCcD0GPCUlN7PdFfPMmbddvdcukpUavnnUbUA,the worst Mobile banking app👎👎👎👎,1,0,25.09.03,2026-01-22 08:35:04,,,25.09.03,BOA
55d85e25-9e55-4a44-8cea-69036e375391,sisay Berga,https://play-lh.googleusercontent.com/a/ACg8ocLGT9YhTjQ7FV3DwkKDo9MdblUAWGajU7H88gd0FlxhSuY81Q=mo,እየሩስ ፣አይለ፣,1,0,25.09.03,2026-01-20 22:09:01,,,25.09.03,BOA
ec121061-4e56-4d1e-bec5-f9c2a8bc3861,Dear Mom,https://play-lh.googleusercontent.com/a/ACg8ocKOqPTkhmtOUSwQHpawA8bC55nRtVg-wm1HlGwByF4qqEAArQ=mo,very nice,5,0,25.09.03,2026-01-20 13:55:50,,,25.09.03,BOA
5df19f53-99d4-403f-a50c-4988e895fc45,legesse wedajo,https://play-lh.googleusercontent.com/a-/ALV-UjWkb5ZP9L9Mxo_FKiroCRkUhlSyu_qJ1SWLSZzSKvglqcm9Ejsd,very Good application,4,0,24.11.22,2026-01-14 22:19:32,,,24.11.22,BOA
bc087f97-15fb-42f0-87f3-b0b77fef6caa,Dejene Demisu,https://play-lh.googleusercontent.com/a/ACg8ocJaVbUu5jBRPgb00I1uQksbRUBszHm7s-Q7lrMWs6VoXtm4Gio=mo,yes,5,0,,2026-01-13 15:59:48,,,,BOA
49624e4a-3ed8-460e-8845-b5ecd6c1c407,Wondewosen Alamir,https://play-lh.googleusercontent.com/a/ACg8ocLqpuxlHxXgYmQLCjEKPhfRbbeVObAFPjgyWrO6NBacxEKb3A=mo,app doesnt work,1,1,25.09.03,2026-01-10 17:26:50,,,25.09.03,BOA
2388f131-7757-4160-92a6-8cc9c7fae515,biruk king,https://play-lh.googleusercontent.com/a-/ALV-UjWoL3uVnEDO_XPZ1JOtx-dSAvHnBeldDzIWp3XqgfaOlR2ca3z7,it's too slow and when you are in a hurry don't use this app,1,2,25.09.03,2026-01-10 15:56:11,,,25.09.03,BOA
e16cd6e0-4177-469d-9eb4-4e64cad960bf,Nebyou Teshale,https://play-lh.googleusercontent.com/a/ACg8ocKxsYZxz0Eu2iAkQWERR1GR_1IOkmBTQTBTdHpQ-6bxhCg-qA=mo,The worest app ever .work hard and do betterthan this,1,1,,2026-01-09 19:57:36,,,,BOA
b8b7a5c7-1d72-4cc3-9d5b-b7d741ffd5c6,Tadele Tekeba,https://play-lh.googleusercontent.com/a-/ALV-UjXDwiyMBjP7zQWPAIBlVchdNDluYFKiTQjzb5llsrHRrcUnJxYR,The app is always glitch seems there's is significant issue from the backend. Can someone take a look on this or just remove from appstore this trash 🗑 🙄. Thank you.,1,9,25.09.03,2026-01-07 07:16:09,,,25.09.03,BOA
ae5f0405-2264-46d1-bc08-ccb58875d5ad,Alelgn Yebeyen,https://play-lh.googleusercontent.com/a/ACg8ocIesI8zY2zSIgG2DFXDTqoEp_ezOAYoOpCNDyuAappV_Y_3Jw=mo,n m ű,3,1,25.09.03,2026-01-06 20:11:11,,,25.09.03,BOA
fa7caa2b-b19e-4792-b813-d00fc0745e8f,dawud ali,https://play-lh.googleusercontent.com/a/ACg8ocILUIcWC6rbKiZv-5I_OUoAo7qjwUUqJ5LnamqnHUcumsHXSLU=mo,so good,5,0,25.09.03,2026-01-06 14:40:05,,,25.09.03,BOA
eff1b654-1253-40cb-bbf3-1cf27f397053,Brhane Welearegay,https://play-lh.googleusercontent.com/a/ACg8ocLsB6v-w1GRf58I1TgU7tmyxrUqcUpDDhQlKDmGKWAU4lo24A=mo,my app is not working .,1,3,,2026-01-06 09:36:21,,,,BOA
a2ee4948-9c2f-46b0-9891-5fdd918cca0b,Jal Keat Tuach,https://play-lh.googleusercontent.com/a/ACg8ocKTS4JF28TSpB1Mn5u8NYkeOCHHD9i3XMcBDepz5JnBdPcHYr8=mo,"Problems with internet, the app sometimes says there is no internet connection while Internet Data is on. this needs to be fixed, it's unacceptable not being able to access your bank account when you need it.",1,1,,2026-01-05 20:39:22,,,,BOA
98969eef-948e-4ef5-a077-f9ddb2ecc728,Seid Feleke,https://play-lh.googleusercontent.com/a-/ALV-UjV9JcwxbGgIrgAdqzyLqHQt-qUha7YklKjxqH3ceo3OJ0Waz_JV,"There's only one word to describe BOA mobile banking app, and it's 'እንጨት'. It's been the worst experience and it's continuing to be so.",1,4,25.09.03,2026-01-04 14:08:08,,,25.09.03,BOA
1e3d61ab-ef9f-4c7e-8532-1ab52f6c8b30,Haileloul Hulumyfer,https://play-lh.googleusercontent.com/a-/ALV-UjVbjxNfhsd_1mUOxHzcKT4hnc9brOQnL0iWM55wM8usnidvyhM,not good update it again,1,0,25.09.03,2026-01-04 09:06:33,,,25.09.03,BOA
34f12fdc-1db2-4568-9028-65e1a7ccc4eb,Abdulaziz Mohammed,https://play-lh.googleusercontent.com/a-/ALV-UjXK6pIiiOrXbcFUPve7EeosXSYWNPfkj0YI2a2nENMcirVvMEan,the app not works on samsung galaxy A06 models it's directly kick you out of the app whenever u want to use it amd and then it's says the app is not working i hope they fix it soon,2,2,,2026-01-04 00:52:21,,,,BOA
c96ffbcf-0e9e-4289-8e2e-f3a5a1bef402,Firaol Abera,https://play-lh.googleusercontent.com/a/ACg8ocIWAYfxigUZS8V3NoY4gpGtuKWlHvsFZl8ZT1yqiGWJOamHBg=mo,The worest banking app i ever used,1,0,,2026-01-03 18:02:34,,,,BOA
f79c72cc-bd38-4abd-84de-b7a6b0900db5,Kedaw Magna,https://play-lh.googleusercontent.com/a/ACg8ocIjy75jH8rsNyKJMIHC7MzjG9hqb9ITCdJ67Oy3dV1lcUestg=mo,"This app is the worst app I've ever seen. Unless the developer fixes it, BOA will lose all its customers.",1,1,25.09.03,2026-01-02 15:17:45,,,25.09.03,BOA
62e8408b-81ea-4aa2-85a8-24ddfcc98eac,Ori Can,https://play-lh.googleusercontent.com/a/ACg8ocLIWHnBSqxxN0l1WM0pxcu46xC_MAleCfauxj1vcANg5daCPA=mo,yetemeta app nw cherash nw apk west maygebawu beza sebeb absiniya tesenabichalewu,1,0,,2026-01-01 07:48:18,,,,BOA
e288bbda-1f49-4a62-aa3f-275967a1d655,Degefu Zepir,https://play-lh.googleusercontent.com/a/ACg8ocIN_L8-XtHofS2NFiREp4U4BA1lg7LT1nWtz0rnBkem3upB-w=mo,ደገፉ ፈፊኘየየከ ወግወ ደገፉ,5,0,25.05.03,2025-12-31 17:16:39,,,25.05.03,BOA
8cbfea11-e41f-4229-9245-0a0ff3cea459,Sammy M/selassie,https://play-lh.googleusercontent.com/a/ACg8ocJyLGKvsK0UvW-3XUa2LfqOoxebxSReH8nQqbXe_Itr_Et3dA=mo,good,5,0,25.09.03,2025-12-27 20:54:09,,,25.09.03,BOA
2e99ba65-3a4b-43b8-a32d-11015fa9bab3,Daniel Mengesha,https://play-lh.googleusercontent.com/a-/ALV-UjV6oRRZWuRA02-fD_2BEhvPh7ggbkG7b7To70Pp4Cp3PfvpKpQ,good 👍👍👍,5,0,25.09.03,2025-12-27 11:49:13,,,25.09.03,BOA
f12acace-3ad9-446d-889b-7a8a4684a2be,Kaleab Tilahun,https://play-lh.googleusercontent.com/a/ACg8ocJdvMZHLovWw78--DStFBeV5MXHhjYpfimpi38SEZPl5hsU8g=mo,best digital financing app in ethiopia,5,1,25.09.03,2025-12-26 21:57:11,,,25.09.03,BOA
f87d052d-1b38-4565-acf8-29ef5de68990,Abemelek Hiluf,https://play-lh.googleusercontent.com/a/ACg8ocK1ZVf6EBrQ7LhqJmsJJWmAynP6I_Czpqnp0cvYfFlrqmAwSQ=mo,wooow,5,0,25.09.03,2025-12-26 20:18:19,,,25.09.03,BOA
19dd9e16-9865-4e08-bb5e-6a2a064f01cc,DEJACH WORKU (DASH),https://play-lh.googleusercontent.com/a-/ALV-UjUcdaODNNHvmKVe87_vmY30UauiRoRyCLpPvARYKuVKF1YityI,very good to be continued to update,5,0,25.09.03,2025-12-24 10:15:21,,,25.09.03,BOA
bc2f17c2-f67f-4aa8-adf0-6764009508c2,Hadi Nasr,https://play-lh.googleusercontent.com/a/ACg8ocLyByfqeOulov5DX2uSH5x3BPcto3acHlWtvEEaCD1CG7LMeA=mo,የአቢሲኒያ ባንክ app,5,0,25.09.03,2025-12-22 19:26:26,,,25.09.03,BOA
d4e85391-d3d2-4665-80f3-22d0c04f7209,marken Medhanye,https://play-lh.googleusercontent.com/a/ACg8ocL4kGzQ9acDz6BszAZuzpAgGA2qRokAogZWYM9nwKieAhwb9w=mo,አፕሊኬሽኑ መጨረሻ ቀርፋፋ ነው:: 2G,1,1,25.09.03,2025-12-21 18:34:15,,,25.09.03,BOA
5540600f-a2c1-462a-8782-744c752fa7c8,Martin Yafet,https://play-lh.googleusercontent.com/a-/ALV-UjXgVtYsAmiahsEwYsQMbpDpmExOrI6SHBCAtIiS21wnNOPI9xU,best,5,0,,2025-12-21 17:50:07,,,,BOA
a710825c-f27e-4bba-8266-2217729f050d,Mikiyas Girma,https://play-lh.googleusercontent.com/a-/ALV-UjV1w1CEo0bjm9UVz8DXEdG0GHB-9ymfJ3bpUM2CZV5jaeqg6n0,"what is this the 19 century 😡,we can't even see our balance,this app is going backwards 😤",1,5,25.09.03,2025-12-21 11:11:45,,,25.09.03,BOA
d59b4505-d935-487a-9f20-3d4d19c87600,Sofonias Ayanaw,https://play-lh.googleusercontent.com/a/ACg8ocLCAl5uJ04M4Sjeltt1NR-GpYe_LQcg1JHi8Rt2joNu3ebfEnQ=mo,The worst Mobile banking app in Ethiopia,1,0,25.09.03,2025-12-20 15:29:07,,,25.09.03,BOA
58327316-694c-4bee-8d04-6a35f9805e61,Dave tamir,https://play-lh.googleusercontent.com/a-/ALV-UjUzmRRiFWWWhzYRy641-RYuTHX2eptmE6qwT8DbdmBW3b1-oisM,great,5,0,25.05.03,2025-12-18 10:47:08,,,25.05.03,BOA
7e528717-d026-4ebe-a624-ab98945b511e,Grum Legu,https://play-lh.googleusercontent.com/a/ACg8ocJMpev0i1SgIsseqwG1-ylhRC2jery6v_WSZZNpT_qusVddNA=mo,Applicationa kerem delile,5,0,25.09.03,2025-12-18 01:05:07,,,25.09.03,BOA
72a2271c-addf-47d8-a890-fbd4bb3fe431,Oscar Oskii,https://play-lh.googleusercontent.com/a/ACg8ocKBO4GYPaMiVgUca9VnlIeuEszbL2bgaOZryU7VI69zoViamQ=mo,fast,5,0,25.05.03,2025-12-17 18:05:07,,,25.05.03,BOA
d92e8b80-e145-4cdf-a0be-df7acf32070d,belay addis,https://play-lh.googleusercontent.com/a/ACg8ocK0t1yizLZ1QkOJocobfczuULDoTXHT2P-KijKVM2FfUau07A=mo,Good,5,0,25.09.03,2025-12-17 10:49:49,,,25.09.03,BOA
1beda9d7-14c8-446e-823d-13a254acec0c,Beki Gosaye,https://play-lh.googleusercontent.com/a/ACg8ocImE3MfSfDXi-XfRnqV9npR8njEPx-BCaDJ3ojqCAcK1GPNMJ4=mo,good,5,0,25.09.03,2025-12-16 15:50:18,,,25.09.03,BOA
8f99a31d-0524-4d92-8838-225f595b2f8e,Kidus Fx,https://play-lh.googleusercontent.com/a-/ALV-UjXPN7u9AxM9c8VZqwQt-mawA42sajGaSaOKJ8bx4LREG5oS4WY,😍,5,0,,2025-12-15 15:38:30,,,,BOA
43c4cd7c-a28e-4f02-91fb-c7376dd27207,Nigatuwa Sahile,https://play-lh.googleusercontent.com/a/ACg8ocLZzAO8jd-wojSBfP4NFCimlplGIlfo74b6VSW_3yUtoRZb5w=mo,best,5,0,,2025-12-15 14:28:56,,,,BOA
ad023847-d9ea-411d-a5fc-93526672150d,Wasil Redwan,https://play-lh.googleusercontent.com/a/ACg8ocIdtyu5lqJz0V0DBGIrXen_YsFt72i1XHlyAhfil5xXe6GmFg=mo,nice,5,0,25.09.03,2025-12-13 09:10:55,,,25.09.03,BOA
5723b358-c596-43e6-ab8b-65078effe1c1,Gashaw Nardos Yohannes,https://play-lh.googleusercontent.com/a-/ALV-UjVwwJr62C9A6j7kiG0zZcdFmL2JzLGCPqvtVTKgwwLyaI28O5UjZQ,WE EXPECT IT WILL BE MORE AND MORE FASTER THAN EARLIER!,5,2,25.09.03,2025-12-13 08:21:22,,,25.09.03,BOA
ea371900-511d-48de-8dea-c6addbf4eb16,Abraham Yizengew,https://play-lh.googleusercontent.com/a/ACg8ocJMR9aIW4869t_DwotBipMuZGsMx5ibVQ1bP9cT87PjZa92Yw=mo,Amazing App 👏,5,0,25.09.03,2025-12-12 20:12:54,,,25.09.03,BOA
d3f86858-3448-43ea-b583-206e07028ec2,mesfin seifu,https://play-lh.googleusercontent.com/a/ACg8ocLEItO-Br4nPz2O70uMexo2bavoWmAXGxc_XksSCyI01O251w=mo,Niec app,5,0,24.09.30,2025-12-12 14:00:05,,,24.09.30,BOA
f1db2116-2cd4-4706-a634-e5a9c6a3b8f6,IMRAN Abdulhakim,https://play-lh.googleusercontent.com/a/ACg8ocIFEXVaBLkw7uql0Rx63EF1qJq8gEMGnF3AuT2B0IJn3ddsqg=mo,best app of the year,5,0,,2025-12-12 12:37:25,,,,BOA
475f9227-bddf-4e35-bc04-ea4ae6ad8bf5,Bat Man,https://play-lh.googleusercontent.com/a/ACg8ocJzUpb38qLWBJCOcqNR9vV3phD01QgHK3P-z5PWniGq2EC2fg=mo,waw,2,0,,2025-12-12 11:40:45,,,,BOA
6f88a64c-ca26-4c95-9f18-d2ede6aebae9,Selam Haile,https://play-lh.googleusercontent.com/a/ACg8ocIUw7yImNgLc9GL-t13QPE70QOwCtMLZgSSeDIEf7_xkVKSpCo=mo,it constantly bugs and doesnt open what is the purpose of mobile banking app if i dont use it when i need it?,1,6,25.09.03,2025-12-12 10:56:13,,,25.09.03,BOA
5a422cb7-54a0-49a6-98ab-cf20ba00d702,Abdulfeta Sultan,https://play-lh.googleusercontent.com/a/ACg8ocJPbA74LE8kW-9-3Xp-eZ7Va9BKwDd7x_jfHkADpUyg9Cxv1w=mo,🔥🔥,5,0,25.09.03,2025-12-10 13:21:23,,,25.09.03,BOA
6e2067d5-be9d-4f24-a0dc-962af7115b77,Eyob Boki,https://play-lh.googleusercontent.com/a-/ALV-UjXRhnKpmZD0XGxERWjm62KTrOn0beN8dZ0pojRolowHwux0d_8,good,4,0,25.09.03,2025-12-09 09:59:13,,,25.09.03,BOA
c1c9cde4-899d-4e0e-8379-2fe807cffb02,Sherif Kemal,https://play-lh.googleusercontent.com/a/ACg8ocLeChpqTxiJqtpTWP1a3TlznvEJtPTN6Rh91LsyjoQVFBoxdw=mo,good,4,0,25.09.03,2025-12-06 06:16:40,,,25.09.03,BOA
65eb86df-c336-4035-bd1d-a014d89f4f67,ayne abreham,https://play-lh.googleusercontent.com/a/ACg8ocLK2--Fk1R67bH6wRjXHDX91b9qQC-1ZcqrT1N4Clon4srEErk=mo,"please fix the bug this app does not work, it says Error The request was not successful. Please check device connectivity or try again.",1,9,25.09.03,2025-12-05 20:26:55,,,25.09.03,BOA
82808a6b-061d-4ba6-87d2-42fcca84be25,JO JOVANI 21,https://play-lh.googleusercontent.com/a-/ALV-UjXjQ9Eb6TyU95_SI_K6ddd0wfHGHTQ73-n387drL2gPutT8RJ9d,not bad,3,0,,2025-12-04 12:46:06,,,,BOA
46d3beb9-1d2b-4714-b79b-b7727d5a6200,behaylu assefa Getanhe,https://play-lh.googleusercontent.com/a-/ALV-UjWll93DQaY20p9SNt5L1nOfeI48ZnXnm89DLI5kuVxLqoqaFwM,nice banking,5,0,,2025-12-02 12:39:41,,,,BOA
7a4c3729-98fc-4bda-a031-835cf4594d78,welsh yohans,https://play-lh.googleusercontent.com/a-/ALV-UjVnK1F8GeHBpE9h1-iF0noyTEGABj9EfzqSCE2jFIojt-dBYXw,what a bad app... cant even learn from CBE ... how can they even improve?,1,0,25.09.03,2025-12-02 11:12:23,,,25.09.03,BOA
d27d3172-fb10-492e-af66-8923ee7a2cfb,Afomi,https://play-lh.googleusercontent.com/a-/ALV-UjW_pZNZFSCkuHtfwbx-kgSLC02Dlqc5AQPpMnJIX0PRiaTCIw5q,it stuck everytime when i use it . the app won't budge to even open,1,2,25.09.03,2025-12-02 07:43:05,,,25.09.03,BOA
1f812386-c485-4fd1-8299-3ffe264668c7,John Thh,https://play-lh.googleusercontent.com/a/ACg8ocLTPUcW2bOR-XinqAgScr5XDK3uzdgoH8QbhheL95qANV3S5A=mo,i don't find it good and now it is not working!,1,3,25.09.03,2025-12-01 20:46:47,,,25.09.03,BOA
843256e6-6275-4ae5-adaf-a01889b8a49f,Abraham Wolde,https://play-lh.googleusercontent.com/a-/ALV-UjW-W9I32_FNEipCTjWrWdjHifDWsoqd7U9vE9TEnahJC789xz0,Make the reason we wrote visible on app transaction.,2,0,,2025-12-01 09:20:30,,,,BOA
60e84fba-4730-499d-8f5b-88e52dda8db7,BEKI Movie senter,https://play-lh.googleusercontent.com/a/ACg8ocJSOZNSE11GisohleK9NCHtjKvzNvryimpmyAqC2vo9noK69w=mo,app is note active working crash,1,4,,2025-11-30 21:57:28,,,,BOA
3463230e-f9f7-4be3-a632-fdd8d017ce84,Yasin Alemu,https://play-lh.googleusercontent.com/a/ACg8ocKOLqrU4Vhi5F1YO2Jl-zhApLGteKo7svn7u8WMuL6koumJAg=mo,🙏👍,5,0,25.05.03,2025-11-29 03:47:54,,,25.05.03,BOA
a6cbfa34-f2b1-4a16-96b6-c94f58cea76f,Wariyo Dida,https://play-lh.googleusercontent.com/a-/ALV-UjWBWnIqDMlj0ptPNMNiW3KljIm-VVaDHn1JRK4-fxYafj6uez6w,Very Good,5,0,,2025-11-28 20:18:20,,,,BOA
fc67d12c-92e2-45aa-a9e0-011f58a583bc,Hailegebrail Tegegn,https://play-lh.googleusercontent.com/a-/ALV-UjWQHYpTOxB5Pb8FInMZdTYqhLxdFHFCoJg4X57ElYmfSQ1-o5A,goof,5,0,,2025-11-28 13:33:37,,,,BOA
11306fb9-5571-4950-8d32-604c5402242f,Tsegay ab,https://play-lh.googleusercontent.com/a/ACg8ocJ5GJnwjFoTtAFz9RmxpQHZFTPyJWzuCrJ87Kg6tIQL7HfZCQ=mo,good!,5,0,,2025-11-28 12:19:31,,,,BOA
f28a3a3c-eb94-4aab-88d2-89bcecebcc7b,ሻንበል ኪዳነ,https://play-lh.googleusercontent.com/a/ACg8ocJsiqL4iJlLK8rpSqOcdkdow38TDcD3taHt8bKE1za8bj4yew=mo,bad exprience...it is so crushed,1,0,25.09.03,2025-11-27 11:41:15,,,25.09.03,BOA
4ed89e8c-16dc-4763-94ca-04d05cf799a5,Tsegaw Fikru,https://play-lh.googleusercontent.com/a-/ALV-UjWCy-dg7aQOsuemZe680KgCqgHM0x4Y0wlIYNRGSTemhkxFL0Xx,not user friendly at all it requires a huge connectivity and also lags many times 😑😑😑,1,6,25.09.03,2025-11-26 22:52:50,,,25.09.03,BOA
f5bfd792-bc81-4d06-99c9-06c7743d3e09,Elsai Tesfay,https://play-lh.googleusercontent.com/a/ACg8ocJ97iD-fJHR5G4_eTTFwwsQxc9P5dcrUYp0qAaPGNxGLvbqpiU=mo,ምንም የማይ ሰራ,1,0,25.09.03,2025-11-26 13:08:10,,,25.09.03,BOA
7ef21cf6-d226-4370-ab96-01c909dbc58d,lij gech,https://play-lh.googleusercontent.com/a-/ALV-UjXt5s8710AqRYutQqQkVIeKzMdWlSUNB5d1FVdtxVbwwjtX50vA,very good,5,0,25.09.03,2025-11-25 13:15:43,,,25.09.03,BOA
896ee9aa-a483-4b1f-b73c-0a26c4b54790,ashenafi endale,https://play-lh.googleusercontent.com/a-/ALV-UjV1zfpVEX24R8_8zdjG2T4ph5y9ALUUusXUb97upzVlF9WZro0,most of the time is not working properly,1,2,25.09.03,2025-11-25 08:23:20,,,25.09.03,BOA
15c3586b-e672-48db-b3c0-09508375763f,Muluberhan Berhane,https://play-lh.googleusercontent.com/a/ACg8ocIqMnjvUSNvLTwHkOprAkUFBAmaON0KK8yp0p201BNcGtRnkA=mo,good service,5,0,,2025-11-25 02:10:24,,,,BOA
6f7113d8-180e-4f3d-83d9-fbe55f9edd69,Kemal Mahmud,https://play-lh.googleusercontent.com/a-/ALV-UjUvc-zrkYJsorLHy-wWTki4DdnsCq2RP-Ky3PmIljb2VOyloVPD,not use for me,3,0,,2025-11-23 18:23:59,,,,BOA
d36fbdcb-b57e-4384-8e5b-ae549e25b33e,Eyosias Adane,https://play-lh.googleusercontent.com/a/ACg8ocJ3qaZcUZK1E7k6JGetjsOAHb9pqwvEb6JDdOM7QNi-SLQalA=mo,It keeps notifying me to disable developer options and quiet while I'm not enabled. always bring another type of problem with new updates.,1,14,25.09.03,2025-11-22 14:21:32,,,25.09.03,BOA
2d630116-152e-4dbb-bb7a-d7f93bbafbc5,emishaw teferu,https://play-lh.googleusercontent.com/a-/ALV-UjWkWR2Y0BvlGfQ_BEIY_6ibFFB-oJktfGi3sJB4Bj2rPZzcQ4M,waw,5,0,25.09.03,2025-11-21 06:49:18,,,25.09.03,BOA
b9fa948b-07bc-41f5-9e49-5e612b9a9db6,dani boy,https://play-lh.googleusercontent.com/a/ACg8ocJdRUCHPmBjhgVXOvNr4mHza-hyb8NSUs76yT-FdVWTwNBcCQ=mo,the lag is unbelievable when you need it the most this suks,1,3,25.09.03,2025-11-19 13:04:40,,,25.09.03,BOA
c198f602-e9fb-4b61-ad3a-8efe42269b8d,yoseef abdulhamid,https://play-lh.googleusercontent.com/a-/ALV-UjWzRAqehtQdDpvhmKGMybP2Ta9ReAnenKDo_JcdjuQdqaPl3aHe,I cant belive I could find the worst bank app ever .yet very simple to fix the problem and the company just ignored it. no body can do business with this kind of app.,1,11,25.09.03,2025-11-18 20:28:03,,,25.09.03,BOA
afad642f-39c4-4db0-adbf-5fbe7143f960,Ashenafi Biftu,https://play-lh.googleusercontent.com/a-/ALV-UjXNyg7frD7wnHiwKd0WFe-Uy-N_OhXxUbN2WsUv6G4aB6CBEDKX,it is a good app,5,0,25.09.03,2025-11-18 09:47:47,,,25.09.03,BOA
9fb5fdaa-6172-43c1-ba46-2fcdfcd84c13,አጋፋሪ ሚዲያ Agafari media,https://play-lh.googleusercontent.com/a-/ALV-UjXe3BxyUrS9uxJU1hG85KM3U7PwpCV7FCWA7qiiGkuUOR8_eZxE,it is not working at all,1,2,25.09.03,2025-11-15 20:42:13,,,25.09.03,BOA
58ccb5e9-0cf7-413c-8bb4-6515d4863bc1,Amenti Tesgera,https://play-lh.googleusercontent.com/a/ACg8ocIBJtgc1kHpipmikiyzbCLgwuhDlQGo6Ln0mKP0qekfUcTM1g=mo,🥰🥰🥰🥰🥰 app is good but i was live in abroad and when i enter my otp code it didnt make me to write my code it the app want it self write thats not fair so please other wise i like it why,5,67,25.09.03,2025-11-15 19:29:15,,,25.09.03,BOA
0ed79d57-a54c-4541-9df0-67e1e8c72be3,Barecha Ashenafi,https://play-lh.googleusercontent.com/a/ACg8ocICLDpQKm81djgJw0kkYY9lk2-kT-J-I8Zg4BamGxxoZC7Plg=mo,when trying to activate the app it keeps on loading on the security questions page. It has been two days,1,3,25.09.03,2025-11-13 09:57:58,,,25.09.03,BOA
f38caf5b-4580-4a9f-819f-f4cd3d789176,Mebrate Teklay Negesse,https://play-lh.googleusercontent.com/a-/ALV-UjX4QtoPPia-N5haXewaea_GvZflvdW0L21YhThd8zwv9D0gXhSM,fast and simple,5,0,25.09.03,2025-11-11 03:23:24,,,25.09.03,BOA
6a7a5c64-4056-404d-b37e-60bf1d6ee90a,Hailay G Hailu,https://play-lh.googleusercontent.com/a-/ALV-UjU19fW7-uzzzSXj_cWk0phwCXM2XiDA6qeeYHvlIYplcDH2gwDt,best of best,5,0,25.09.03,2025-11-10 19:25:19,,,25.09.03,BOA
9f9ace0f-c63b-4482-a159-12c2bcd357ae,Abdifetah Mohammed (717),https://play-lh.googleusercontent.com/a-/ALV-UjXRtTDBx7mRHCJG9XqruV2HpCbkkK1pI8atHj2XdGYNzxXRuOhvyg,Worest Banking App Ever I seen. Fake App Bad Better to Leave,1,0,25.09.03,2025-11-10 19:03:40,,,25.09.03,BOA
52b82149-19da-40cd-b8ce-a86e0b2c789c,mohammed juhar,https://play-lh.googleusercontent.com/a-/ALV-UjUuPaqftkYAnagaIbuIFkZDl-f42wShSp8L3w8aYlBVcMDpmxkx,good,4,0,25.09.03,2025-11-10 14:46:34,,,25.09.03,BOA
c6661ae9-95ab-4a2d-be7b-ad93bb48f278,Melesse Ayehu,https://play-lh.googleusercontent.com/a-/ALV-UjX2L3h9IYAp4Oj6QlIns9QtfMX2T59QUeOUzBmDqkg7Jdti1Tx1,"I would like to share feedback regarding the application. It frequently experiences disruptions and does not function properly, often freezing or failing to load. This issue is affecting workflow and efficiency. Kindly review and address this problem to ensure smoother performance.",1,188,25.09.03,2025-11-08 13:11:33,,,25.09.03,BOA
493dc1a0-1d88-4d43-93ab-9b3c9d7426d9,Yeshambel kebede Melese,https://play-lh.googleusercontent.com/a-/ALV-UjUt-NmRVac7o7lNsQIKmSe1La7Hzgj8vQQfNYSVW1WvtIp9c20,Meet you genuine.App I tried is not functional.Helping.welldoingwith BOA Ethiopia .fastandrelevant.morconnecting Digitalyworld.Digitalyworld. thanks.,5,1,,2025-11-08 12:18:43,,,,BOA
61a85d6e-8111-4add-9c9a-ebf8a25b2bca,wassie gedif,https://play-lh.googleusercontent.com/a-/ALV-UjU-sot-FLrLFP_wN2Uj6PW_4l-Bw7TGpzdem2GB_fLCnEdQiVM,best app,5,0,25.09.03,2025-11-08 11:40:22,,,25.09.03,BOA
33b76ccc-05cf-445d-84a6-a5e516bac406,Duma Can,https://play-lh.googleusercontent.com/a/ACg8ocJuiRzIDm_8dNGUMb1h51S-MoK8CvTl7_jeXmPwhkOU45c26w=mo,Best app,5,0,,2025-11-07 21:15:06,,,,BOA
aa74e8f9-67d1-486a-a601-761ce0c79a4e,Navicii Entertainment,https://play-lh.googleusercontent.com/a-/ALV-UjU3XcmWF_HMcWIHI-SyP8JlCkDccE4MmrH1XD9ZN3lEGdn4wls,"Barely works, it always fails to connect",1,2,25.09.03,2025-11-07 16:33:56,,,25.09.03,BOA
8fa4d905-fcd5-4124-8745-0014e9e746cf,VORTEX,https://play-lh.googleusercontent.com/a-/ALV-UjWxUTgUynT2Ml2PjVJ8bvF8CnS0aMP3yGhEZmOU9K_87aBc_vPM,this app launch time is so long also has dozen bugs in addition it's has been long time get update,1,13,25.09.03,2025-11-05 12:22:49,,,25.09.03,BOA
6b603751-56ea-4108-95f6-a26ee49a7bdf,Falmata Ali,https://play-lh.googleusercontent.com/a/ACg8ocJz9FeWv36M392XErhGHhRj_8uj8jtQFRPlUQZlTmuy7MU5lA=mo,very nice,5,0,25.09.03,2025-11-04 17:21:49,,,25.09.03,BOA
e7e0dd5b-59ee-4ed8-abe8-821ed28c1a6f,Micheal Behailu,https://play-lh.googleusercontent.com/a-/ALV-UjV0DwXrW_hO5xaeSn18M6JgRBgumnWPERyZOzQvYFLwgWkuUbZK,"Your application is very irritating to use, some functionality doesn't even work like on the card management. You need to do better than this and it good idea to reference other banking applications.",3,40,25.09.03,2025-11-04 15:26:13,,,25.09.03,BOA
df1f28f7-9a40-4a51-83bb-7e2fb7bc932c,abdilahi awale,https://play-lh.googleusercontent.com/a-/ALV-UjUn3V6_1jVBkReiQkhnbaK2_AALMbkctRigNkjjBTQxxCN0jVJZ,I like,5,1,25.05.03,2025-11-02 16:36:02,,,25.05.03,BOA
a64c9c77-83d3-4e1b-b264-4bd5e2d3d349,kidist workalem,https://play-lh.googleusercontent.com/a-/ALV-UjXmNJvSP4xuZQLZeiKQH-9TKryyk2c3ONFGCnYoybdg7Zs8mBQ,ወይ አሻሽሉትና እንጠቀምበት ያለያ ብታጠፉት ይሻላል። በቃ ምንም ነገር አይሰራም መተግበሪያ አለን ብላችሁ እንዳታወሩ ለማንም የማይመከር ቀርፋፋና ተግባር የለሽ መተግበሪያ,1,0,,2025-11-01 14:12:12,,,,BOA
a2d5bdf0-ff92-408b-be55-a4bfa7b61fbc,yeshiwas Dagnew,https://play-lh.googleusercontent.com/a/ACg8ocKsOqJboXs5vKICPPj32rgSrilXUJR_b0Y5ZlzeEUDB8k_3WAA=mo,i m sorry but it doesn't work for my android it is too slow but other bank are very fast please update,1,5,25.09.03,2025-10-30 22:18:43,,,25.09.03,BOA
8312e6d0-3b41-4061-b83f-54f6fcb4317a,Fira Wassie,https://play-lh.googleusercontent.com/a-/ALV-UjXdZSagrO2YmL3krYnmRRvx0vSx8riPFsNZDFtnAEEJvIImvuTKjQ,"the worst app ever,",1,0,25.09.03,2025-10-30 21:09:22,,,25.09.03,BOA
ee7fb8e2-bcde-4ae5-8ac5-49450e57dd5c,Seble Mekete,https://play-lh.googleusercontent.com/a/ACg8ocK7CdmbXOhiPQ4zBJ8TqlJ9_FI49yo_jINoGHO0kEeRs-i3Ng=mo,better,5,1,25.09.03,2025-10-29 14:51:14,,,25.09.03,BOA
924bdf3b-0b78-4402-9aaf-d1cbc39cc6af,ttss gulugulu,https://play-lh.googleusercontent.com/a/ACg8ocIMmsxKTOxHRRaeVLOMX_j0Fce4XEgLq9TH-CR-CGp9gYTcrw=mo,"I kindly request that Bank of abyssinia address issues with its mobile app. It is very slow, has numerous problems, and frequently experiences downtime. The user experience is also poor. Thank you.",1,11,,2025-10-28 20:07:21,,,,BOA
426191d1-9b6d-4582-aeae-55633c041d3e,Khaayyoo Birkii,https://play-lh.googleusercontent.com/a-/ALV-UjXrtBVBObylXEN1wMd1QK9wJCQjfmyTwKMsMMtYBnrtE730hXod,this app can't open? what is problem? please solve my problem?,1,3,25.09.03,2025-10-28 02:44:21,,,25.09.03,BOA
f787c8fe-c207-4c5a-8156-e8cfa0f6652d,Aseged Tamere Aseged,https://play-lh.googleusercontent.com/a/ACg8ocLjvb8nZvHn_zaFHVljS1reY93n3vv3yNVAbvPjZrNlaIiYtA=mo,kiyaa makonn,5,0,25.05.03,2025-10-27 22:28:55,,,25.05.03,BOA
1f73f73b-a5e4-4114-a45d-992a360ebb87,Libanos Seboka,https://play-lh.googleusercontent.com/a/ACg8ocKeRW9fechRXhzgQkzMpVz0gkd5BZiIDWto4E7hICVrjb_qxg=mo,very very lazy app,1,0,25.09.03,2025-10-26 23:12:22,,,25.09.03,BOA
b9b28cc3-4563-4f09-938c-b1adcc27bbf3,Kedir Musa,https://play-lh.googleusercontent.com/a-/ALV-UjW0jiJTlH0RednkzyPkKoSWIAH87aR5TiXB9XzJuRMEt3B2hQih,telebirr remittance,5,0,25.05.03,2025-10-24 16:04:33,,,25.05.03,BOA
6606f3a3-dbc9-4032-a905-37c737501776,Kefyalew Ol'anna,https://play-lh.googleusercontent.com/a-/ALV-UjUTBnUeNEITOrqK6Uhfr4Oty_OgAIxhZwJBwXwTt5UbKfqfLbIt,The best bank in 🇪🇹,5,1,25.09.03,2025-10-23 20:01:50,,,25.09.03,BOA
df5cd433-7f0e-4e13-ae07-4200db1965c0,አደም Fetera Adama,https://play-lh.googleusercontent.com/a-/ALV-UjX6dtrqJD29TUSSxQCMDCgMO5Bw_1sd0DTox176EJqAsOL0B1YfOw,its good,5,0,25.09.03,2025-10-22 19:14:24,,,25.09.03,BOA
9917233c-933c-444f-b986-e97d3fe0f682,Mule Mac,https://play-lh.googleusercontent.com/a/ACg8ocLvGPHWdNiiGBppoLVz58Dn74WTgIHsgcFo8AAqVWpXlXfFDA=mo,the worst app in my financial experience.,1,0,25.09.03,2025-10-22 13:13:16,,,25.09.03,BOA
29295b2c-ebe8-4dfe-9cd3-c3a5806b810b,Zerihun Senbeto,https://play-lh.googleusercontent.com/a/ACg8ocJhGIbbxIysm9nb2PhyTSHtAKrZ5TIzXcBvD9UrauYSIukIrzg=mo,good for mb appliciation,5,0,25.09.03,2025-10-21 17:22:18,,,25.09.03,BOA
c9162816-c2cd-478c-ab34-9569f63d3711,Henok,https://play-lh.googleusercontent.com/a-/ALV-UjWbLo9indU2AOADqWt7aX7bP2Y6gv9Gaj6ep-TsAbuI003q-W3K,the worst bank ever. slow don't accept dual sim. they are very stupid and greedy,1,0,25.09.03,2025-10-20 17:36:14,,,25.09.03,BOA
1776b9e9-95d8-4811-bb94-61d28a7c19d1,Abduselam Mustefa,https://play-lh.googleusercontent.com/a-/ALV-UjWMCJqsROaV-QPqeieB2acFU9HOxF16-GZ_QEoq_XOWERTeHQE,try to easy network,4,0,25.05.03,2025-10-17 15:56:04,,,25.05.03,BOA
d81ca31a-2ecd-4f0a-aab7-0a6f02da0696,Hussen Hassen,https://play-lh.googleusercontent.com/a/ACg8ocLr2aftU5-w6KWKzM1_LehhvPFBEZwj6fTRK2AL9PY6OPwP_cA=mo,hussen hassen umer,5,0,,2025-10-16 20:05:56,,,,BOA
6725eae9-b141-4a7c-abcd-90125d0fa3bd,Twaf Tech,https://play-lh.googleusercontent.com/a-/ALV-UjXqiXtj9kYClLC8LrTSEzHvm4VSrdPe8psXJd1jyjkleSlymQ,"The app is not suitable and lacks a good UI design. As a large bank, you must update your app with a professional UI that is fast and appropriate.",2,6,,2025-10-16 11:53:31,,,,BOA
cdc789cd-c2e6-415e-906f-0bde3fa850b1,Gatluak Yiey Mayom,https://play-lh.googleusercontent.com/a-/ALV-UjVYFXoBRK_RZgfac1yW1W0Zsh6VirBF-iGv_yzpKm_NcC1fups,an exceptional banking app.,5,0,25.09.03,2025-10-16 09:51:09,,,25.09.03,BOA
da8f72ca-3f4b-41f6-937e-c626b8240c8b,Toyba Shikur,https://play-lh.googleusercontent.com/a/ACg8ocJ8WvSOTC94y10Lq5Pj0HCDXa5dYNst3CMNaR2RPuSTldbu5g=mo,alhamdulilah,5,0,25.09.03,2025-10-11 09:38:31,,,25.09.03,BOA
8b37e090-01ff-4f7c-bfdc-3e781996d2a9,Shumi Regassa Gemeda,https://play-lh.googleusercontent.com/a-/ALV-UjXkbuHi8cg3NRx6UOtZWybliufmup-xHij4hR9gqzGdzceKaaO2,poor,5,0,25.09.03,2025-10-11 06:59:58,,,25.09.03,BOA
32133348-ecd7-47e0-9e98-7f1702419599,Daniel Kassa,https://play-lh.googleusercontent.com/a-/ALV-UjVFctpx5rwKKAac14YUI-x1N22Sv6vH4EibsR3x3tmWnmW09vhU,Best of best,5,0,24.07.04,2025-10-09 09:31:41,,,24.07.04,BOA
68b7a597-8133-4584-9c3f-1e26fa21184e,WASIHUN GETU,https://play-lh.googleusercontent.com/a-/ALV-UjUzSc02s7Q-n3CMTlDg-Lb4citjJYlJWSGuk-WwipydtZHF2XdN,from the last week updates the app is not working Please check the problems,1,3,25.09.03,2025-10-08 20:21:32,,,25.09.03,BOA
546df11c-e603-4f04-963e-ae1cd2be9561,Fuad Art,https://play-lh.googleusercontent.com/a/ACg8ocJ_hJ0-6Esp1M7d1LEN3BSh9s5JA_7APaBMn4JPKkHjPx0ehA=mo,It's always crushing,1,0,,2025-10-08 10:28:55,,,,BOA
147dc910-f84e-4950-9cd0-a6ce1ca0b070,Daniel Bekele,https://play-lh.googleusercontent.com/a/ACg8ocJRI5-AiJhoXDoEgon0xrizPD-lsZ3xBe2ST6_8q8HVEx5gMA=mo,office branches have to improve their services please,4,0,25.09.03,2025-10-07 07:22:58,,,25.09.03,BOA
ccbeff90-e9fd-4a74-807f-d16d8bbe02e5,Sanyii Abdisa,https://play-lh.googleusercontent.com/a/ACg8ocLUbzsmH7Vcs9wWvQK47Kz8kFW1PQgWRKfG62fZJckYhv5RUg=mo,♥️♥️,5,0,25.09.03,2025-10-05 20:45:56,,,25.09.03,BOA
7345b274-906c-4bfc-b37d-8131020ad13e,Amlakendalew Dubale,https://play-lh.googleusercontent.com/a-/ALV-UjUGt4kV50pZC2LYmkNtspDnNTm9twkoGs69YRzwvX1eY0fQLow,Why does it keep crashing? I can't even use this. BOA should do better. You have many customers and how to deal with this. I can't send money now.,1,16,25.09.03,2025-10-05 19:04:02,,,25.09.03,BOA
4587385c-78c9-4310-b8aa-da0bce565a91,yihenew mulat,https://play-lh.googleusercontent.com/a-/ALV-UjWLF_e8QNR2AkqdQBgNcj2tnTo6uVvgwymy4ydrKzu0FFRFckoe,it needs a timely update,5,2,25.09.03,2025-10-03 09:39:36,,,25.09.03,BOA
1310296e-3850-494f-83bc-936ea27684ab,Yonas amare,https://play-lh.googleusercontent.com/a/ACg8ocIsRPUyVv74JbC_m5AtylctXsYu8VMxEell8YHy28aolp6MdQ=mo,"It does not show the name of the person who sent the money to request a receipt. This has become very difficult for us. When different people transfer the same amount to me from different banks, it is very difficult to identify the account or the name of the sender.",3,105,25.09.03,2025-10-01 22:45:17,,,25.09.03,BOA
00dddad5-915e-4fc1-9166-b5d7ce59ad88,Bereket Desta,https://play-lh.googleusercontent.com/a-/ALV-UjW4ep8dtHd8pupqnEdGanXCFL9JCbGfyfrS2NZ7Mkp5TMfwffab,Like,5,0,25.05.03,2025-10-01 22:10:29,,,25.05.03,BOA
baad5c11-63e6-4b64-9006-c4cb1481036d,Alemayehu Fentie,https://play-lh.googleusercontent.com/a-/ALV-UjWjKx_m80lOsvVQrTaiTbYqKzHdAnwrCCov8FLRmje82vc3sec,I can't type my otp on it.,1,1,25.09.03,2025-10-01 18:42:50,,,25.09.03,BOA
7481b511-72a1-4592-8087-c029fc656e67,Nat T,https://play-lh.googleusercontent.com/a/ACg8ocK_342VUm21Lwm-tNTIvS4tJIOEBJ055qTq2YFe70lHHSAqotsJ=mo,"most of bank apps in Ethiopia are linked with ethiopian phone number, I live in US permanently so when I open BoA account, I told them where I live and to link it with email address instead of phone # as ethio phone number is not working where I live, unfortunetly my fear appeared and now when I change my phone device, it send the code to the ethio number which is not with me now. so please when u develop bank apps consider the diaspora community to use ur apps",1,3,25.05.03,2025-10-01 15:30:39,,,25.05.03,BOA
e3e7b9d3-10a9-443b-89b9-34160443c78a,Hiwot Temechew,https://play-lh.googleusercontent.com/a/ACg8ocLP6HLzT2YBHrlFHla4hJdvWyPGFk77gW8tCJ6zE_17pIy1UQ=mo,jaajja,4,0,,2025-09-30 13:13:07,,,,BOA
b768c25c-bc3a-4d57-8c45-97e489546662,Tsegie Shewarged,https://play-lh.googleusercontent.com/a/ACg8ocIFlVYN54SiKc5Lm8yq244hyGT8M2lYfHZjnyBBY7UPAJ8XuQ=mo,I love this bank the best experience ever.,5,7,25.09.03,2025-09-28 04:17:38,,,25.09.03,BOA
c90fb60a-ea63-47f0-aa65-fcb41b6534e1,nathan esayas,https://play-lh.googleusercontent.com/a/ACg8ocKdptd6_Nl8dj5bqSXfa1lzXH3QO5vpU4jMyjeT-LBiBxi5-w=mo,"Nothing has been improved, it doesn't work like the previous version.",1,3,25.09.03,2025-09-25 20:41:02,,,25.09.03,BOA
d849294b-9d5d-4026-96ec-6dd20968fa57,Abduh “‫عبده‬‎” Awol,https://play-lh.googleusercontent.com/a-/ALV-UjWeF2xqrcTs0TgE9RxMliRzMvQFSyON_1LMFQzqeG0GCzajtdvM,Great,5,0,,2025-09-20 17:06:09,,,,BOA
eecf4f77-29ed-40cd-a228-b325ee459350,Tahood Bossy,https://play-lh.googleusercontent.com/a-/ALV-UjWavosLIwgnPMVq0S78sTkxQTacGvj2KITabKEgC3c3hXCPFgDz,mobile banking,5,0,25.09.03,2025-09-19 18:43:07,,,25.09.03,BOA
4c7e9031-a452-48ce-b5fd-4b5a0940b553,Yabbal Gebeyew,https://play-lh.googleusercontent.com/a/ACg8ocK7puqeTAIEPQ66dQ-l1jvo4sFXhPneJ8oLIKYbB88F8E4azg=mo,very good,5,0,,2025-09-18 20:31:44,,,,BOA
e0b237d8-0ec7-453f-9e1d-fe22e2910620,SINTAYEHU DESTA,https://play-lh.googleusercontent.com/a-/ALV-UjXdBP9-OvPpxwlBW3geLjXFhp9ylPsu1OVjELLGoPR37YLWsObx2g,😎,5,0,25.09.03,2025-09-18 00:47:17,,,25.09.03,BOA
a05681a9-b69a-48b6-92c5-79a7d916bd61,Amir Ahmed,https://play-lh.googleusercontent.com/a/ACg8ocKZVCt4RgvwL6-ApTJLXQm2Ld0RL8_pYKX1RyzPcOtaXvyj7w=mo,"need alot of connection, chooses device, very lug even when there is connection",1,6,,2025-09-17 13:50:17,,,,BOA
7cedd008-b817-442b-9da0-76ea15713450,Osman Ismail,https://play-lh.googleusercontent.com/a-/ALV-UjU3DkiozQiZnXZBOl4P8TzSk1S4LaWSELm8z5p3Cp7SW_OVbRyEgg,On my ios it's perfect but on android it barley works and don't transfer and after a while it crushed and totally stopped working. Please fix the issue my beloved bank of abyssinia.,1,189,25.09.03,2025-09-15 17:16:36,,,25.09.03,BOA
3c11bafa-cf87-41c0-ba29-714ab4cd69a5,Bikila Dugasa,https://play-lh.googleusercontent.com/a/ACg8ocIsJBzhMeBqAKxYc7NvQVYNFOe0jpRplgAjEAD4Xujpy9AKB_M=mo,none,5,0,25.09.03,2025-09-14 21:21:53,,,25.09.03,BOA
9832f735-8230-4dd6-8aad-2f743e2792b1,Habib Mohamed,https://play-lh.googleusercontent.com/a-/ALV-UjWj0UOSo4qck_gEI7hQ0aD5eBi8dzSmhh6AkunJ5jhlyGJ7gww,good,2,0,25.09.03,2025-09-13 08:42:59,,,25.09.03,BOA
814a08ab-8eb9-4aa6-ae64-341f62b5ae47,Meseret Tesfaye mesi,https://play-lh.googleusercontent.com/a/ACg8ocKTw_fhcjEalRk2f4HzrAiawyiHKVG8ZcjQ6gI4WdlwV63Rug=mo,good,5,0,25.09.03,2025-09-12 11:11:17,,,25.09.03,BOA
4bf673d6-7d6f-431c-8844-a6c7eb4c65d3,dula tamiru,https://play-lh.googleusercontent.com/a/ACg8ocLmEkCx1Bllw-MWiL4VMiYqcK1Y8MJNHTgGGOYMkgZeOGdOxw=mo,very good app i ever used,5,0,,2025-09-12 08:25:40,,,,BOA
dfad5025-20f7-4556-bdaf-294785947fa3,Astec Phonetastic,https://play-lh.googleusercontent.com/a/ACg8ocIWjmv3jemWixcIqv1C7-MHiBzce4S5K0ksqR62DvMQ-h73BA=mo,its nice app especially the transaction limit is extended but We face that BoA m.banking app doesn't respond at the activation stage strictly at SMSNG mobile phone. please try this to make safe.,4,26,25.09.03,2025-09-11 19:48:42,,,25.09.03,BOA
4b92ba94-d858-4fcb-a2ae-45fc41c1fa26,zawudu techaan,https://play-lh.googleusercontent.com/a-/ALV-UjVpAbKzPMW1ItyeN1ZNLFmP9pgs-5uWrbHaZRNg662bwbGlMmY,zedo,5,0,,2025-09-11 02:38:59,,,,BOA
a56b1202-a6db-405b-aba1-586a16bc417d,Alayu,https://play-lh.googleusercontent.com/a/ACg8ocLEe5O07rCvsNRDyIrS8R22gLcrc4edYgQu-ggc3bWQfZ8M=mo,please open my mobile app,5,0,25.09.03,2025-09-10 15:43:30,,,25.09.03,BOA
d876a31d-e463-4340-a67e-9a950e182865,Yasmin salah,https://play-lh.googleusercontent.com/a-/ALV-UjUJwsAngpkP-I2S0oVRLAW7ubmH7Xaya4EIESmCgtiQeHTrfAU,it doesn't open,1,0,24.07.04,2025-09-10 12:38:37,,,24.07.04,BOA
a31076d0-b574-405f-8495-675485f16a71,Eniishaa Kennaa Kotti,https://play-lh.googleusercontent.com/a-/ALV-UjUzdqTbb5XZzilnz2iUtt57vOV4WZ-d_Zikt9GCPqC_NvxaAAec,Very Good,5,1,24.02.07,2025-09-09 01:18:34,,,24.02.07,BOA
dc3c97a2-0fe6-4a49-a2d3-9cc949380a0d,Fitsume Tebarek,https://play-lh.googleusercontent.com/a/ACg8ocJl4rqpXa0pJAkb81PLdKKTPHkkVSBCECCAei1M6b6caBYtdQ=mo,Best banking transaction application in Ethiopia !,5,1,,2025-09-05 17:24:28,,,,BOA
516af455-a65f-4ddf-94e0-03cceae923c6,حسين حسن,https://play-lh.googleusercontent.com/a-/ALV-UjW-cLbotuxICf1bzbDpfgmcMWwi7gHfGezYEe4oOFR4gHK78Kc,السلام عليكم ورحمة الله وبركاته ماشاء الله تبارك الرحمن هذا التطبيق ممتاز جدا,5,0,,2025-09-04 18:02:58,,,,BOA
613dff98-be45-4f37-8feb-01e382393e26,Tamaam Kamaal,https://play-lh.googleusercontent.com/a/ACg8ocKJ5QhocM6Z4gJq7TqrH5dNHtdFFlOfCTHkQpdpnYjyLaZSGg=mo,tamaam kamal,1,0,25.05.03,2025-09-04 01:55:34,,,25.05.03,BOA
8dd6713b-09cf-427c-a0f0-ee063f61a9d8,Kuku Fkru,https://play-lh.googleusercontent.com/a-/ALV-UjWASbPld3UrI3ka41elFHA-EtBxBXnjOAAG4mk1UCsSnzm4xMTz,በጣም ሐሪፍ,5,0,25.05.03,2025-09-03 15:16:27,,,25.05.03,BOA
8ac466a3-5bbb-452d-88bc-ceaae6c5bec0,Teshale Paulos,https://play-lh.googleusercontent.com/a-/ALV-UjUu17JoymNaP3GdMoGD05rP_1vc80TLVXuMHZzB9PECMDynq7M,great 👍,5,0,25.05.03,2025-09-02 09:11:28,,,25.05.03,BOA
45e502bd-bd62-4895-b534-d75b2dae7c75,Nani Mesfin,https://play-lh.googleusercontent.com/a/ACg8ocJLmpelpB9FNqPrH0n6Deak30NkggJZDlSGXxQH8QEK2VLqUA=mo,goof,4,0,25.05.03,2025-09-01 09:54:57,,,25.05.03,BOA
0e665f33-628c-4799-a991-53cf66b89ed0,Mohammed Ahmed yuya,https://play-lh.googleusercontent.com/a-/ALV-UjUprHR0jNZxJa322G3Tdswd7bAKc0uCD1hWlmsZCzjQ2Xh06dU,absiniya banki,5,0,,2025-08-29 18:14:45,,,,BOA
3e8a43b7-e4a5-4ba0-850e-332a7dad3a24,Miki ele,https://play-lh.googleusercontent.com/a-/ALV-UjVyHBdtGMwKNKjuWJ1C-Y06Owx9iVmMvUjlKQGp7MhAOIbeWVo,has issue after installation and i think it doesn't work with tecno common 30,1,5,,2025-08-26 15:05:33,,,,BOA
abb3b6f4-ed3d-4013-b997-0efb664037a5,Dr. Yasin Mohammed ALI,https://play-lh.googleusercontent.com/a-/ALV-UjXQ4yWCIAB_E7RdWO-4ejp6gmH4coyu8sK60_N3Ebh-lDTxCfu5Kw,One of the best in this business,5,0,25.05.03,2025-08-25 16:34:55,,,25.05.03,BOA
8a5e1510-bc3f-4f70-8915-f79a839f041e,Alfatih Haju,https://play-lh.googleusercontent.com/a-/ALV-UjV4uqZuCW34qoEjFpTqV9YFrkWEmwYzn2hX1oayTqcHxePZyao,Excellent,5,0,25.05.03,2025-08-20 20:32:23,,,25.05.03,BOA
c9cc8b5a-f0aa-437a-8e5c-99035cad23da,Bereket Eyasu,https://play-lh.googleusercontent.com/a-/ALV-UjWielUbWmKdeY8XnlgnU5iQQK-GQeY5zHeGU6_k-TS5t1KK2doG,besat🥰,5,0,25.05.03,2025-08-19 21:47:44,,,25.05.03,BOA
bc8bfdb0-596e-4ed3-a07d-c3ac71061fee,asaye alamneh,https://play-lh.googleusercontent.com/a/ACg8ocJxwoPzU4ynWWDllApTWa0FqZAbVncRBayqZBvttgXZtBMk7A=mo,unlimited experience,5,0,,2025-08-18 09:15:44,,,,BOA
ec30627f-c9a0-48f6-8fd2-38fcae3ab112,Aman uzmaki,https://play-lh.googleusercontent.com/a-/ALV-UjWRQMIGM61G2EOqo82KDgiOwwR9lKHgxdDN3Q_FThKA_duznvk,"as bank, u should at least hire someone good at their job bc this a joke nowadays I can't even log in or even transfer without it crashing if u fix the app I will update this review I am counting on u boa update: so they atleast fixed it but as suggestion can u put password when in final step of sending money it will feel more secure that way",4,15,25.05.03,2025-08-17 06:44:58,,,25.05.03,BOA
656865bb-7ee3-4fef-9f23-b6728b2b6ab9,Yesuf Seid,https://play-lh.googleusercontent.com/a-/ALV-UjWtsVsrPmUkt_olWPyyQgYhtQ7ZX3s_70QAAS64TN6n_kHH34Sibw,very nice mobile banking app my favourite,5,1,25.05.03,2025-08-16 13:58:54,,,25.05.03,BOA
ac500ef1-8d40-4c19-b862-c5f47b165e97,BIG MOUNT D ll (B.M.D.ll),https://play-lh.googleusercontent.com/a-/ALV-UjVJSpaASVnpKEjC2sYHHiZ2B04DKSmOG6iR2a4JvtThWDsUZew,"it almost never boots up!!! and even if it did, it crashes immediately",1,3,25.05.03,2025-08-15 14:12:02,,,25.05.03,BOA
e080468a-5b05-476e-9275-923d859a7b98,Anwar Kasim,https://play-lh.googleusercontent.com/a-/ALV-UjU2vpnP3ji6ODw62r7TUkjq-XoIGcqmZ2yCd0gpquqB4uRW2wAB,best apps,5,0,25.05.03,2025-08-15 14:01:49,,,25.05.03,BOA
cd3d7bda-43cf-46f8-bd12-065f026e2ba2,Samuel Almahy,https://play-lh.googleusercontent.com/a-/ALV-UjVWZsaEGlZ_H8QjxptVaEpzvVzMMi9Y4bW9KD-M5KEOWPyeelEOwQ,the worst app ever to exist in a bank history,1,0,24.02.07,2025-08-15 11:08:29,,,24.02.07,BOA
17d27fe8-201d-465e-900c-4510058bd581,Debele Misgana,https://play-lh.googleusercontent.com/a-/ALV-UjUe6AC2fcU6Kd_W4ff9GhJ04fJFzU7JlSbB1wS2BTYzs6F5fJs,thank you,5,0,25.05.03,2025-08-14 07:41:49,,,25.05.03,BOA
161dbde7-f447-412e-abf3-8ae5e7ba5012,Chaltu Habte,https://play-lh.googleusercontent.com/a/ACg8ocKGvwaC5ALHDPbs0eD7HL_wB4dcVhhUa0IxOUa8GcNFQr79vw=mo,Best mobile app in the country,5,0,25.05.03,2025-08-14 07:04:30,,,25.05.03,BOA
17fac6e4-55d0-48dc-8fd1-e3908c6e6689,Gacro gacro,https://play-lh.googleusercontent.com/a-/ALV-UjXRZRjMAz7Zq4Y1fhSrpKFc8nlwtcRTU9aAWn59s62bEsYSZyg,not fast,2,0,25.05.03,2025-08-12 18:29:21,,,25.05.03,BOA
bffe6663-e88f-4a08-97bc-e6ea6b2d8227,BESUFEKAD ROBEL,https://play-lh.googleusercontent.com/a-/ALV-UjX5vkaF5OZoJ2dZYm2Add6F50MD5Q9v2kQOjOwQR2i7UkfxfRdR,keeps freezing at the front page.,1,3,25.05.03,2025-08-10 17:35:29,,,25.05.03,BOA
6dd324c1-79ef-4935-9c87-ad0fd8fd1635,yusfo 1,https://play-lh.googleusercontent.com/a/ACg8ocKSVs1PovJSQsCPHyNd_4Yb1ePPRBk4VDTV41Z_roNQ7Yc5dw=mo,it is not working on redminote 11 pro+ pls fix it,1,3,25.05.03,2025-08-08 07:03:06,,,25.05.03,BOA
aefe5a77-71f4-4efa-92e6-b4a1b4a48e9e,Rabbi Tokkicha,https://play-lh.googleusercontent.com/a-/ALV-UjX9mvl_OEGnExOH1mjF6geG-A9vokGd5Qags6WkamPnHYbyD8zn,abseniya bank app,5,0,,2025-08-08 03:00:41,,,,BOA
6e923bac-5ac7-4d3e-bd1c-137246d24a68,Riyaad Junaa,https://play-lh.googleusercontent.com/a/ACg8ocIyDVUh3pK8RasYpvymhJ9U4qo-t2L_Gqu_xvydIP2XUgV8HCY=mo,good,5,0,25.05.03,2025-08-05 17:19:00,,,25.05.03,BOA
e6ec7d3b-beb3-40ac-a615-9a0bae85e39d,wasil jemal,https://play-lh.googleusercontent.com/a/ACg8ocLY_QjmtkZwsp3uluE4fvmo4wmDzl_qs1Zjy6rEQe3l98ZDtA=mo,yes goode app,5,0,25.05.03,2025-08-03 23:19:34,,,25.05.03,BOA
b54ed906-d409-4107-9dba-3d91d4c04274,Abdu Al-Ahwal,https://play-lh.googleusercontent.com/a-/ALV-UjUnzBCbJIXnmdNBiY5cO0NRxCW9hDhqiQpRmEdcDgErc35vYHmd,Great App,5,0,,2025-08-02 21:34:23,,,,BOA
a7eb5cbd-790a-4537-8278-ccaef158654b,Møti,https://play-lh.googleusercontent.com/a-/ALV-UjWw6BbVxksoIun-Zjb4DBengyvUj3FDrkQgYOxytcrl2n3uK8qz,1) Crashes repeatedly 2) Takes Century to Boot 3) Repeatedly requires Update which is very annoying. 4) It doesn't ask for Password for one step confirmation when transferring money. 5) Automatically stops music when the app is launched (it doesn't really matter just fyi) Overall this have to be the worst mobile banking app I have tried so far and should not be released with all these bugs & issues.,1,148,25.05.03,2025-08-02 16:36:41,,,25.05.03,BOA
febb6ed8-2b62-4906-9390-d0a33773a09a,Rejib,https://play-lh.googleusercontent.com/a/ACg8ocKpa878ADawJrCfhMBkzfYJdTviDIMaw5Qdz_vwHnzLVNhmZQ=mo,ረጀብነሱ,1,1,25.05.03,2025-07-31 16:03:22,,,25.05.03,BOA
6df74cd0-b58b-472e-99f8-e437e64d98f3,soja,https://play-lh.googleusercontent.com/a-/ALV-UjWJw-f8Pdqos3sfPszsIHMFFLqX04siDUowafFg4AbnZzOUGHvq,The Worst Mobile Banking App.,1,1,25.05.03,2025-07-31 08:17:18,,,25.05.03,BOA
709cbab6-f362-486c-b2cf-212062b30dfa,sancho tesfay,https://play-lh.googleusercontent.com/a/ACg8ocJVG2O3sOSF1VgyHitE7sshk4rv7tBKFaU6qz43xHW-wXFX7g=mo,giod,5,1,,2025-07-30 23:13:34,,,,BOA
207adaf3-2705-486b-846e-1f95c4d7f049,Petros Misganaw,https://play-lh.googleusercontent.com/a/ACg8ocKU7JP-SrIwfLDbynsAMG32MWnRqe53jNkpSqo0sak5okUrDQ=mo,best bank in ethiopia,5,1,25.05.03,2025-07-29 19:00:02,,,25.05.03,BOA
8edd9f83-57c8-4aaf-9c54-845d97e601aa,Gutu Terfa,https://play-lh.googleusercontent.com/a/ACg8ocIF6GAoYyeiOUh4MuppSwdvmcrUh8dsauKfcy8axC7wIGTZMQ=mo,waqayyoo,5,0,25.05.03,2025-07-28 09:47:08,,,25.05.03,BOA
5e5817ce-8960-4e99-9bae-3e9059357303,Abadi mikiyas Etenesh zenebech,https://play-lh.googleusercontent.com/a/ACg8ocIFj9IDwD5NuFkV9OpW6rBnXfEpajFJ7IePfF2-G6EbBN8N3w=mo,please is not working,2,0,25.05.03,2025-07-27 20:25:36,,,25.05.03,BOA
b27ee212-10ec-499b-b36d-ff667d7b7085,Kalid Abdulkadir (Kalikam),https://play-lh.googleusercontent.com/a/ACg8ocJYbF6w8uMSmvTnTbaIUrJx-1jvK-z-RgeX4kokgp_Z1M-dfw=mo,nothing when I need to install the Apk it say that re-up date,5,3,25.05.03,2025-07-25 09:42:43,,,25.05.03,BOA
94e809fb-94f8-4e0a-b3e8-1c4113c19f77,Richard Mengistab,https://play-lh.googleusercontent.com/a/ACg8ocJjWSsnWDHO664z9xqEGsOXzd0_zkVvHCAR1-IxovrnviaLuQ=mo,I can log in from any where,5,2,25.05.03,2025-07-23 03:05:42,,,25.05.03,BOA
d17482ec-65b7-4cf1-bcad-aee54aafdf11,Yohanis Fiqaduu,https://play-lh.googleusercontent.com/a/ACg8ocIAiooYq-ecMc7L4sJyPHmGKRyy56Zw8UqSzjrchh5CtAIv3A=mo,😇,3,0,25.05.03,2025-07-21 00:01:28,,,25.05.03,BOA
a6c71862-00d9-491c-928d-f557a845da4a,Ali Saed,https://play-lh.googleusercontent.com/a/ACg8ocLTOBIWpFkdX3wrYrYM5V6iXXLYtylsooBcvbrihGbeqrRHIw=mo,no proplem,5,0,25.05.03,2025-07-20 17:52:05,,,25.05.03,BOA
c07e4e23-ae8a-4452-865e-a40606fa580c,Rufael Mulugeta,https://play-lh.googleusercontent.com/a-/ALV-UjVdkLT5vQFshiZs1OvNC3DI_ekEVYQS_PI9Z_eQvTd2GdMmh1Cj,👍👍👍,5,0,25.05.03,2025-07-20 00:05:52,,,25.05.03,BOA
2b131440-f01a-468e-9314-095ae0b77601,Biniyam Eyob,https://play-lh.googleusercontent.com/a-/ALV-UjUQJZWqkfKf8XbZSrvcNr9WlpbTe6nMgEM0QyOETseTwxJEnKE,excellent app,5,0,25.05.03,2025-07-18 16:05:21,,,25.05.03,BOA
0f1bbc73-93dc-487e-a47c-bb737edb0322,zedo studio,https://play-lh.googleusercontent.com/a-/ALV-UjUiE-zZjafAlXiOxisKrXgOJYmUfHqrNjm9FuRaLJonCwZxhvqu,good work,5,0,25.05.03,2025-07-15 21:39:23,,,25.05.03,BOA
87443995-5d26-402b-be89-3e4ab5b32d34,Gubaa Brhan,https://play-lh.googleusercontent.com/a/ACg8ocKrtX1qaRwXieLXpslL8uGcS7tDl5F8HRLn2azsHpdQKtY82w=mo,☹️,5,0,25.05.03,2025-07-15 14:41:46,,,25.05.03,BOA
66b8c002-46a8-4d54-aa18-2267d8bcb7fb,Badeeg Badegarega,https://play-lh.googleusercontent.com/a/ACg8ocIoTG8vGDH862qEkavFhDW-Cd9pdRrqHhleQP11Cy0PVGZkpA=mo,excellent,5,0,,2025-07-14 18:05:54,,,,BOA
fc29df1f-0c69-40d6-a240-5b4e88ad84ae,Fana,https://play-lh.googleusercontent.com/a/ACg8ocJdiXEtP0YRBobodhThe9BNg3q4tjKlcYgnD4CMTn1NLlzwnw=mo,Great BoA,5,0,,2025-07-14 16:12:11,,,,BOA
60b6f839-529a-4017-a74b-76699322f85a,Hagare Tilaye,https://play-lh.googleusercontent.com/a/ACg8ocJWgihfvpIiOcxi26g6scwJEC7_usMKQU7IZWW3BAJ8qpjkaQ=mo,Good,5,0,,2025-07-14 15:41:54,,,,BOA
b820b761-9c71-47bb-9fba-566f18ea294a,Nure Ahmed,https://play-lh.googleusercontent.com/a-/ALV-UjXwLWZ3rNXkCagvLppeCtP7yVScgca8KRAHxS5CEE9UbJdL2oM0,Okay,4,0,,2025-07-13 20:18:06,,,,BOA
f2774304-2650-4e10-8854-25fe8d6de09e,My Mobile,https://play-lh.googleusercontent.com/a-/ALV-UjUwEcRHpHVzIcnDmZzsatdOCdRHh5c92-52-MpX0Lv5xLPCGPz5,not working,1,0,25.05.03,2025-07-12 12:26:49,,,25.05.03,BOA
fe2fcc2e-a065-4210-a48b-4ea4e93f383e,Bemnet Teshome,https://play-lh.googleusercontent.com/a-/ALV-UjX60rZzVUz_JablY8clPJdCCIw1q_QGgJq2hxkfzdC-nUmwysg,This App is Getting worse and worse with every update,2,3,25.05.03,2025-07-11 13:03:44,,,25.05.03,BOA
df1d7402-68cb-4f20-ae7f-d02866690692,Shimelis Keterew,https://play-lh.googleusercontent.com/a/ACg8ocKgNDQ_0OzQEQ47DwzmLhbVOwqRMmn6-JgN2l7dr-prbqi3qw=mo,ምርጥ ነው,1,0,25.05.03,2025-07-10 15:21:42,,,25.05.03,BOA
21a65f6a-5808-4a77-a341-a0230b3a6687,Henok Heni,https://play-lh.googleusercontent.com/a/ACg8ocIGJld-5HouX6w1yeTsCAzPLi07CRlHMXV8VJ7O7DMBBf35JQ=mo,nice,5,0,25.05.03,2025-07-10 14:40:43,,,25.05.03,BOA
4d8220eb-b875-46f6-9012-5e914943630e,Kumee Mohammaad,https://play-lh.googleusercontent.com/a-/ALV-UjVdsWKmG7lSMtVrtN-2qCTkZPasu142zqpKoCypyeoc8yQ8NnA,Best app,5,0,,2025-07-08 07:11:03,,,,BOA
aa23377c-3d61-4045-b061-96003d09d78b,Naty Dagnaw,https://play-lh.googleusercontent.com/a/ACg8ocJ8_ROr66Iv1qZjs__fL3iIvRnhiD1PyaZYspjgH2hALa1g=mo,meku,5,0,25.05.03,2025-07-07 12:47:46,,,25.05.03,BOA
2b882b18-b832-42fa-8d2a-fb4a47ddf456,Philips line,https://play-lh.googleusercontent.com/a/ACg8ocKRNrh0n9XEZJz0x4ZHFx55blOg6q1SnK-l1xM4EhzCNTYS1Q=mo,nice,4,0,25.05.03,2025-07-04 17:10:57,,,25.05.03,BOA
285a819d-f45f-4f6f-a280-23588282f8b0,Minayehu,https://play-lh.googleusercontent.com/a-/ALV-UjXtQ14TA-t2ycmQrRsylbC7phyHSxmWFAnfxyQ4GJjS8lax_ug,awasome app go a head,5,0,25.05.03,2025-07-04 08:18:24,,,25.05.03,BOA
77a4a188-287b-48cb-ae67-678cdc476af6,Trhas Zerom,https://play-lh.googleusercontent.com/a/ACg8ocJezdbhkUzKr2YO2puf5ru9mS1pKs7uLlK8lpb6JPo4GLasqw=mo,😎,5,0,24.07.04,2025-07-03 12:54:18,,,24.07.04,BOA
5caae1bf-1a44-4370-8c45-19b8c0481d65,Elvis Rukerandanga,https://play-lh.googleusercontent.com/a-/ALV-UjV6t33saIEUoMYUCF6wrdmvvhPi3RKscYPvbSo8mC0W8H_jKlU0,it sucks as hell. it crashes most of the time and takes a long time to load .,1,10,25.05.03,2025-07-03 03:31:08,,,25.05.03,BOA
d713bd24-8fc6-48e4-ad53-aeafeda8babc,Hadush Berhe,https://play-lh.googleusercontent.com/a-/ALV-UjV8j4h7eBEF7eq57KIYiDT35p-2H-TLeOz7gZW9jjOls8WOwEU,Easy and very nice app to load more than the previouse but in recent time some loading problem detected.,5,191,25.05.03,2025-07-01 16:08:48,,,25.05.03,BOA
8892853d-eb65-4c97-a859-2e848289f1a2,Mamad,https://play-lh.googleusercontent.com/a/ACg8ocIwa04HaNkW3okP66GwmJnkxbqlFooilBRQVX24o48lWiOQKQ=mo,wow,5,0,25.05.03,2025-07-01 08:41:12,,,25.05.03,BOA
7213dbd5-f192-45fd-96d1-3fc1db24759c,Natnail Getachew,https://play-lh.googleusercontent.com/a-/ALV-UjV9A8e8b9C57FRpaN2HkZfnYFcRmCP6N7NjMRpkAYFxM4enxtKb,"The worst MBA I have experienced, The app crush frequently and they take to long to fix the problem even more than a week.",1,13,25.05.03,2025-06-27 09:30:30,,,25.05.03,BOA
f27a8118-3cab-43a4-a0c4-8d6e235d05cf,Amir osman,https://play-lh.googleusercontent.com/a-/ALV-UjVF0vwKuWjnrln69VIdsrHUvgzWfNkVZ2ceNpxd_Y8TL0qLVy3I,amazing Banks App👌👌,3,0,25.05.03,2025-06-25 17:35:00,,,25.05.03,BOA
dd461228-95a6-4efc-afe3-a86fb7f26945,Aman Solomon,https://play-lh.googleusercontent.com/a/ACg8ocLBDqt6HZzDauQiwm5hTCkCm9GnOoI2Jwvx9ka6GtJz2-iyoEc=mo,goof,5,0,25.05.03,2025-06-25 16:48:07,,,25.05.03,BOA
84ef704f-9293-4fcb-a0fc-8a8dafd2d9ed,Habtamu Tenahun,https://play-lh.googleusercontent.com/a-/ALV-UjWwHduVvv2sWobpdltNoJuCExdyrl0qx_WAwOCEB-FvWTkH1H8N,good App fore me,5,0,,2025-06-25 15:12:00,,,,BOA
8b9c0316-a505-4e36-b2c3-844d7b9d209d,Mu Kee,https://play-lh.googleusercontent.com/a-/ALV-UjWJckjxlRCpjUkibV2eaDIuHfJsz1E5w8-ntYY7QdcLC5skEivZ,"very uninterested it's not working when the ""developer mode on"" i haven't off the developer options i preferred to uninstall your app .....",1,4,25.05.03,2025-06-24 12:27:26,,,25.05.03,BOA
b873c393-1bbb-4f8d-a640-d8434841943d,Addisababa Badminton,https://play-lh.googleusercontent.com/a-/ALV-UjXK6HNcZ5xL1WiAb-WBVklhstwGJFIYytFdL2mTzg2KaEeiH0A,fantastic,5,0,25.05.03,2025-06-22 10:50:55,,,25.05.03,BOA
0be730db-8738-4932-baf2-397fb0275aff,Mark Ye yeshi,https://play-lh.googleusercontent.com/a-/ALV-UjVia6PIXno8l7kzo6LQnkAivXgkOZg-4qjmzOTrDCUdbXeEBq1G,👍,4,0,,2025-06-21 17:06:11,,,,BOA
f8b0d764-37b1-475e-bcda-03bd153eb20b,Rahel Tadessr,https://play-lh.googleusercontent.com/a/ACg8ocIeK5q1iCOfD8GCnB--kcJ67rpEF8BZewbxRvN8X-PjZhVexA=mo,it's nice to use.,5,0,25.05.03,2025-06-21 09:34:30,,,25.05.03,BOA
e4976dd0-7be3-4353-b6bd-5df3eb322f61,Amanuel,https://play-lh.googleusercontent.com/a-/ALV-UjWSND0brmUDsleshYOKGXAsKlMDvlMbaZt-QHk7JPpZs9jvUlr8,app doesn't start,1,0,25.05.03,2025-06-21 08:48:21,,,25.05.03,BOA
2da4265c-ec1c-4460-a1d2-5e23b5539034,Fentaw Kefyalew,https://play-lh.googleusercontent.com/a-/ALV-UjVegnXujG2XuMR7hfFXBINX5tbVtMuHZKoxf7tWOU40BhnGGC4N,Excellent application,5,0,25.05.03,2025-06-18 11:24:46,,,25.05.03,BOA
effbeeb2-b89d-43e6-96b0-8e1a78c1175a,zelalem fisha,https://play-lh.googleusercontent.com/a/ACg8ocJc2-MJQ4lQUtWUYH7hRKAR_MWj8gj9u6Uv0yUcvYpWG9joGg=mo,its very bad app its very slow,1,4,25.05.03,2025-06-17 11:08:55,,,25.05.03,BOA
9d73d4fd-005a-4232-a1b3-ff967998969e,Bizuy Shewaye,https://play-lh.googleusercontent.com/a/ACg8ocKjmUD7_ly7jKHVQHub4twmHuhZdhJ4aMFT9bArzYMMCBpIGQ=mo,ብዙዬ ሺዋየ በለጠ,1,0,25.05.03,2025-06-15 19:26:48,,,25.05.03,BOA
c2655979-af64-4649-aa42-af100716ede0,Kassahun Endalemaw,https://play-lh.googleusercontent.com/a/ACg8ocL76vYP81AaLsYEqV6OwUcx_ytOD6PASBytslR2VKbORXSiEQ=mo,good,1,0,,2025-06-15 12:16:19,,,,BOA
01f2460e-00ec-4071-910a-31ff89aac75f,Yeshiwas Gelagay,https://play-lh.googleusercontent.com/a-/ALV-UjUlidps7wajDVgRfaaH2utk1uRep_UtFTkOa3pGTo6CZR-TuNke,Good job!,5,0,25.05.03,2025-06-13 11:04:06,,,25.05.03,BOA
45d80ec5-3db4-4b45-af64-095a9fd0c355,SELAM MESGANAW,https://play-lh.googleusercontent.com/a/ACg8ocJaZ4K2WX8KF9tjVXnbUPco7MHa3hcp7w2BEKPjv6G0hbUR-A=mo,best financial app.,5,1,25.05.03,2025-06-12 09:53:43,,,25.05.03,BOA
81589db8-6bd8-4b68-816c-ec9e01408b97,Biniyam Daniel,https://play-lh.googleusercontent.com/a-/ALV-UjWmoEK7mPgql_vee4Ov-x_7MsvI1KdLnGJbTo1QDzPlk974P1O-,ቆንጆ ነው በርቱ,5,0,24.11.22,2025-06-11 21:19:48,,,24.11.22,BOA
6ec1267b-af3c-4d2b-8715-181e7f4c6282,Amistad Civil,https://play-lh.googleusercontent.com/a/ACg8ocLUHs4KfEvFpW68wk43W3gydgA4yMq88h9yyNl75PH3uSxzGg=mo,the worst app humans ever created,1,0,,2025-06-09 16:27:28,,,,BOA
937102c6-ae88-419c-994b-80e520faacb8,Phillmon Haftom,https://play-lh.googleusercontent.com/a/ACg8ocJUHD1VlowMkpu5Ud6IlrkId8h-uGAlDtJtFS8bLkxHA1gDeA=mo,it's not working,3,0,25.05.03,2025-06-05 11:57:36,,,25.05.03,BOA
3559b91c-fad9-4032-bebe-cf99974b9628,Robel Alebachew,https://play-lh.googleusercontent.com/a/ACg8ocKc3cWFE6DB-KelsfBZrSQ5KjVQ7TztXXm7wELqjMcFMLChYw=mo,"Hello, I’m facing a problem with the BOA Mobile app. Every time I enter my phone number and password, the app crashes and shows an error that says “BoaMobile closed because this app has a bug.” I tried updating, reinstalling, and clearing cache, but nothing worked. Please fix this bug in the next update. I really need access to my account. Thank you.",1,45,,2025-06-03 16:21:34,,,,BOA
10e85f30-540d-4810-ba89-85a7e004480b,Haymanot Anberber,https://play-lh.googleusercontent.com/a/ACg8ocIwmyIbpn174q-SvjF22qALayqXshfNd2A-CAp6EcVs5j7mYg=mo,exceptional,5,0,,2025-06-03 10:32:35,,,,BOA
d7f07898-4ba1-47b4-9e8c-a3cc10b1bf0f,Mahamed Abdulahi,https://play-lh.googleusercontent.com/a-/ALV-UjWjpFDGs7v19_pZmUMCMtVR2F8pWgFtnQdx_Pau33zI25ducLU,BoA Mobile good bank,5,0,25.05.03,2025-06-02 14:25:12,,,25.05.03,BOA
2ca9480b-ff5f-4b59-952c-5921db83dab2,Ahadu tech,https://play-lh.googleusercontent.com/a-/ALV-UjWOhd6tDkB5D0Ws9KjbNiDZMM0fSVJ0ykgIWeFwpaPTgsqmNCU,this is worest app 24/7 loading,1,2,25.05.03,2025-06-01 15:51:10,,,25.05.03,BOA
d9172c66-a605-4626-acc6-e1dbca0685cd,Mansour Abdulkadir,https://play-lh.googleusercontent.com/a-/ALV-UjWBTOX_W3soQM62Qu5aC_OP2GP0PBmwc9J0vULfT4FccoQk0E8,BoA system is confartable,5,0,25.05.03,2025-06-01 00:47:32,,,25.05.03,BOA
c3f2810d-cf99-4600-90ac-bef47adb9e7a,Ethiopia,https://play-lh.googleusercontent.com/a/ACg8ocKgfyrWh_dWm13iUdnsiv6Y3B_9hY_rTiI67hppjky8hpEOBw=mo,"this app, for me , is a waste of time. It doesn't work . I can't even long in, and it really piss me off. FIX THE PROBLEM",1,1,,2025-05-27 21:16:27,,,,BOA
512f8c2b-8fac-41cc-978a-b58e39a1ea5c,Gizachew Tesfahun,https://play-lh.googleusercontent.com/a/ACg8ocIix1Gtm5fb9xKlhypyXzFWtmAP2d4b16CGzSD-l_wk2w6Beg=mo,Good service.,3,0,25.05.03,2025-05-25 19:14:52,,,25.05.03,BOA
76089146-b1c7-47f4-ab9f-44b6a1092225,Tewodros Regasa,https://play-lh.googleusercontent.com/a-/ALV-UjWFdK2_RF3rbaPiwkRygKeobIf-Wu3NRloIJKctPROqaAuyebQi,the app crush frequently,1,0,25.05.03,2025-05-24 12:24:56,,,25.05.03,BOA
9198a5bc-f914-4a18-ad44-d2b77094c02a,Mabratu Tesfaye,https://play-lh.googleusercontent.com/a/ACg8ocIgHs_EOKmIvfuXuMFNQNI-NGtyOHnhDRG_UiNl8UWj1jddOg=mo,good,5,0,25.05.03,2025-05-22 15:34:58,,,25.05.03,BOA
e244700c-1210-4280-b60b-b75964c982df,amanuel fikiru,https://play-lh.googleusercontent.com/a-/ALV-UjWtyuTtCt_I4JrlaViwy7Liqp052l2tXUVjkWZRrksIxoV-SfRe,You guys keeps getting worst,1,0,25.05.03,2025-05-22 08:57:39,,,25.05.03,BOA
b857156e-2647-4eee-a3f4-2eec417f721e,Fikadu Netsere,https://play-lh.googleusercontent.com/a-/ALV-UjX5-vXTadTeJ8Argy1izQornDIewHYNog6uRcsJJquLDlt0TJQ,good,5,0,,2025-05-21 19:16:49,,,,BOA
2e219268-96fd-400c-8632-0b0d1044f487,Natty Solomon,https://play-lh.googleusercontent.com/a-/ALV-UjVvOqNjcmiFvpg3wf626ccS0Kal2mOq6hxjoSjCb0xVC1fsg2cR,"This app is a joke. It crashes more than it works, takes forever to load, and half the features are just decorative at this point. Can’t log in, can’t transfer money, can’t even check my balance without it bugging out. To the developer: Are you actually trying to make this work, or is this some kind of social experiment to test our patience? Did you build this in your sleep? Because it definitely looks like it. If this is your idea of a functional app, maybe consider a different career path🙏",1,258,25.05.03,2025-05-21 13:49:15,,,25.05.03,BOA
86456197-428d-45e1-9c00-8dd85dcbb9e9,Deginet Zeleke E,https://play-lh.googleusercontent.com/a/ACg8ocIhGMW4_4_6jw_3MGcqpSMCs7c4kC5rDFOZiQ5BpAhnZy_CtQ=mo,BoA,2,0,,2025-05-20 15:21:55,,,,BOA
fe22c72e-7fba-4ae7-9b4f-097bdb51cc61,Nurhussen Mohammed,https://play-lh.googleusercontent.com/a-/ALV-UjWyAHzBB5My747ELrbHCrCmVUQZMarqfjDuQHzWAWVvXqdoQerk,good,5,0,25.05.03,2025-05-20 10:57:13,,,25.05.03,BOA
8ddf5c9f-f866-4817-ac5e-85c67bfa870e,Usu Elemo,https://play-lh.googleusercontent.com/a/ACg8ocJ3LWDmO2wgBE2qYNAOEsApqJSSpf0CbI28bSeOHIZF5XJo9zY=mo,but not opening on android,4,3,,2025-05-19 17:19:32,,,,BOA
f8bb86fb-594a-48ea-be1f-d08ea0882b8e,Dagar,https://play-lh.googleusercontent.com/a-/ALV-UjXry0c8QCddJq6XwpLxmwwurl90WsOem5lxbxRhT69R8W0ZDK9T,Worst App ever. Totally unreliable. And it didn't work at all for the last 4 months.,1,16,25.05.03,2025-05-18 15:36:47,,,25.05.03,BOA
190dccba-a7cf-4b2f-9b78-5bf8d3c280ae,NURI KEDU,https://play-lh.googleusercontent.com/a/ACg8ocKQStyDvmw6roD6DSAJNOfgMeSyrB42Zi3akTBzH605QOIc7Q0=mo,amazing,5,0,25.05.03,2025-05-18 14:34:19,,,25.05.03,BOA
49377d51-ea44-483e-a596-3d5bed4b3f9a,Mohammed Siraj,https://play-lh.googleusercontent.com/a-/ALV-UjUft61LclDsZP39FfyUa9BbbptSPlFrc-fYRJSxRMcLgv07SGB4,excellent,5,0,,2025-05-15 15:42:43,,,,BOA
b640cc87-df88-4b6b-9b9f-13fe0bdd5dfa,fire biru,https://play-lh.googleusercontent.com/a/ACg8ocKGXwSjfQH8MlM1J14zYWoc7q2nqnsFcm6waB-R2fWUuE51Ag=mo,"this app does no work on Samsung a51, it just gives a preview of the logo",1,3,24.09.30,2025-05-11 19:07:08,,,24.09.30,BOA
141af3a7-96be-4fe5-9490-4cb8dfbf711e,Samson Bogale,https://play-lh.googleusercontent.com/a-/ALV-UjXzkRzyW1X6Epgd9rxrEFT_pctOjzsrnQGv2bTfWm7TjFtt0WzF,nice,5,0,25.05.03,2025-05-10 18:48:38,,,25.05.03,BOA
301f6927-9395-4cda-bb77-041a36323875,bogale abunu,https://play-lh.googleusercontent.com/a-/ALV-UjUNALB1lGxqtlz7jPNG4uUMSvz5nifHfGqRn0KvjbgpsHkaWYg1,"i entered incorrect security question by mistake boa app lock pin forever, why is there no other options? ?? i contacted different branchs more then 4times but they didn't able to solve this issue .",5,353,25.05.03,2025-05-10 12:44:44,,,25.05.03,BOA
9a02c524-0d8d-445e-97d4-d1f451b16d43,Eyuel Baharu,https://play-lh.googleusercontent.com/a/ACg8ocIr-vPKu609mPLrtuU1ocVNLUChrKczNN_eUW-oaF346bIELg=mo,Best app,5,0,25.05.03,2025-05-09 16:12:56,,,25.05.03,BOA
857bb685-6f7e-4db0-af37-eb2f1c1c6fd3,Abdu berHanu,https://play-lh.googleusercontent.com/a/ACg8ocJjoZv87agxo3zkbYHkpDgp5LOsmx4bjWgO6tAxzjQT0bJbBg=mo,liking this application good 👍,5,0,25.05.03,2025-05-07 18:34:10,,,25.05.03,BOA
62fa097e-3fd8-4522-a3a3-9b13f17f594d,Ahmed Abdo Bedaso,https://play-lh.googleusercontent.com/a-/ALV-UjVskSAmT2ssPhP_eVaTgOhXTop0J4YEM0Lw6dgqrB2sT5B2LU5u,"This app future is good, but there is problems with apps to reset and activate it, which is difficult even to the branch staffs, and it takes too long times to active at the branch plus most of the time high expected failure of activation after process at the counter and OTP sent not work",1,5,,2025-05-06 18:06:33,,,,BOA
e4f9ad9a-576a-4bbe-a910-812fd1b7e08a,Amnuel Gashaw Aman,https://play-lh.googleusercontent.com/a-/ALV-UjURD5C_B1xdox1GnMrB4JMjk9iCQtUSaB6HSx9y6U0QhXcpLn5s,good,5,0,,2025-05-06 17:44:32,,,,BOA
586aecda-30fc-4daf-bca7-2d37573a5e4e,Kidus Yohannes,https://play-lh.googleusercontent.com/a-/ALV-UjV6PEEzUCeqclAbu_A3Z_NAjCbpT1y8FIsZVW9Bxnckt4a93mNI,good,5,0,25.03.07,2025-05-02 21:50:25,,,25.03.07,BOA
0f3023a3-30af-479c-85e7-4165b2ce30c7,Cherie,https://play-lh.googleusercontent.com/a/ACg8ocKLXWlJizJ5qtvxjKHQFhgN9yS_wEl_9siyR00CpQGc6GbihA=mo,good,4,0,,2025-04-30 11:23:56,,,,BOA
aa6d112e-713e-46d9-90a5-6c32c1b1d7ef,Amare Tilahun,https://play-lh.googleusercontent.com/a-/ALV-UjUrRhhiZGK-01GEvgLTdHORsbQxcTVwirAgarLLNPs1_uzRcUw,good,4,0,,2025-04-30 10:34:17,,,,BOA
8571b294-c8c6-491b-99d3-52438a2b6dc6,Kalid Kalid,https://play-lh.googleusercontent.com/a-/ALV-UjWdFWClw2FaOO8UwTbUL-i34RTEE8EAtMedSqCI7twcbqPuzr5T,wow,5,0,24.11.22,2025-04-28 17:51:26,,,24.11.22,BOA
e255b972-0d40-4de1-99ff-44dbada62a16,Parish Duop,https://play-lh.googleusercontent.com/a-/ALV-UjUm1sZ3jg3ZaGsXJ1QtSgcuH-vlxWHt-Ci60zdy62M0gOOJOzg,it's really good 👍,5,0,25.03.07,2025-04-23 19:44:14,,,25.03.07,BOA
dbd9dbf2-47ee-4103-8631-cd0ef79f4344,Natina'el Taye,https://play-lh.googleusercontent.com/a-/ALV-UjVrI4MILJEspf7LceYOswa-78YQoKxP6lWtAZZhExX8T5EMS24Q,Bad app . it stuck when you open and noting WORKS.,1,5,25.03.07,2025-04-23 14:16:20,,,25.03.07,BOA
8a4d9c01-9e5a-4732-a8ab-9341930b30c8,Nahom Abebe,https://play-lh.googleusercontent.com/a/ACg8ocLRFdZ5Nv2Vc17s9gmMXS_GfT3mVhKlWyxrIP49GsiyGHihcZQ=mo,"the app isn't working after it asked me the password it starts loading, but it doesn't open",3,10,25.03.07,2025-04-20 21:05:21,,,25.03.07,BOA
e523c50a-6f8f-4653-ad4d-5122ef8ddb9a,Wase Kedir,https://play-lh.googleusercontent.com/a/ACg8ocLvSpWlAY8Ph0RdWqqCXuD34YRHVBTLmEEDEGWaJ1I75BRh5A=mo,Best,2,0,25.03.07,2025-04-19 18:38:02,,,25.03.07,BOA
3271d45f-2900-41b6-878c-669ac563e60a,Abel Hubena,https://play-lh.googleusercontent.com/a-/ALV-UjXntbwaXsZjrryM7cvQuWMFymDlD0f5l5_XDVLg9iElR9a54qMnvg,It keeps showing this pop up to turn off developer options even tho it's off! I had to turn on and then off to make it work! This is a horrible experience and needs a fix asap! Plus kinda slow.,1,34,25.03.07,2025-04-19 07:15:54,,,25.03.07,BOA
56788d9a-6194-40ce-b282-30c541eec4cf,Mule Negte,https://play-lh.googleusercontent.com/a/ACg8ocKoafd29AcHajg5qE4U0IFBWcUw-regmd5VC0Vc28qMgppEkw=mo,yideg,1,0,25.03.07,2025-04-18 00:18:40,,,25.03.07,BOA
527633dc-326a-40d3-8f50-663f5a355aee,Amanuel fitiwi,https://play-lh.googleusercontent.com/a/ACg8ocKliKKp_8qIp_g57FM85oeqfgP80QPcgSQkp41RTVuGAQho9Q=mo,great boa,5,0,,2025-04-10 14:33:26,,,,BOA
152c96b7-b5f2-4b29-9812-ff59d9464615,Tesfaye Tegegne,https://play-lh.googleusercontent.com/a/ACg8ocJRp-HiDRmk4Re2YLUED1LPi2mS8UKENqpv1UoFIGfvF9ZLuA=mo,Best,5,0,25.03.07,2025-04-10 11:53:01,,,25.03.07,BOA
497345df-10e9-402a-bb96-88e16f8a803d,Tsegaye,https://play-lh.googleusercontent.com/a/ACg8ocKJgt9omU_YpOsh3V5D8W98OWGiLim0TjaQWbSUYsKnY2esZsU=mo,boa of mobile backing,5,0,25.03.07,2025-04-09 14:32:34,,,25.03.07,BOA
6474e6df-7925-4e06-a67b-944237843b02,Mezemir Haset,https://play-lh.googleusercontent.com/a/ACg8ocLykuOmI1KEuf9Fq88IybGh-25nAYODVpHStxjVnhTYblr0Jg=mo,nice,5,0,,2025-04-09 04:01:08,,,,BOA
f68ed25c-79db-4a9c-85e7-aaccd1671555,Joni Eden,https://play-lh.googleusercontent.com/a/ACg8ocLYmkXyF2huI_gR4t2Ra9sD2OqyiXutrjMLreLDsNRSaSL26w=mo,faster bank of Abissinya,5,0,25.03.07,2025-04-08 16:36:23,,,25.03.07,BOA
94ef86ef-6437-4c31-96c5-efeb7f32829f,Yared Getachew,https://play-lh.googleusercontent.com/a-/ALV-UjXStUgSCFhTrcRyNDiKuvnzNtvi4hky6vzgOcFx9fZ_GA_vBSxd,i would have given it a lower if it was possible because it crush so much and it take the bank so long to fix the bug,1,10,25.03.07,2025-04-08 10:12:19,,,25.03.07,BOA
3b48fff7-6b38-4099-9c7c-cabc1bbbd92b,Bezawit Wondmagegne,https://play-lh.googleusercontent.com/a/ACg8ocLMgtPAMJRBpYNB5jBVqf_d7ufK7SYjVpTqT1k9W2KLdWLR1g=mo,it just doesn't work...so frustrating,1,0,,2025-04-07 18:04:17,,,,BOA
94d9f11f-f866-4439-a91b-c258140070e7,Estifanos Afework,https://play-lh.googleusercontent.com/a-/ALV-UjWZZST4adG1di5sPl8LuW-COZZ8Z8vWbE_7p1kTa8jiW2H8RpsW,like,5,1,25.03.07,2025-04-06 22:17:21,,,25.03.07,BOA
b10d3c9a-d5c8-422c-9bca-82a40310fb5c,Teddy and Fli,https://play-lh.googleusercontent.com/a-/ALV-UjWmwyTMeD9quS8mnVL-8WsUjWicNmU-FPOtffGrcwObiYaPRalW,it's not work correctly... you must have update it,1,7,25.03.07,2025-04-06 11:01:42,,,25.03.07,BOA
8eed1a6d-6902-45fe-abc4-48dcbae22f85,Esubalew Yismaw,https://play-lh.googleusercontent.com/a-/ALV-UjU-kJX0DEbtrWM_594xDdLac8BzdVyW-l0Zr_4gVsX4g8ggjJXw,"the app gets a considerable improvements like language , QR scanner and unlimited transfers survice. but BOA Please do alot on its fastness and convenient when we login and making a transactions.",5,19,25.03.07,2025-04-04 22:57:29,,,25.03.07,BOA
b3a22053-e2b9-47e6-8083-a2e73a7c6bed,Yonas Gebre,https://play-lh.googleusercontent.com/a-/ALV-UjXE7RfDi8eySDco2807b_hHR0-GAtMA29WYI7qd0R_kjITHUfxy,after i typed in my password it says successfully logged out ...and goes back to the first page,2,9,25.03.07,2025-04-04 12:38:08,,,25.03.07,BOA
53263f41-9dd6-4165-a24a-a41fda4c390c,Nati Kasahun,https://play-lh.googleusercontent.com/a-/ALV-UjX_oJS20sQqMojAKhqZSlSXTSSs7UpU4a8wSc8B1SFWw_Dg1lX5,good but they don't update enough don't add new things,3,4,25.03.07,2025-04-04 12:24:06,,,25.03.07,BOA
6686f694-5b08-4f44-a4de-2160c5ad6a62,John,https://play-lh.googleusercontent.com/a/ACg8ocKvB1iRR0QRd9LhyVCDVDq4-7E3yipvhqvpSIoPsF0ZtIAQ6A=mo,very good,5,0,25.03.07,2025-04-03 08:50:56,,,25.03.07,BOA
91372113-f427-4e6d-892a-571e1c40eee6,Rais Rashaad,https://play-lh.googleusercontent.com/a-/ALV-UjUQMaSpnBVpu0Q--2MGY-nieBfCN5My_nV-B1rcRTjlMP7eQpTm,thank you,5,0,24.09.30,2025-04-02 03:33:00,,,24.09.30,BOA
6eec96bf-b4c9-4dde-9814-059cf54b3f86,Abel Getachew,https://play-lh.googleusercontent.com/a-/ALV-UjUkaycJeMeh_DqBMOGrF_SIv-5Cdunku3YbxuMtFpRYbjrZYfA2,it doesn't work period z slowest mobile banking ever i would rather use *815#,1,5,25.03.07,2025-04-01 00:27:34,,,25.03.07,BOA
1197ad29-5063-4999-888c-589582754caa,Hone Boy,https://play-lh.googleusercontent.com/a/ACg8ocJ94dBkQntspJfmKqbrM0zmMry5oAXsC9mSxVdmbgf1GAu49YE=mo,"after activated the application it not allowed to sign , automatically it is turn off In my phone, why ?",1,6,,2025-03-31 23:55:06,,,,BOA
2ac5df83-d25c-41c5-ae60-64c7a77159c5,Aklilu Keshura,https://play-lh.googleusercontent.com/a/ACg8ocJO895hHxP5vfWjxyYMTHGNYQ4pxOg7nTBzQLJgFxjT65RqVg=mo,good application,5,0,,2025-03-30 21:56:40,,,,BOA
e9072e9a-76dc-49d1-b423-cb64c4656802,Yohannes Assefa,https://play-lh.googleusercontent.com/a-/ALV-UjVwg9_NSPfIIi3K1l82YSlh3LDv-GSIaUQrd94qff5J0xwY0sQ,this version is not working for me I cannot even buy card. I cannot send money,1,2,25.03.07,2025-03-30 15:27:26,,,25.03.07,BOA
e52a6ccb-dc16-472c-84ef-2969c08a9318,Nahom Tesfamikael,https://play-lh.googleusercontent.com/a-/ALV-UjVveTeQ6XPqN5H-xh3iSI9D_GsCtnA_6Yir0g1onFPOMjddS58V,"It can't actively on initialization, it says incorrect OTP getting the exact OTP",1,4,25.03.07,2025-03-29 14:29:38,,,25.03.07,BOA
34f5b18e-0a79-40bb-94b6-4430d08e0c17,Michele Graffi,https://play-lh.googleusercontent.com/a/ACg8ocI3d-EFmZlyL2EB-DwxLVU5JxMULic6PXmnkDmSCUfEEXGvOQH4=mo,always problematic hardly works,1,1,25.03.07,2025-03-26 13:28:25,,,25.03.07,BOA
c011e833-112f-4780-9a18-eaf17e5eff57,Agwes Agwes,https://play-lh.googleusercontent.com/a/ACg8ocJjrpQDLoL8mUYQBxG6Kg_MWxqyzKBbO84_SOVPgp1cCvURpg=mo,best app,5,1,,2025-03-25 13:15:12,,,,BOA
316aafea-0134-4718-a056-b50a0eacb679,Sisey Tesema,https://play-lh.googleusercontent.com/a/ACg8ocIFB7bj5q6N87kF2suK7PLdrpQcLZ-lLXgdQLI6kltH56jocg=mo,very good,5,1,25.03.07,2025-03-25 12:56:42,,,25.03.07,BOA
1648df61-5880-4d2a-9ec1-c393c9ac474d,Monte Qamer,https://play-lh.googleusercontent.com/a-/ALV-UjUgGaLetgv0astuYmO6D-SfMCSkvaC_GrLwN08S2dCHDD4rU8jb,"worst app and Bank ever u be ashamed, scammer",1,0,25.03.07,2025-03-24 17:00:42,,,25.03.07,BOA
f1de5d59-8021-423b-a02a-958993f6e85f,Cadaawe Xuseen,https://play-lh.googleusercontent.com/a/ACg8ocLCxC6Q81RjJCoITlg1WWr40nMq2W2UplXLIuGx4MfKCiWeIA=mo,great BoA,5,0,24.11.22,2025-03-22 12:46:56,,,24.11.22,BOA
5f3f6ba2-4517-48c3-b87d-f58179b8ef73,Aklays embay,https://play-lh.googleusercontent.com/a/ACg8ocLizXcOzx50VsImReoaS_cRt1QrduLam5ATNmNTT8xRuBAA0g=mo,best,5,0,25.03.07,2025-03-21 12:32:05,,,25.03.07,BOA
6b5a5455-dcd0-4a2a-8cbb-f0deb5706498,Rakeb Mulugeta,https://play-lh.googleusercontent.com/a-/ALV-UjX1VVX2AC5KbOYILSBO_pFAdZNJCxr-eZ04qJ0OD5Y00RIVDaLO,i have went to the bank so many times because i couldn't make any transaction i can only see my balance nothing else so what is the point of having mobile banking if i can't make any transaction with it please work in that,1,7,,2025-03-21 10:49:11,,,,BOA
cd4e2229-6495-42e6-bd2b-3ff710dc9663,Muhammad Hamed,https://play-lh.googleusercontent.com/a/ACg8ocKhmPc3kz1wW0Vhlz9XuILDbvBB1pqweCmU1opkbeMeSW8ZWw=mo,good,5,0,24.11.22,2025-03-21 06:06:10,,,24.11.22,BOA
643f52aa-9981-4dfb-b058-573537f62ce5,Miky Mal,https://play-lh.googleusercontent.com/a/ACg8ocIbpqGW8DqSJKRh3qusrUECKyqllb7eGqhgkqvUx_22Mv1mqA=mo,good,5,1,25.03.07,2025-03-19 21:15:38,,,25.03.07,BOA
376f374a-f480-46e2-bb4a-90e938ab3a59,Mickey Justin,https://play-lh.googleusercontent.com/a-/ALV-UjUf8oSe2sn7dlDbNMS-H7541KC8NlHCBlcNIpvIhS0pT1QJ_W4,there is no speed,1,0,24.11.22,2025-03-19 19:12:01,,,24.11.22,BOA
c5cdb617-4335-491d-89ce-9c1aab9b0b2f,Noah Daniel,https://play-lh.googleusercontent.com/a/ACg8ocKQpSKVHU0UhCOeoZsA99QNxGYpR939DTIZgtHM2eHNlocFJw=mo,"For anyone who wants to download it, just don't!!!",1,0,25.03.07,2025-03-19 16:02:57,,,25.03.07,BOA
26f2b9fc-1707-4e54-b04d-c9915a1e9a54,Ararsa Dabale,https://play-lh.googleusercontent.com/a/ACg8ocIZnuf99fQ4lH6n3GU8AwdBUCclYHBJSCVEWSczT6JukIkXkQ=mo,wonderful,5,1,,2025-03-19 13:58:10,,,,BOA
799f010a-f795-4ad7-ba24-b67c4939529e,Usman Umer,https://play-lh.googleusercontent.com/a-/ALV-UjX-A7fDi_Xn42Mcm2NOZEGfpEUADo4wczNT9kHLUoYnY5_qGhlr,all worck,5,1,,2025-03-19 12:55:57,,,,BOA
e39414aa-0b2e-4c4d-9a21-8302487cdda4,Muluken Sewunet,https://play-lh.googleusercontent.com/a-/ALV-UjV7-nHhtWwbjz5lFXxufv3DTFMMZQSl02qSCWFlC76ndCzWB26S,Loved it,5,1,24.11.22,2025-03-14 17:57:04,,,24.11.22,BOA
c9a192de-b018-4dde-b0d0-b0201be0c3f7,Abdu Mille,https://play-lh.googleusercontent.com/a/ACg8ocIKSBCTUKUSbSZXpCiTxPpTG7Mmo6fs-i5pWn256l7eD_TRnQ=mo,Wow,1,0,25.03.07,2025-03-14 03:37:53,,,25.03.07,BOA
7d475f3a-15b4-4e56-ae4b-1fc451749e61,Beamanuel Tesfaye,https://play-lh.googleusercontent.com/a/ACg8ocKzKtslIb7CKU6wDNHKr93Lw3TklYJ3fl8TQ34Amh5n6SwhmSI=mo,"Edit: New bug, app not letting me type in my otp codes. Shameful Why does this app not allow me to use it while having developer options on? Did y'all consider that I might, perhaps, be an actual developer? Why am I expected to toggle the option on and off just to bank (restarting my phone when I do)? Why is the message labled as somthing that will ""smoothen"" the experience? This is like the most ""security consultant"" thing to implement in an app. Please invest in actual security, not this mess.",1,137,25.03.07,2025-03-12 22:41:25,,,25.03.07,BOA
e68af2d6-0770-4110-b3dd-167bb54cd017,Fanuel Gebremedhn,https://play-lh.googleusercontent.com/a-/ALV-UjUokUV5tiiptS8Elef8L13BqiR4oknZ7-8FX6b8sMN4tDPORlHa,Improved to be the best,5,1,24.11.22,2025-03-11 12:32:31,,,24.11.22,BOA
a9e99120-460c-4cc0-8978-d1d601b89258,Merkeb Bonitua,https://play-lh.googleusercontent.com/a/ACg8ocJlW2AGBQ1uottYfDFe3WPATgsKYjGZzCJxON5rcX_XmfiPxA=mo,BoA,5,0,24.11.22,2025-03-11 10:51:57,,,24.11.22,BOA
0e5e093a-1cf1-4c49-87ed-046888b8afa9,Nati Man,https://play-lh.googleusercontent.com/a-/ALV-UjU87NmM3afostHvy3sFDg8gPpucnnDcZaUlxfvPW-kqLzoUapMR,"Decent, but there problems sometimes it says error When i transfer money but infact it transferred because of this bug i transferred 2 times instead of 1 and also we can't transfer money to others telebirr acc we only can to our self BOE Dev fix this !!!",3,3,,2025-03-11 09:22:01,,,,BOA
35ea7b31-46fb-47a7-b9c4-8a5e06161abd,DAMTE BIRU,https://play-lh.googleusercontent.com/a/ACg8ocKxLXqX9zh6ZR06K7_JNE8Rlt-RNCh2keZJkBXvSqwVMk69SQ=mo,BoA Greqt Ethiopian bank.,5,0,24.11.22,2025-03-11 08:31:05,,,24.11.22,BOA
c9f8ff21-b8d1-400f-bb94-c98399a25ad5,Bamlak Sintayehu,https://play-lh.googleusercontent.com/a-/ALV-UjXB-UU_XEeGfWyHcMVo0jwChi13gQnx_cZFC_nJCgsn80kG8d8,"The bug is still there,the app crashes every time i try to log in, especially in old phones like my Galaxy A32",1,7,,2025-03-10 20:11:15,,,,BOA
df027023-1b65-40e9-b2bf-de6fedc17c5d,Biruh Alemayehu,https://play-lh.googleusercontent.com/a-/ALV-UjXNdeQHylEjfVen2210bIAp7s82tnb3tIa9U5HJo-eyi86Mnqlb,Almost better compared to cbe where it is not qualified for,4,0,24.11.22,2025-03-09 11:50:02,,,24.11.22,BOA
73ce76e4-b7a2-4ed8-b6fd-f9b388bdb4a6,Teddy Abayneh,https://play-lh.googleusercontent.com/a/ACg8ocI5qBqlzQdwbrO7evldVwAEBPArhIptGQfqyv2yv7D0NamS8r8=mo,what awesome apps. it is very simple to use and more much important apps.,5,4,,2025-03-09 11:34:30,,,,BOA
1cfcfa11-67f5-4315-9f2d-f47ab27f0910,abrar yasin,https://play-lh.googleusercontent.com/a/ACg8ocJmoxUxnQnUu1NsBnzsMh1LLP82J5L_liHoGXdhHgrQZWSCBQ=mo,Wonderfull app,5,0,,2025-03-08 10:23:26,,,,BOA
c292d2f8-1e0d-46ae-97f2-f3215a0bdf50,Djejaydh Sj4ydudg,https://play-lh.googleusercontent.com/a/ACg8ocLDFf0usIQRhKCSPmprfRA1RrysZMFslhcIIXZYY1Nj5BngXA=mo,i can't use this app why?,5,0,24.11.22,2025-03-07 14:28:00,,,24.11.22,BOA
1962d1c4-e2c2-4ac7-91b6-b0a75ae11d7a,Abel Tesfaye,https://play-lh.googleusercontent.com/a-/ALV-UjVIYC92EdgEqTJoHj55sKZYnWbOabm7fjrhMmSx0h4qJxxHC4u_,Worst mobile banking app I ever experienced I was blaming other apps but comparing with this they're too much better!!!! It clashes it takes much longer time to login while loading in short it's a complete of trash,1,9,24.11.22,2025-03-06 22:44:28,,,24.11.22,BOA
ab7b2d7e-b707-4546-b9ec-ad0da2cb9015,Demlash Demlash,https://play-lh.googleusercontent.com/a/ACg8ocLDToXQqecubnH97f4m4yd6C9tealfqfed7ZoszSwM0g38gzq0=mo,Wow,4,0,,2025-03-05 21:58:05,,,,BOA
7d468428-1ccb-4528-9984-9324db9b9d2b,Tarik Teshome,https://play-lh.googleusercontent.com/a-/ALV-UjUFO04T-bMxwaWLzi_7eUm9xXaXEvA7yv8Hd8b0LmCuUHSUTaE,bro the worst app made by human kind!! as a software engineer it make me so sad seeing enterprise as big as BOA make apps like this. it is a disgrace for our country!!,1,0,,2025-03-05 15:03:56,,,,BOA
ab512ec6-2eaa-496c-b0a9-ee21a2d810be,GENENE NUSI,https://play-lh.googleusercontent.com/a-/ALV-UjU4Q3v16iBmjuG23kwnQ2mvHm-oSXuG5VqmujALWhPKF_jhhxVhig,AGA B Girja Miss language of admin Afaan oromo & other Itoophiyaa languages,1,0,,2025-03-04 20:03:40,,,,BOA
06384ab0-33e4-4d40-9ff0-735d46c30c17,ᴀʙᴅᴜ sᴇɪᴅ ᴀʟɪ,https://play-lh.googleusercontent.com/a-/ALV-UjU9X-7lXrsfRCD8TF_gN_3IR0EdoosZem-vDBOP8Up0sGpZXkM_,Good app,5,0,24.11.22,2025-03-03 16:47:22,,,24.11.22,BOA
49b877c9-5536-4be5-8674-e3ae975fa0ed,Cyber boy,https://play-lh.googleusercontent.com/a/ACg8ocICFlKeHKgnvkHobS5K0iNiXYmssT2ABsjVhtrH69xcfpTi9g=mo,"I downloaded the app for the first time while reading other customers reviews and as soon as i installed and opened the app it closes back automatically, what unserious bank, now i uninstalled the app immediately",1,2,,2025-03-03 09:24:29,,,,BOA
529fe570-b1aa-48b7-b349-444b98c1fce7,Merkeb,https://play-lh.googleusercontent.com/a/ACg8ocKcytEOjJsrdcVRlevcycaEiUKgHpYh4-bDOcmBPqGnVUaRROA=mo,It has good features but sometimes it doesn't work...0,1,2,24.11.22,2025-03-02 17:02:17,,,24.11.22,BOA
12f08f68-da19-4974-8086-304a40091d72,Mahlet Fassil,https://play-lh.googleusercontent.com/a/ACg8ocI23URqXuBrZrgoQb2CtETeidXWmsVUP1qw0hrzisNzjh7yV5jX=mo,Very poor proformance,1,0,24.11.22,2025-03-01 23:02:44,,,24.11.22,BOA
b7206c5f-267e-44f1-b044-8f6f9392701d,Wedi 20,https://play-lh.googleusercontent.com/a-/ALV-UjXDxbPokOspU9ZXpiPWTBjoENmSXhJzBiuziLIuwpMu6lcbBgqh,It's not opening. Really frustrating,1,4,24.11.22,2025-03-01 17:18:34,,,24.11.22,BOA
d5e46c35-6bbf-4ce7-b184-cdc4c1e0eab1,Diriba Desu,https://play-lh.googleusercontent.com/a/ACg8ocLzVquDctCl9qLs03VhIUZaDxDKGX7Fp7386_tYK5kcKDeEPQ=mo,Verry Amazing App from all IB,5,0,,2025-03-01 11:35:08,,,,BOA
99172a2f-926c-48be-a1b0-3971b984b6b2,Zenebe Abebe,https://play-lh.googleusercontent.com/a-/ALV-UjXbc_yPmYGPor7cZPdkgHwjBMamb8VWNye-nuI4I7EZ-pUe6D6C,Not working on this days,1,0,24.11.22,2025-02-26 13:29:28,,,24.11.22,BOA
781ff61a-6f89-4bb1-a455-9b66400b0cd7,fitsum tesfaye,https://play-lh.googleusercontent.com/a-/ALV-UjW4SdXTIqFftZVn0b73mUtJ1ifHezluMhPN0LZ6u3NhpaYs3nD3,Thank you BoA,5,1,24.11.22,2025-02-23 11:06:47,,,24.11.22,BOA
cf026bee-94e7-4b9c-8a46-034354f9d171,Eshetu Amsal,https://play-lh.googleusercontent.com/a/ACg8ocJgBXUHl168hc0VgZuc-0dKkWOAheUO7UmfoWCfeCkXlwZZAg=mo,best banking app in the wworld,5,1,,2025-02-22 19:58:17,,,,BOA
9035f28b-9646-4fe9-80e1-6b6926b0289e,Yebelay Getnet,https://play-lh.googleusercontent.com/a-/ALV-UjW5pVVdDFWClMf9cm_IPXFlkOfZYfnRT-XiHocDNStHofXtXN8,Nice app and it's easy to use,5,3,24.11.22,2025-02-21 12:41:42,,,24.11.22,BOA
25b7eec9-d1ef-41be-8bb3-3fd1b1cb8068,miki,https://play-lh.googleusercontent.com/a/ACg8ocILvBTtCBgtXCBfDg6l4_1_4BmDhiBmyJUK4YisbPleDz5T7g=mo,"please add language in the apps setting(amharic afan oromo, tigniya,and others) sometimes bank to bank transfer is not available through time and even if if it is available not reachable…it is serious issue!",1,4,24.11.22,2025-02-15 18:15:50,,,24.11.22,BOA
5e94fa10-612f-4422-8183-00d5050e8d98,Teshome Tesheberetu,https://play-lh.googleusercontent.com/a/ACg8ocIfhs794nd8VWpxrbMsv8srRJcmthWj0lTS1RSkGHd7YQgy5g=mo,This is help full i like ittttt,5,1,,2025-02-14 21:09:06,,,,BOA
8d82d36e-ff01-40ab-83e7-cdb44af38a8e,Fisseha Legese,https://play-lh.googleusercontent.com/a/ACg8ocKUimuiQJWJlQ77iHgs0-jzNucDPBIyYW9UhleSU6yXfjSYVA=mo,The is not functional at all?,2,0,,2025-02-12 11:31:48,,,,BOA
24e6a87a-ec94-489c-b9e6-4ed8e33a70a9,Zelalem Biliso,https://play-lh.googleusercontent.com/a-/ALV-UjVz4fr1JP68BmzpQw-jjeVRo_0RKk_x7TefH8-YKyl4qOwOuVAF,nice,5,0,,2026-05-13 08:15:58,,,,Dashen
41170efe-a4b7-482c-83d1-fea6fa51993d,Dagem,https://play-lh.googleusercontent.com/a/ACg8ocLmtIVBY1EUIwMhARyZR18KGJgY26OMFJ0BoQYXJHtyAG2t0w=mo,"Very bad customer service line. they won't pick up, dialed repeatedly. waited on hold for 20 minutes+. The worst customer service line I have experienced from a big bank.",1,0,1.9.14,2026-05-12 17:33:07,,,1.9.14,Dashen
3cba8ce3-0124-43fb-87c2-e2f1000dd366,Melaku Messele mamo,https://play-lh.googleusercontent.com/a/ACg8ocKWOWZuBRb3D1rffQ7OSb4k_Z9_n4tbinLWOWwLQp8gpBg-Cw=mo,smart app,5,0,1.9.09,2026-05-12 17:22:54,,,1.9.09,Dashen
c04ae465-9539-4f17-b6bd-62711206e770,Abirham yas.,https://play-lh.googleusercontent.com/a/ACg8ocI7-tW-JM2s4qG5XZBfDhSmutkjpoafTp8T6qPxRjru4vB2=mo,The application booting time is so bad..,3,0,1.9.13,2026-05-12 16:43:12,,,1.9.13,Dashen
6392f0ac-7404-4939-9863-2a275db40dd2,Behailu Abebe,https://play-lh.googleusercontent.com/a/ACg8ocIfzsM5Zv6oHY_bQv9AKMzKOSI26bsavJvoVybioegemORA0w=mo,good,5,0,1.9.09,2026-05-12 14:56:04,,,1.9.09,Dashen
d84810ac-35af-4044-bcc4-2866cde7d441,Siham Mohammed,https://play-lh.googleusercontent.com/a/ACg8ocJGLQmVA9RDhLij220c7FV5Vpnlbgb_C8tB0l52a85ZGXgfaQ=mo,excelent,5,0,1.9.09,2026-05-12 14:29:35,,,1.9.09,Dashen
fbca52ab-3c9e-4199-83bc-ef1cb7cbb1eb,Frehiwot Bekele,https://play-lh.googleusercontent.com/a/ACg8ocIOL-Hr2TjQHwlrcXnXwNUp_pFsIpuXFlPkaPvP9lJ9aL6Q8A=mo,this app is amaizing,5,0,1.9.09,2026-05-11 22:11:19,,,1.9.09,Dashen
3ac00147-9251-4c11-a6fa-35579bcd67d5,Gizework Marye,https://play-lh.googleusercontent.com/a-/ALV-UjUUHE9uxhMUaby1X4wt9CjR-i8vDjrRFVNIfztwHHek3086Hm4jxA,fast and very easy to use,5,1,1.9.14,2026-05-11 15:47:09,,,1.9.14,Dashen
15e7f782-ce40-4927-a035-f0f73b2b5631,Natan Messy,https://play-lh.googleusercontent.com/a/ACg8ocLJ09EJu8BG7rKgZ_E6ciQZtSAgl9Wqu0zphEKO-G5iLdB3GAc=mo,good but it takes forever to load,4,5,1.9.13,2026-05-11 14:48:42,,,1.9.13,Dashen
2f3c3a25-5022-4e2b-8090-0be0fda09f74,Abel Yenework,https://play-lh.googleusercontent.com/a/ACg8ocJJIr423gspOcRORTLFTpBGU_UK9ZYJUk82FeYa20vPBw8_2w=mo,easy tp use.,5,0,,2026-05-11 12:37:14,,,,Dashen
c95d64b1-557b-4695-b66b-f2315d55c48c,Yebeltal Beyene,https://play-lh.googleusercontent.com/a/ACg8ocJ0W8_TMk_tY3Nf45De4yeYW8tko_pFqV0CWM8724hvIBoo-w=mo,best app i ever seen,5,0,1.9.09,2026-05-11 10:21:04,,,1.9.09,Dashen
1bea6573-ccee-42a9-8625-1d78536db154,Eth mikias,https://play-lh.googleusercontent.com/a-/ALV-UjWwGW_m_KlNsAXPI-HAzhIvW65ZEZLghxch8ssIHHxHSh6mmSk,it is best but sometime when I need to sign in it request update,3,0,1.9.09,2026-05-10 17:55:20,,,1.9.09,Dashen
681ad5dc-07e1-460c-bc79-84bdcbc080bf,sitota tomas,https://play-lh.googleusercontent.com/a-/ALV-UjU1JesXUZF1sj9FqkJVEEktHUu8AxgO8UQ_8F-KlJk5c_OkOUGy,nice financial app 👌,5,0,1.9.09,2026-05-10 14:24:43,,,1.9.09,Dashen
c77f77ce-8911-47ff-8ef8-c282395a60f2,Matusala Getnet,https://play-lh.googleusercontent.com/a-/ALV-UjXElauYNmwGOKXlydX4CIQM3gIfIGBf4gM-syrpzZcg1IssrW8,it is terrible and shame update request 3 times a month what is the matter with us?,1,0,,2026-05-09 18:01:39,,,,Dashen
e85ad0c2-be37-494e-9932-90abcf379c54,Nani Suqe,https://play-lh.googleusercontent.com/a/ACg8ocLCWjVFckWm2aNcsyyf7a3TAt3npy1xQ07279ZHnfULynaYFA=mo,good,5,0,1.9.09,2026-05-09 15:59:04,,,1.9.09,Dashen
29676917-abff-45ee-b8b7-ad4df0673a15,Dagne Zegeye,https://play-lh.googleusercontent.com/a-/ALV-UjXdVuAucEd8XR-oOtJbZEPPZpC7QOn5SD1gJtCv8Gtmy0xEqno,Dashen super app is the latest mobile banking.,5,0,1.9.13,2026-05-09 13:17:28,,,1.9.13,Dashen
ff65a1e6-08ab-4b69-9519-898af730d7d3,Sami Son,https://play-lh.googleusercontent.com/a/ACg8ocJ_JnAlZa2IZFD8-t9IeC2S7rJmscl1sez-x3OfyIZfFJTeVA=mo,best but not staple suit and not fast,5,0,1.9.09,2026-05-09 12:24:55,,,1.9.09,Dashen
484bb204-6ec2-4f83-bbfb-38b192227902,binyam amare,https://play-lh.googleusercontent.com/a/ACg8ocIHuYAybo0XZHRxhUa0xQ87glhUtC6JuVceyMJIobiKPGLpQQ=mo,best app,5,0,,2026-05-09 10:03:27,,,,Dashen
267bc779-3955-45e6-9924-3ca9258c740d,Hasan Aliyyii Abdurehim,https://play-lh.googleusercontent.com/a-/ALV-UjV1Yzo6hx6olECE6trgL1IN0ILGIKLLQSHaCzLedMLETvltEjg,appn keessan kun daddafee update gaafata yeroo gootee garuu password block godhaa maallifi,5,0,,2026-05-09 01:09:54,,,,Dashen
1ed4529d-195a-4aea-94ab-322951a0f5ba,Maru Kerebet,https://play-lh.googleusercontent.com/a-/ALV-UjVgXTuVUrqIP1eUWSSYEQu-D7tBzzYBeFmOHaHbuh5AcxTTggFc,"Dashen Supper up Dashen Bank ,Always one step ahead!",5,0,1.9.09,2026-05-08 22:46:47,,,1.9.09,Dashen
56411fd2-d30b-4196-963b-c01446fd0cb1,shukra folgeba,https://play-lh.googleusercontent.com/a-/ALV-UjWMmkEHUZgerYanrkn6Q7J44GX8phbRVTQcn3jNUEdVObH9Oq8,top mobile banking app,5,0,1.9.09,2026-05-08 21:21:01,,,1.9.09,Dashen
cfb817ad-236a-4390-acbf-4fd1f3b2630b,Tegegn Mamo,https://play-lh.googleusercontent.com/a/ACg8ocK3n6AAe_xbHqkgVrB1to9CeNy-glWdRnj_C40S9_0fYnBHZw=mo,Thank you Dashen Bank,5,0,,2026-05-08 20:35:48,,,,Dashen
fea94eb2-8044-4f6d-99f8-4dc2566c49f3,Zerihun Danole,https://play-lh.googleusercontent.com/a-/ALV-UjU5NY3AnnbBCZsvRfCLdSsH9u7_RVY9C2nzhUefqpCwRd0j9Jo,best app,5,0,1.9.09,2026-05-08 19:47:21,,,1.9.09,Dashen
8f7b9345-9fb9-4aa2-968e-7fab01efe7ab,Yohannes Misganaw,https://play-lh.googleusercontent.com/a-/ALV-UjX-d0RgrYBmZ3IIJ6n9rKWkF0hJ3E9l_6gXapQc7-zJlA2k4Brz,dashin bank one step a head,5,0,1.9.13,2026-05-08 19:34:34,,,1.9.13,Dashen
523d1cac-39b0-43e1-a58e-9bf41ba4fb99,Dejene Dejene,https://play-lh.googleusercontent.com/a/ACg8ocIFQx9sEBQ-dNtmZYbUHPmEaK1DrKFclmEK9rwBgYUMr8U7HQ=mo,Good,5,0,1.9.13,2026-05-08 19:30:52,,,1.9.13,Dashen
87b8a693-a799-47e8-bbae-8e2c54be7db2,Dagim Abebe,https://play-lh.googleusercontent.com/a-/ALV-UjWWQo6L-9av1-Ewj-VTtREidsSit6Whshz6SIYriVaoVtxp28dV,Nice,5,0,1.9.09,2026-05-08 19:05:53,,,1.9.09,Dashen
6e11f887-175b-4dfd-a0f5-37cd407cfdcf,kemal nasser,https://play-lh.googleusercontent.com/a-/ALV-UjU0mBonyN_QpHOfF6pJcq4OVDDAQpbAlEZbEpzrep3DWafI9Bk,nice bank,5,0,1.9.09,2026-05-08 17:24:57,,,1.9.09,Dashen
47d5f9a2-bdb9-44a0-86d3-20566aa64d4b,Ali Ahmed,https://play-lh.googleusercontent.com/a/ACg8ocI0U7W06sOGtSalTxjwyKcE-ISlrxo49HWdVD3wlWdS3LOOyA=mo,good app,5,0,,2026-05-08 15:15:59,,,,Dashen
d0155863-fe05-42c1-8dc5-761628839468,Capt.J,https://play-lh.googleusercontent.com/a-/ALV-UjUGairRYybRkmzzEE0aeKXh5kceI6KVVIGFDQ5cON2WRpmJaaSKUA,The best mobile super app in Ethiopia specifically I like it's User interface(UI),4,0,1.9.09,2026-05-08 13:39:52,,,1.9.09,Dashen
d40c1a6c-675f-41a1-afd9-db5435cd365e,Sadik Shukure,https://play-lh.googleusercontent.com/a/ACg8ocLGzhsOz6x3uvQMNag-W5EF0RnlPI51h5z8Fwd0AzWfcsqABA=mo,best app,5,1,1.9.09,2026-05-06 22:43:18,,,1.9.09,Dashen
33915bd9-74fa-4ff7-9b31-a2d3abb01fcb,San Nigusie,https://play-lh.googleusercontent.com/a-/ALV-UjV17WRC7oIpo20jSfpMu6c_yd-O44v4644IxLwg-zNZSqLxtng,Best app👍,5,0,1.8.8,2026-05-04 19:34:32,,,1.8.8,Dashen
00a951b8-2c47-4a39-bd8d-6620f65763bb,Wasil Jemal,https://play-lh.googleusercontent.com/a/ACg8ocI-q79i0uvOFlKLj4XDzI-4SkfwKK1fKkVW0uyETWpPPeUD5g=mo,yes goode app,5,0,1.9.09,2026-05-04 00:40:12,,,1.9.09,Dashen
071649cd-5bd6-4d89-8c9a-08ec934ebf8d,Eyuye Ima,https://play-lh.googleusercontent.com/a/ACg8ocJ-Piqw7gss7p0Hj0ISaoqSeO4JExlnP65pUuyNJSWpcoRYZA=mo,very interesting,5,0,1.9.09,2026-05-03 00:20:19,,,1.9.09,Dashen
33aba156-de27-4096-8d63-9bcc3e890480,Miliyard Dawit,https://play-lh.googleusercontent.com/a/ACg8ocJ13xgNKbScfvUNds0zR2r1VmJMdpLKTRzGwTUf0CwR4QQEBA=mo,Wrong advertisement! You can't open an account using the app.,1,1,1.9.09,2026-05-01 22:53:22,,,1.9.09,Dashen
fdcc9b38-156a-4c4d-9ea4-4efe953189c8,Surafel Zegeye,https://play-lh.googleusercontent.com/a/ACg8ocKrEq4oY5ZU4WbY383E--a90BL0kpr5PLcMjkp8u-CA9JjSPw=mo,I like it,5,0,,2026-05-01 14:42:27,,,,Dashen
c25d42d9-8060-4a37-8492-26abc65ae73c,Behailu Tamirat,https://play-lh.googleusercontent.com/a-/ALV-UjUR1mbIHF3ZPLrRaMxw_WSE3nJL9GCUM6oQAcDuQTSBIo2PsI0,best,5,0,1.9.04,2026-04-30 22:03:12,,,1.9.04,Dashen
b37a3ed6-026a-426b-8ac9-f957a847a44d,Hussen Hassen,https://play-lh.googleusercontent.com/a/ACg8ocJUvF-GYedbNsus4q4_Z_do8UiPFkoT7Pt_PGdeLvNNHgz5Vw=mo,I can't open a bank account It says 'something went wrong',5,0,1.9.09,2026-04-30 20:18:40,,,1.9.09,Dashen
4703619b-96cd-482f-a100-7a0d460fb93e,Hamer Begashaw,https://play-lh.googleusercontent.com/a/ACg8ocIbiUz5Wb40VVUHKwa1Zg6mWuQ_pcoAqBwwqXm_TPIv4b9TEw=mo,ok,5,0,1.9.09,2026-04-30 19:23:52,,,1.9.09,Dashen
77977fdf-eb0d-4a72-93c9-31c8f4249249,dagmawi tewodros,https://play-lh.googleusercontent.com/a-/ALV-UjWjrpQy3U70hE9vfODgGncQtUOJh4sLSyAdBoJtnzzPy_thTmnX,"👍👍 አሪፍ ነው ""ለአጠቃም ቀላል ምቹ እና አስተማማኝ ነው ተመችቶኛል 💚💛❤️",5,0,1.9.09,2026-04-30 16:19:31,,,1.9.09,Dashen
c915f258-9dea-42e9-900d-20077006ad7f,Taraw Yiheyis,https://play-lh.googleusercontent.com/a/ACg8ocKBXK7nG6Jk85atW0IjWVtiojcct9O15IVOi1qOM6AMy0f95Q=mo,no faset dashen bsnk,1,0,1.9.04,2026-04-29 22:20:54,,,1.9.04,Dashen
9ef4967b-61cd-460f-8f33-d5359a4c2939,biniyam bewketu,https://play-lh.googleusercontent.com/a-/ALV-UjXMpXrdSPKWLqmZeBX8sfZqEU56O_tbdO1t9p1x71Sw97h9I5Q,it forgets the password in weeks and the biometric password too it says wrong password fix it,1,1,1.9.09,2026-04-28 18:44:30,,,1.9.09,Dashen
e4c18ede-7a95-48c9-b0f8-0db83fe26191,addis shega,https://play-lh.googleusercontent.com/a/ACg8ocIuZpC8N-iBCPc_qZnZnqZdDX7D-Q7Z4XQVI3uhe4wuQItw1Q=mo,"Misguiding - Claimed people can convert ETB to USD for online payments, but not true.",1,0,,2026-04-27 20:01:19,,,,Dashen
72039950-7406-4fcd-bec5-19dfde02e7b2,Chaltu Zeneba,https://play-lh.googleusercontent.com/a/ACg8ocJuAazXbo2tpePNNasCxwON9IR9ZcTGsZ6dbDVihOp2tABBUQ=mo,good,5,0,,2026-04-27 14:05:49,,,,Dashen
62898ce9-3e85-488e-96fc-b9e54c2047cf,mahir nasir,https://play-lh.googleusercontent.com/a-/ALV-UjWirO1Bd0ZmXmux-1sGu_3FuMMxek9sk_b5noMipxs5DmiGA58,super,5,0,1.8.99,2026-04-27 12:30:43,,,1.8.99,Dashen
f04071db-8efb-4ab7-a630-23afd311e97f,Marsi D,https://play-lh.googleusercontent.com/a-/ALV-UjWUqg2qdGIyXUCQF-3T777-EzaXcc04zcDyjpVx3lZIbKkK00X1,"I can't even get into the app just because my Developer mode setting is turned on? why am I getting this message? I'm never turning it off. bye, what a great app😏, it only lasted 3 minutes on my phone (I uninstalled it).",1,7,1.9.09,2026-04-26 16:37:04,,,1.9.09,Dashen
1acd2e0b-bce4-4fdb-8d4c-f8efa7eb0c3d,Michael G,https://play-lh.googleusercontent.com/a/ACg8ocLTN40oejjYPX4nfdbIOGo1fVyM25wgqUJqcNxtU_-Baub06g=mo,good,5,1,1.9.04,2026-04-26 16:03:23,,,1.9.04,Dashen
80cf526f-b342-4351-a373-45cb38ac132b,Eliyas Abate,https://play-lh.googleusercontent.com/a-/ALV-UjUTj0qEeNjSQt6NWx1PI70wEIhEGYgTkEGUrTohP97JJStARsg,wowAmazing Apps,5,0,1.8.95,2026-04-26 15:02:17,,,1.8.95,Dashen
11ad9a52-afd1-4bd2-9846-3a55ae3288b2,Eyuel Esubalew,https://play-lh.googleusercontent.com/a-/ALV-UjUGxlI7lWNfgdx5xAvwaHFBQGbxaxlh_q_JytCVDsfjSWvopUfS,great app,5,0,,2026-04-26 13:53:38,,,,Dashen
69aa1e41-650a-4ebd-8ead-0b4be1e2230c,Saba,https://play-lh.googleusercontent.com/a-/ALV-UjXNZh1IwkYcuOOkJ2UOiLuO64Bc1QMh5lmtdaCV1SsH1lQbq7U,couldn't open an account onlie. gives me an error repeatedly.,2,0,,2026-04-26 11:47:50,,,,Dashen
273db250-bbe7-421f-a068-4dddfb0ef124,Getiye Abebaw,https://play-lh.googleusercontent.com/a/ACg8ocJWnjJpyPGqUOnTLQAY3vrUUDmvcjoNIz0DpNfMPTDSkcHxCA=mo,I think this app is best compared with other Ethiopian mobile banking apps,5,0,1.9.04,2026-04-25 18:27:41,,,1.9.04,Dashen
d5c6b41c-b083-48c9-ad85-38cb42cfeae5,Belete Kataro,https://play-lh.googleusercontent.com/a-/ALV-UjV-X2BRhkGCjyimeGlFTOmfCb7aZuJ-UdeN7OXCW1gLJMzMvyk,wow amazing!!!,5,0,1.9.04,2026-04-24 22:31:55,,,1.9.04,Dashen
89b31891-07d8-4838-81a1-bdf36b6c67e2,Bezabih Baramo,https://play-lh.googleusercontent.com/a-/ALV-UjVoWAqxgbq5SHtvC-yeP0mC6jeOj_JSNvnAgM9859zwE11ZLrIk,dashen bank super app is incredible !!,3,0,1.9.09,2026-04-24 21:52:42,,,1.9.09,Dashen
6e125ab1-7727-4bc5-a665-dfecacd09878,woldu gebreselassie,https://play-lh.googleusercontent.com/a-/ALV-UjVjol89Tc3sN_jS_ULPhJZ-JxAMWTK84DdKlL1mW-toleXbvcpF,So great easy wonderfully 😍😍😍,5,1,1.9.09,2026-04-24 19:16:37,,,1.9.09,Dashen
be869197-1401-4f57-98b5-bf516d92f292,Keder Ebrahim,https://play-lh.googleusercontent.com/a-/ALV-UjVPhqI0hgwCozdTLTh5Y4-xUhkNjFIA3UPrRYE3w2_qiOwWGWE,good,5,0,1.9.04,2026-04-24 10:42:57,,,1.9.04,Dashen
8d128a80-d815-48d9-9451-7fa42e7aa3ae,Hassen Abdulkerim,https://play-lh.googleusercontent.com/a/ACg8ocJnLXl7_3c02_V15b6b83o-Ekj60v6bVEcbBPvsnXS55nKgJw=mo,nice,5,0,1.9.04,2026-04-24 00:29:57,,,1.9.04,Dashen
9869b2fa-143a-4907-a2b9-1cd863dab7bb,Esayas Gebre,https://play-lh.googleusercontent.com/a/ACg8ocJWDUWeX_5_IBQDvABxdUW0HPzxirEYK0SPh1W-fupP413Epw=mo,Dashen app is #1,5,0,1.8.96,2026-04-23 23:24:56,,,1.8.96,Dashen
81713c19-6d42-4949-9c49-05bb86cb051e,aemro _,https://play-lh.googleusercontent.com/a-/ALV-UjXzurz6lcSZ_8EsHjcoZvzmU9R1RwMUcbv_GIsRxTyPu5gBv7Z7,cool app,3,0,1.9.09,2026-04-23 23:01:14,,,1.9.09,Dashen
ba2ba02d-36dd-464c-81aa-b7271d9e90de,Bemni 1224,https://play-lh.googleusercontent.com/a-/ALV-UjXy6poiuCaTA3V7QxWg4FEKBt-ucoSXTOzHc8qBHA6HaKFrE9A,👍,5,0,1.9.03,2026-04-23 20:46:12,,,1.9.03,Dashen
817d10d7-5f06-42ae-ba70-38fd01e08eda,FIKRU Ali,https://play-lh.googleusercontent.com/a-/ALV-UjUkHeFklWGxGJaxJbR5rPWzqgw9Fh3sKpLQ-pzWv-16NvCcCcY,super app give alot coin when I shake it zero result😃,1,0,,2026-04-23 13:03:26,,,,Dashen
f4d905ad-988c-4591-bd05-fc47734410fa,Muaz Abdulalim,https://play-lh.googleusercontent.com/a/ACg8ocITsHrc1739ZLjiFAOUQEY_lHsgkPNT_laBlTfe2Qm9amubmQ=mo,I realy appreciate it especially virtual card opportunity go a head!👍👍,5,0,,2026-04-23 11:27:52,,,,Dashen
36372104-6f08-477a-ae08-93b402d0ee2c,Abi Belete,https://play-lh.googleusercontent.com/a/ACg8ocKmIwwMHZZmh0PMnne7NMWzlKv-qseECWH9s94yxGYD6Md4cGfr=mo,ok👌,5,0,1.9.09,2026-04-23 10:39:59,,,1.9.09,Dashen
3c39078f-856e-4f2a-b716-2c6bbe5ea7c7,Abusha Mengiste,https://play-lh.googleusercontent.com/a/ACg8ocLov0SeGev6_ChVvQPiQtsGtdyN0ioQfuC1PhSFLa_qkCGvcw=mo,adegn,5,0,1.9.04,2026-04-23 10:01:36,,,1.9.04,Dashen
4708fdc6-fa37-4620-bfd8-f0408cc9cecf,Zhr Ra,https://play-lh.googleusercontent.com/a/ACg8ocKyvw0RpkKGNaNxgC8-QYgvMGVh0YM4q8yLMwBMM96su6Gxzg=mo,app size is small and the app is convenient,5,0,,2026-04-22 20:25:50,,,,Dashen
d7b5f423-6f75-4c30-9008-e3744b4600b0,Taye Berhanu,https://play-lh.googleusercontent.com/a-/ALV-UjWYrwyOnrNoI8Cr0gwkCggz9AVezabrvwzxGS4MgQAEkg0MKCX4,when compared this app to CBE&Awash pro CBE&Awash pro is better and simple for using.,1,2,1.9.04,2026-04-22 19:08:58,,,1.9.04,Dashen
fc9277ad-4b3f-4945-bc8b-557e8b781e21,Genet Yalemgeta,https://play-lh.googleusercontent.com/a/ACg8ocKzfy8BDFzNN9sgj9GTo42k2MlWn-RjhGCRVxlpvNB82bSNbg=mo,I used this app always,5,0,1.9.03,2026-04-22 17:20:29,,,1.9.03,Dashen
3e88bf92-6bd7-4646-a32f-0d89dfb2cab3,Ejersa Lagasa,https://play-lh.googleusercontent.com/a-/ALV-UjWsQMUAIdvYgVy92LMBb06TCG43MbIdo-Ti-4ovePpsdWtwpKcm,good bank Dashen,5,0,1.9.04,2026-04-22 16:04:55,,,1.9.04,Dashen
052a6722-d1b0-47a5-befb-2266cffb83dc,Aymen Mohammed,https://play-lh.googleusercontent.com/a/ACg8ocIxix6CjdBn6wmOxi6ojbfjmvfb9q-TTTfy2LZLBTYMAhC8sw=mo,Very reliable.,5,0,1.9.04,2026-04-22 15:42:17,,,1.9.04,Dashen
67b03522-d4e8-4577-b6de-3e50e57e49b8,Netsanet Aba milky,https://play-lh.googleusercontent.com/a-/ALV-UjXx4JO3pXFI-7l9ncIb9P3W_eTqVb8tydC_3tTIRmbauKWr5dpe,Good app,5,0,1.8.6,2026-04-22 13:53:21,,,1.8.6,Dashen
479d224c-0508-492a-9f24-265fded06214,Getachew Shiferaw,https://play-lh.googleusercontent.com/a/ACg8ocIrqbYb1HmYL2rjt9QXEPn2OzRCpvyBg72BG-IM9YOOTICgHoU=mo,it is excellent and well securried application for using it.,5,1,1.8.97,2026-04-19 17:59:13,,,1.8.97,Dashen
a61e3c0b-0d81-4a52-b029-8cc5e254845d,Girma Moges,https://play-lh.googleusercontent.com/a/ACg8ocKyVyBzZIpTfScIRRVLf-YPuGhjvFOc1fLQehzN0fVZbGT9Hg=mo,The worst mobile banking app ever... I don't think I am ever going to deposit anything from now on if I can't use the app properly. At one point it's working and when you close it and try after 5 minutes it won't even open. A bank this big should be ashamed of not being able to fix it for this long.,1,7,1.9.04,2026-04-18 11:50:55,,,1.9.04,Dashen
ecc9fcb8-777c-4b02-a578-5ca0750f8706,Yonatan Abera,https://play-lh.googleusercontent.com/a/ACg8ocKuSCFNrvMzoQkPq4uPP2E3an-hRir33LjaL2MuG2z2_qtTbA=mo,amazing,5,0,1.9.04,2026-04-18 10:42:52,,,1.9.04,Dashen
e6fa3a55-7728-4bd9-a557-3e6ab81c9b0c,BU-RAS Tessema,https://play-lh.googleusercontent.com/a/ACg8ocIeRW_375h7lN3P60a08LIbACSJa9PHeG1pXDWf1dy5rS0TeA=mo,good,5,0,1.9.04,2026-04-18 10:26:32,,,1.9.04,Dashen
639463b3-5cde-4d81-b37e-6ac1fb26ca08,GHOST3_ F4CE,https://play-lh.googleusercontent.com/a-/ALV-UjXCGDpg9kV708WhztwBcbqNkGcSZL9Ae3uRjyUtY-g6-VIHwVg,"i am not interested at all the transaction fee , specially i can't make transaction with wallets..........i thought it was cool ....not interested fix everything and also it have long time loading ufffff",2,1,,2026-04-18 07:15:59,,,,Dashen
7e4e6617-2677-411d-9429-c86519de11a2,Atse Tech,https://play-lh.googleusercontent.com/a-/ALV-UjXttwme41Es-pKlATnRammdnp7NyISxy4H7jTE9tw3Qf1gInZ27,The app is not swift and does not use a fast lightweight connection.,2,5,1.9.04,2026-04-17 03:31:35,,,1.9.04,Dashen
97536f33-ec3c-4169-8131-2c4fad78fb23,work done,https://play-lh.googleusercontent.com/a/ACg8ocJPe-mxkSg6Tx1Ep36xVjZffx-wNrD5bfDCYvwNOwBisN7bmg=mo,"I am experiencing a serious issue with the Dashen Super App. I visited a branch and my account was successfully activated. However, shortly after (within about 7 hours), the app started asking me again to visit the branch. In addition, my account balance is not showing even after updating the app, and I can no longer see my account number. This situation is very frustrating, especially after completing the required verification at the branch. The system does not seem stable and it is affecting",1,11,1.9.04,2026-04-16 23:45:12,,,1.9.04,Dashen
08dfb2b3-9337-492c-84b9-d14765fdd02d,Asenbet,https://play-lh.googleusercontent.com/a/ACg8ocJ0T8BTrmCA7WXUKD25dp9SlIyrsdJBWgOzYt_ZRv9W-nPuUg=mo,nice but i ask every week to update.,5,4,1.0.16,2026-04-16 16:02:45,,,1.0.16,Dashen
e0db81c5-313d-4f20-91db-4f55bf16cc74,Sisay barecha Samsung,https://play-lh.googleusercontent.com/a-/ALV-UjVNPo2uFwB4ISzNP_3soFa7iHoB-yzNR4YdEZ9al-Y1Fbuhdxg,ok,5,0,1.9.04,2026-04-15 16:49:58,,,1.9.04,Dashen
fb33e7a7-964b-4067-842d-23f8347fc37e,worku alelgn,https://play-lh.googleusercontent.com/a/ACg8ocJ2NvwlpjTiqujewdQKncBOAsSGanlwc6dYF3iyGHGYw2WgzA=mo,i have used this app starting from the first date that launched it is interested and easiest app next to tellbirr in my experience,5,0,,2026-04-11 14:23:08,,,,Dashen
459b766c-3929-4c90-9e3d-81b44cb3354f,Kelbi Zerihun,https://play-lh.googleusercontent.com/a-/ALV-UjXwviFmSZAgxt-TT21_AbnMadaRFbMe_nA-8OZzd-C8qx1YNwo,The worst mobile banking app in Ethiopia🤮🤮🤮,1,0,,2026-04-10 11:53:12,,,,Dashen
561647c7-7479-4686-ac65-a4370312a4ac,Tenaw,https://play-lh.googleusercontent.com/a/ACg8ocITtPbKqTVRI2wUoENVeDYHFSVniNeZoJyhRGltwJMDkoJ5TA=mo,it is very Exciting app🙏,5,0,1.9.04,2026-04-09 11:24:53,,,1.9.04,Dashen
31cbfd68-6a61-4040-9b6d-361b4c33d21a,TILAHUN ASHENAFI,https://play-lh.googleusercontent.com/a-/ALV-UjU_JbwGd9Jr5zUqcd53NFDTvCW7EcpL65EtvghChHv5xpK588B_,Transfer to other bank link is still not working .,5,4,1.9.04,2026-04-09 05:58:35,,,1.9.04,Dashen
947c5dc8-64aa-4a46-b891-0337a3e4b897,Negatu Lerebo,https://play-lh.googleusercontent.com/a/ACg8ocK6-kgbl5qLImQ1Bv792aPA3V4fPN7w3NA6YCu-TNnj7igBhw=mo,super fast,5,0,,2026-04-08 16:23:09,,,,Dashen
830fca56-4dc8-41b4-9912-88a32447ebf6,Me MG,https://play-lh.googleusercontent.com/a/ACg8ocLnI8biKxCK51JDQgjx6C_CJ8qVEk6qoV3aZrFE707otogN=mo,👌👌👌👌,5,0,,2026-04-08 11:19:43,,,,Dashen
4365988e-468a-4a6e-af73-ccd23c3b4a37,Amare Nigat,https://play-lh.googleusercontent.com/a/ACg8ocIAnB6OiNKz8KPpxJeGH8H1q-odmw0B40WsZFbc-aLNz7R7vg=mo,it is not working,1,0,1.9.04,2026-04-07 11:57:24,,,1.9.04,Dashen
358ba04f-2094-4fc1-a881-43d33bd7ede7,Habtamu,https://play-lh.googleusercontent.com/a-/ALV-UjWiCXIPyx2EWR9uT3KPv6xxqLldfSA5gznpFq5q0PH9vcD03_k,where is the virtual master card you are talking about. are we allowed to have multiple cards since its virtual btw your app is nice,5,3,1.9.04,2026-04-06 22:00:35,,,1.9.04,Dashen
2854439c-f623-4de2-81cc-ea729f4451c3,TEMESGEN LUKAS,https://play-lh.googleusercontent.com/a-/ALV-UjXBfCGP6keDhwMk--O3MhihicfGPzmQFcud0qmZOqyCeagDrSDofQ,Why haven’t you fixed this issue 👇 Temporarily Unavailable We're currently updating this service to improve your experience. It will be restored soon. Thank you for your patience,4,3,1.9.04,2026-04-06 18:38:04,,,1.9.04,Dashen
e90d181a-be75-4e03-a35c-a87aeb6236d9,ABDU HUSSIEN,https://play-lh.googleusercontent.com/a-/ALV-UjV2zbY9_hO1eZ4QtciSLwyTHATwZBWTAHd-7uuAQqwEfnPxZxM,The Best Bank,5,0,1.8.9,2026-04-05 16:15:37,,,1.8.9,Dashen
cc72c26f-da3b-401d-990f-d51ecb5eefc3,Daniel kebede,https://play-lh.googleusercontent.com/a-/ALV-UjWvC0OTRWNfX54-lAdg-Z4LPjvlFxnBMQGQLiH7eX3jaYYxIzRN,great,5,0,1.7.4,2026-04-04 23:16:07,,,1.7.4,Dashen
b30bdda9-63c0-431d-a0e7-cc485d0e3a66,Alemtsehay Kumsa,https://play-lh.googleusercontent.com/a-/ALV-UjUTwzwBuQNdl65lhjBoA4zc9dHlKPThJICjewxOZGwsgbfJEIs6,this dashin super app that I don't recommend anyone use it,1,0,1.9.03,2026-04-04 20:31:34,,,1.9.03,Dashen
94070648-cf44-45d2-b311-27f8675bfc1b,malefiya zegeye,https://play-lh.googleusercontent.com/a-/ALV-UjUyxfyioncwKU-O5XCMw71133QBqvZ2853LNJxwJTt1oVujgeEG,በዋይፋይ አይሰራም።,1,0,1.9.04,2026-04-04 14:54:57,,,1.9.04,Dashen
2fabd807-9d14-4c1f-b567-2201617754cb,Hana Taye,https://play-lh.googleusercontent.com/a/ACg8ocL8izwjcR1PbLzgxrQsEF4efk0llaz0BTkOly_rEvA0fSlkwA=mo,there is no a system every day,1,0,1.9.04,2026-04-04 12:38:33,,,1.9.04,Dashen
4638e4cb-411c-4647-a1ea-f3642a6fe7e3,ASHENAFI GIZAW,https://play-lh.googleusercontent.com/a/ACg8ocIVcJxV6cAXvfDMa6STT6_ZFrciCHcGXGbQBQEHCqZhPl7OA1g=mo,You talk much more !! Nothing is UNIQUE THAN OTHER APPS!!!,1,0,1.9.04,2026-04-04 04:30:35,,,1.9.04,Dashen
6d81b20b-96ae-4664-b24c-131fc63536f3,WONDIM MELKAMU,https://play-lh.googleusercontent.com/a-/ALV-UjWZKFho8KiXDfIqYhRcgWSRGmoYaBu4F95kjkPqfXZBeuaSpOwL,good,4,0,1.0.16,2026-04-01 18:22:40,,,1.0.16,Dashen
39d8e8f3-badf-456a-b409-69e0e7db8ce3,Ephraim Worku,https://play-lh.googleusercontent.com/a/ACg8ocJecgLN3IGoNeWqa3eqBNSeETLItN3iaRCzKovG2xIK1Ny9CA=mo,nice app,4,0,1.8.98,2026-04-01 09:15:08,,,1.8.98,Dashen
634e5adb-d780-4107-a375-cda6beb32e8b,WEStobel,https://play-lh.googleusercontent.com/a-/ALV-UjUKFupeT3Rxl9j9c-EB1MTCZnEqHHlW2gNdfLSYbGE8RAhPf3c,"The app is grand. but it's missing two things. one is the option to see exchange rates and the other is, when opening the app we would love it if there is the option to input your biometrics directly instead of clicking another button to pop it up.",5,16,1.9.02,2026-03-31 23:41:30,,,1.9.02,Dashen
8f40ee84-3d47-4a3a-a7e9-f2c63bfb50e0,Amanuel Teferi,https://play-lh.googleusercontent.com/a/ACg8ocL7DFg8jFAVy4VWfJF_ssVioGL0oU6_5DZLje47y4akWSWYeg=mo,i got question why we can't withdraw my remaining 50 birr..... anyother bank let me with draw any amount but dashnbank is kinda of annoying it says it has 50 has to remain are u somekind of theif or tell me how to fix this😡😡,1,1,1.8.99,2026-03-28 12:47:38,,,1.8.99,Dashen
10ea374d-d91e-4d54-a0be-c48a2004fbaf,Kassahun anliye,https://play-lh.googleusercontent.com/a/ACg8ocKFKfWI0JsLeiV3A0Rw1DmlJ54GxgyCg1LP2yC0Qp2YfMEzgA=mo,very good,5,0,1.0.16,2026-03-25 15:23:52,,,1.0.16,Dashen
a4be05a1-05d5-41e8-aceb-4773ee01e360,Tilaye Eshtu,https://play-lh.googleusercontent.com/a-/ALV-UjUwlzdFt2QRZfFLoc6YVhmD7hJwtJp3EjNTOz2iCFuAMZGVGQQ,ምርጥ ነው።,5,0,1.8.7,2026-03-22 22:32:47,,,1.8.7,Dashen
87ff4668-6a15-4640-81c6-f30f85099c33,Engida Hanse,https://play-lh.googleusercontent.com/a-/ALV-UjUq71ZnxFD9-M6Xf7rIPPFdxBj5K-b3O7o_Sx2t7dMmPC25JckC,👍🏿good,5,0,,2026-03-21 13:33:49,,,,Dashen
a2b3affe-c1e1-4108-a35d-ab409d38bc65,Abera Mitku,https://play-lh.googleusercontent.com/a/ACg8ocLc04PqcPU1PIMRuuEV5xmbsOMcCDYnXF_W41fF4nggmHmMrw=mo,amaizing app,5,0,1.8.98,2026-03-17 13:12:15,,,1.8.98,Dashen
5e93d6f9-bc44-4d6b-87df-890138dd817b,alexisalex_ii,https://play-lh.googleusercontent.com/a/ACg8ocJ76TTJWG3S6eoXFHyYL-tDW-rGANRGfJoUy18GB95zCheSEw=mo,💯,5,0,1.8.98,2026-03-17 08:50:16,,,1.8.98,Dashen
a7bfeb33-54ff-47a1-a83c-46d84f7fb6c3,Temesgen kanate,https://play-lh.googleusercontent.com/a-/ALV-UjW_MSygjFF4XbApw-yUaGkbvehuzQ4eQvnTi6cuTXJM6cHyWUSZ,best option,5,0,1.8.98,2026-03-16 04:24:06,,,1.8.98,Dashen
42704c60-d7db-4cff-93b7-53c4871812cc,Ewountu Hailu,https://play-lh.googleusercontent.com/a-/ALV-UjXDY8dtyBz-OJdCmvhfI_XqngeOB1gy8b6sdcOPqH8tyajI1Tll,good,5,0,,2026-03-14 15:49:58,,,,Dashen
5580be5c-7ed2-4b1d-bb9b-b6cafd790560,Abdela Ousman,https://play-lh.googleusercontent.com/a-/ALV-UjV_RVNfRHwmBN9Rjc95miXThtp-Osw_IJInmhEwJkQcskUIYpKy,like 🥰,5,0,1.8.96,2026-03-12 00:40:41,,,1.8.96,Dashen
16b5445c-964f-4185-97b3-cecd4fdc9c01,abdulaziz hassen,https://play-lh.googleusercontent.com/a/ACg8ocJJDlU24D77q15-jb5u0QQzkijU7lQVuSdfd6hrDFDHv64gSw=mo,worst application,1,0,1.8.96,2026-03-11 20:09:21,,,1.8.96,Dashen
f226b03e-d474-483a-9fa9-31709c012817,F,https://play-lh.googleusercontent.com/a/ACg8ocK8vN5z9oBRt0QsiHpr9j1lLvtpnbw30l6AP2BQ9ck-nAyu8yYL=mo,best,5,0,1.6.0,2026-03-10 16:25:37,,,1.6.0,Dashen
7d7a23eb-fa79-4b05-a927-b3b99cf8e371,BELETE BELGO,https://play-lh.googleusercontent.com/a-/ALV-UjVgN6bA1mB6Gr8YNC9cE3A4sVm3A6gupuHOJLdZORXGvmKlM2E,Excellent,5,0,1.8.96,2026-03-08 15:56:24,,,1.8.96,Dashen
577789b9-668f-4183-a920-a8c1b442a71c,Wanan Faya,https://play-lh.googleusercontent.com/a/ACg8ocKRN0SXnwxZAA8IwORf3CTA_d6LSPKu6P2MLVDdq27yItM7EQ=mo,so funy,5,0,,2026-03-08 15:37:18,,,,Dashen
9862ce32-6ac2-43b7-8881-4e4ef3468e2c,Magarsaa Ibraahim Muhammad,https://play-lh.googleusercontent.com/a-/ALV-UjWdFWC9ivTGrd_OAtFOTr07tfkeMgVOnNOsPyKLJHGHRKH4ovk,Good luck 👍 for my ambition ✔️💯%,4,0,,2026-03-08 06:30:05,,,,Dashen
5eda8185-65db-41f7-979e-bd07e2d4c783,Million Million,https://play-lh.googleusercontent.com/a-/ALV-UjUKjAlXJobA5t9HW6iDFuPBIa3IkxC3Miy0LmNt6aRe2_9qpW4,good job,4,0,1.8.96,2026-03-07 13:58:21,,,1.8.96,Dashen
4ed1b355-d092-4b9d-a4cf-205ece7b5e92,Ephrem Misganaw,https://play-lh.googleusercontent.com/a-/ALV-UjWgHSPMpmpn16Jk4qSYlBKW0Uu4s3fL7R6DCeEsUysJbL3oGxk,ዳሸን ሱፐር አፕ ይለያል,5,0,,2026-03-07 07:23:24,,,,Dashen
b58219cc-fd55-4ab7-b183-a00a590b3f2a,Elias Henok,https://play-lh.googleusercontent.com/a/ACg8ocLS1lIc5GCh2Au765AbkfitIxncitk-Nsng8cofsKcazjrShaA=mo,Nice,4,0,,2026-03-06 12:10:17,,,,Dashen
65eb07cc-2eeb-41e1-917d-7ecaec59f059,Cartoon Ethiopia,https://play-lh.googleusercontent.com/a/ACg8ocIatXvxNYp2WSoH1GavMzfserOW4E9Pq1arF6BMzi1-Ss-I8A=mo,ሁሌ አይሰራም መሽከርከር ብቻ ባላንስ አያሳይ ትራንስፈር አይሰራ አፑ ራሱ አይከፍት ብር ይቆርጣል እንጂ አይልክ ። ወሬ ብቻ 4 ወር አየውት ወሬ ቲሽ,1,0,,2026-03-05 16:42:52,,,,Dashen
bf9bcc23-07a1-444b-8af6-eb14c2f54a42,muluken Eyayu,https://play-lh.googleusercontent.com/a/ACg8ocK5JZ-2EynkXFyogPHMANhagXm0v2iDl9HQ239IuNK80ddepw=mo,dashen bank super up,5,0,1.8.96,2026-03-05 14:58:54,,,1.8.96,Dashen
ed4f3ac6-c53f-4830-b573-966243744659,Misgana,https://play-lh.googleusercontent.com/a/ACg8ocKTpWqOGeGfFKz7n8uwt1vamcs6yhRnQ3IXYSR2UneAIKN9kg=mo,good but not fast,1,0,1.8.96,2026-03-03 17:16:33,,,1.8.96,Dashen
7200ec14-1630-4f75-a373-6d48a9525d93,Ernest fethu Noor,https://play-lh.googleusercontent.com/a/ACg8ocIiclsoXVVPCenRljWztAxqz8Sd6U5iyiMDBotIvKyJklrnyg=mo,it works all we need but if there is good internet connection.,3,1,,2026-03-01 10:53:05,,,,Dashen
55d74ee5-63ee-4870-ae4b-da694b8824aa,Biranu Debebe,https://play-lh.googleusercontent.com/a/ACg8ocIRBHeUX_u7uO2wgU9KbxOb84aRMZPMAQhnR0ebH8lWvTpZCQ=mo,birhanu debebe getahuu,5,0,1.8.96,2026-02-27 22:30:13,,,1.8.96,Dashen
4d294c03-077b-4aa7-be00-c8e4aba6e746,dineka dineka,https://play-lh.googleusercontent.com/a-/ALV-UjWVmO7--ks-hU9ZYD-LBDu7A5RYhuxmTki9BkCOBCgWRPFU9ACO,waw,5,0,,2026-02-27 14:27:56,,,,Dashen
0c3f0d1d-79a5-4821-990a-87d59e6b651a,Mohamed Fedilu,https://play-lh.googleusercontent.com/a-/ALV-UjVzh-xPh1pcdqrwBSlZUy9-3Exdbr7Ns9OmlVLrPNqENH39uIk,yes waw,5,0,,2026-02-26 01:11:10,,,,Dashen
b23e8a53-3b8f-4b54-952d-e86ecd3ff27d,Alemayehu Gurre,https://play-lh.googleusercontent.com/a/ACg8ocKBHZ1aC_ehbuEH4KUEOs49zyC2ESmBn7B3b7LszDnSDu8OjQ=mo,I use this app it's best,5,0,,2026-02-25 20:25:54,,,,Dashen
882a390d-cee8-4fdc-b92d-eb5b9c6a35ef,Bisrat Tamire,https://play-lh.googleusercontent.com/a-/ALV-UjUdDwqWW2_n79bcG1WmfjJ0Vv2Ochqkb4Bzsa75jZNKxw5hUx8_,"What's the problem with VPN?, i use a local VPN and turning that off for this app sucks",1,1,1.8.96,2026-02-25 20:18:56,,,1.8.96,Dashen
e2ebf3a6-807d-48ae-8a14-703dd758a156,Negusse Mamo,https://play-lh.googleusercontent.com/a/ACg8ocKZoFQCIvQHsW_eHOxkC9OlU8dq31sK0ll1cOij2yW8gfLSoQ=mo,Thank you. Very nice App.,5,0,1.8.96,2026-02-25 18:47:19,,,1.8.96,Dashen
0d3706b4-c1ca-47f5-95f1-603aaa2aab14,Estif deneke Loha,https://play-lh.googleusercontent.com/a-/ALV-UjVCVquO4BvJJ1ZQl0x9Okfdq3QzFPNBw8UuaPqQibTYzK4YKAi7,very important,5,0,1.8.96,2026-02-23 23:41:43,,,1.8.96,Dashen
1d857c36-95d1-4cf6-bfa7-d7730e6c267f,Kaleab Alemu Zeleke,https://play-lh.googleusercontent.com/a-/ALV-UjXojTImognwir4_j8teAamvavhtJIStWOO0pQ0JMcfutAmrY3aA,"Dashen Bank SuperApp is user‑friendly, fast, and very convenient for daily banking. Transactions are smooth, and the app keeps improving with useful features. A great digital banking experience overall highly recommended.",5,1,1.8.96,2026-02-23 20:04:51,,,1.8.96,Dashen
a48a15b4-9f0f-4cc2-b823-56bc1c2314b3,Fitsum Zewdie,https://play-lh.googleusercontent.com/a-/ALV-UjXUejLBPQAnGg_0PLgV8Wq9bNsgL02EhgKGj884gxPBzH7qBAJm,Biometrc authentication is not working in this updated version.,3,0,1.8.96,2026-02-23 14:34:56,,,1.8.96,Dashen
6c4fa0f4-9cce-43e1-8008-a57369161d1a,mintesnot,https://play-lh.googleusercontent.com/a-/ALV-UjWPR1b5THrIGUfs1xkQyVD4mVYDMCzl9-U6Xw_XAk88FnPzcxE,perfect,5,0,,2026-02-21 18:58:47,,,,Dashen
1c4be7d0-cbf6-4046-be73-4f3d7f231517,Sime Belete,https://play-lh.googleusercontent.com/a-/ALV-UjWuahhWvpp06hpqjEC27Vq-8roV3XcR3IuSQcdQpZq6MtEInVo,ok,5,0,1.7.4,2026-02-20 18:08:52,,,1.7.4,Dashen
fa56d43c-712e-458b-a198-5847ee17b7f6,Milkesa Fekadu,https://play-lh.googleusercontent.com/a-/ALV-UjV8EoODAc2P7IOLXP8o1LzXUEOXUVmaacPtXry6eUaTytUy3WSb,One of the best in Ethiopia,5,0,1.8.95,2026-02-20 16:27:45,,,1.8.95,Dashen
fc470dbd-d7b4-4496-b741-1c58a6353057,Yohannes Haile,https://play-lh.googleusercontent.com/a/ACg8ocK-dKl3qRFiNZyr19N4E__euWxhj3kpqtvbniUQKHnygs0XRST1=mo,Mostly slow or doesn't open altogether. A clumsy app,2,1,1.8.95,2026-02-16 12:34:40,,,1.8.95,Dashen
fd47e642-c12d-429f-8dd6-990f2794be59,Misganaw Tadesse,https://play-lh.googleusercontent.com/a-/ALV-UjVP4TDr-clbd1bombVEzWNf3VH-SAGlvWtIJVM037yNx-9wBZZX,"This is painfully very slow to load, switch between accounts and check balances.",1,1,1.8.95,2026-02-13 17:40:19,,,1.8.95,Dashen
873ed535-2191-412a-aa42-04c8770be006,Omer Mohammed,https://play-lh.googleusercontent.com/a/ACg8ocK2H6cm0xUqaFFleZxSgiwsCaXSdBxUUcDAoSOVCLLizQeoaw=mo,Nice,5,0,1.0.16,2026-02-10 22:32:20,,,1.0.16,Dashen
12090924-fdd9-4662-88a4-b085eac604eb,irum alx,https://play-lh.googleusercontent.com/a-/ALV-UjV98Wtri-l9uar0cDlSIe3SNCsZT6apa_5cHatRj5IyqRTVRCr_,"the app used to work fine, but the last update ruined something even RTGS transfer isn't working",2,0,1.8.95,2026-02-10 13:59:06,,,1.8.95,Dashen
cd1fb73e-591a-41b6-b763-4a45eaec28d1,Mikiyas Tizazu,https://play-lh.googleusercontent.com/a/ACg8ocJ-mZjdg6bahIXfysAyjj1AZiK91ev5th34HjJzXzyUoz04nw=mo,The app is good but sometimes it is lagging,4,0,1.8.95,2026-02-09 14:07:52,,,1.8.95,Dashen
66fff829-d44c-41f9-a015-ae4756e3513f,Endegena Wondem,https://play-lh.googleusercontent.com/a-/ALV-UjVW3-WeDpNbDU9ou3Tt8WQXlGuUQL4az0hDlfHy_1YkrokRzsUOxQ,please fix the glitch it has bug,3,0,,2026-02-09 13:35:09,,,,Dashen
c0783bf0-e317-45e9-9c89-98c8d7da3b7b,Israel Bewota,https://play-lh.googleusercontent.com/a-/ALV-UjXDCtcrP0fjXvVCWJ4GQUbzLl1oRWlGsSv-uGSIoBFMHwF897my,Problem Everyday! Not even close to other banking apps. Crashing every time and failed to load most of the time!,1,6,1.8.95,2026-02-09 10:03:04,,,1.8.95,Dashen
e707f587-634d-49e5-a00e-d4687a003916,Teddy,https://play-lh.googleusercontent.com/a-/ALV-UjXjpXcf4WhZ976S8DJCGZxNWCE1i4WdzGAVTvRCq8Casuj4ibzH,This is the worst mobile banking app I've ever used 😡 please improve it.,1,4,1.8.95,2026-02-07 08:33:44,,,1.8.95,Dashen
db51bf02-730a-4a18-a0fe-f4523a5b7d59,Eyuel Teklu,https://play-lh.googleusercontent.com/a-/ALV-UjXKrMFDAdReCch6TlVoIUTEJmViNAtUStR9aqQveBl6LbRkkIUc,The most realistic and modernized financial service in ethiopia i recommend every individual to use this application probably. Always one step ahed 💯,5,0,1.8.6,2026-02-03 20:38:00,,,1.8.6,Dashen
c30dbd2e-2b50-4802-937a-f3d5ce66c22e,Nyuon Thot Rang,https://play-lh.googleusercontent.com/a-/ALV-UjW4mlNiULZHrXyCsm3fCufiFfhOCEzh7czu8xC-KEmnrHwZsNA7KQ,It's very interesting,5,0,,2026-02-02 14:30:36,,,,Dashen
4275d07a-f0f3-4034-8ee6-83e600707a37,Mohamoud Abdi,https://play-lh.googleusercontent.com/a/ACg8ocIDiXsX6qgFUODzGZ0sIW3CK2WknrBXvZjO_QekR6mmKpqAFA=mo,"The most unreliable, frustrating and worst app I have ever used! imagine being in a restaurant and trying paying bills, but not processing! It is the time you will deeply understand what reliability means.",1,15,1.8.95,2026-02-01 18:38:08,,,1.8.95,Dashen
c6aa427e-22fe-4fba-9d6f-4a1cf4e8fa89,Ferhana Jelaludin,https://play-lh.googleusercontent.com/a/ACg8ocL8DqRRztKsq8UzTW81FRq7PdIW0FOICQwj_6neNiVNR-GwgRs=mo,"the amount of times I have gone to the bank to get this thing working is a lot. on top of that, it stops working on a random day which means another bank visit. found it to be unreliable",1,7,1.8.94,2026-01-31 09:07:21,,,1.8.94,Dashen
56c64a23-2cfa-472f-a57a-5bc56cfc0c23,Firew MG,https://play-lh.googleusercontent.com/a/ACg8ocJ5m7fJm1fYxVyUpOhhSAdKFgGvcvIIVq4qu1UKebIO49A5qQ=mo,"Disgusting! You can't Buy any goods thinking you will transfer from this app. it is so inconsistent, it is not reliable. The so Called Super app is Super slow. Such a shame! 2/10.",1,9,1.8.94,2026-01-31 08:33:58,,,1.8.94,Dashen
0923f1c6-533a-48a1-b0a1-f788652fe1bd,wedi bereket,https://play-lh.googleusercontent.com/a/ACg8ocI4_-5UMBQgcXogoONZ51HWpiIZaNaYBnZcIj7Bj5TPDW1yvQ=mo,መልክ ብቻ,1,1,1.8.94,2026-01-31 07:17:30,,,1.8.94,Dashen
f0834baf-814d-44c3-a31d-a00e5f02aef7,Samson Haileyesus,https://play-lh.googleusercontent.com/a/ACg8ocLyoDSuEnn0gALOTnOFMhJPfr93Nv-UOc5coGuka1Oq7Xy8pw=mo,"The app is great but please, please do something with the mini statement and the transactions to CBE 🙏🙏🙏",2,3,1.8.94,2026-01-31 00:48:46,,,1.8.94,Dashen
be72b26a-63e4-439e-a28b-04a8ab07058f,Bekuma Misgana,https://play-lh.googleusercontent.com/a-/ALV-UjV70LIqL9Y9SFOeI3trsT_azBpcB2RfoY1NlW0aWS90oFfUjF0,please the app is not working properly. fix this problem soon. it's not loading my balance and not able to transfer fund .,3,0,,2026-01-30 21:35:01,,,,Dashen
505bfe32-be00-483f-8d32-cecfd517eef5,Ermias T,https://play-lh.googleusercontent.com/a/ACg8ocKf2GYrInpao4UraBTKASZo9RvvIIo4s9MfMbA4pOc_a6oe=mo,other bank and telebirr didn't work. Niged Bank is much better,1,0,1.8.93,2026-01-30 21:26:45,,,1.8.93,Dashen
ac480727-3d8b-401c-b63e-ca22696cd93c,Akalu Adessa,https://play-lh.googleusercontent.com/a-/ALV-UjXj1hOLBLqMomCJqi-dVG5QfxP9IvSuO3T7zgNcCIjiHTxQBFBF,It is so boring.....,1,0,1.8.92,2026-01-30 18:10:43,,,1.8.92,Dashen
79bc1baa-fe7d-4279-a2af-fde366ef6a71,abeselom 101,https://play-lh.googleusercontent.com/a-/ALV-UjXb3gzC06C8HylNLjWnjeEH-iwGUPb7Xbf-pKJ8BLd8loxunm5j,"It is the slowest and most problematic app I have used. The app is often busy and does not open properly. Even when it opens, it fails to display my deposit account balance. I have already updated the app, but the issue is still the same. Dashen, please wake up and fix this.",1,101,1.8.94,2026-01-30 16:09:00,,,1.8.94,Dashen
a51fecd7-ae4d-417b-9b16-714fa1ae9234,Kirubel Berhanu,https://play-lh.googleusercontent.com/a/ACg8ocL_6zU1udq_mCWUu7IYzYc2ubK5DEtYHb-KoHcfkfOMTSG4hw=mo,stops working when you need it most.... and its on multiple occasions. and they won't even fix it right away.,1,2,1.8.94,2026-01-30 10:50:29,,,1.8.94,Dashen
1c7cd9b2-b724-4f09-aa90-64995a08c5c4,BGMM,https://play-lh.googleusercontent.com/a/ACg8ocK_12ByODffd9HkO1L115wnsRCBW_HYjPfX4yl6LTq9-rwbOQ=mo,"This app is so laggy and unreliable, can't even make transaction to wallet or other bank. I tried to reinstall the app now i can't even login to the app",1,1,,2026-01-30 10:47:09,,,,Dashen
e6882f24-3a49-48de-9396-b640949b2ff4,Mr.Emanuel Carlos,https://play-lh.googleusercontent.com/a-/ALV-UjWeAtXc_H6bpklt4L3OX-lCLsA4SI3lWeWRpDih0KxTn8KzMHI2sg,yes it's the best app,5,0,1.8.94,2026-01-29 20:04:51,,,1.8.94,Dashen
17917129-79c7-42c0-afff-665f70c648af,Xahaa Mammaa,https://play-lh.googleusercontent.com/a-/ALV-UjXgppK5HUbn2q_f0YPBtq9EntcPDz_Zgt2K7TwPb2U431op-wcW,please improve the app function on its not working properly,3,0,,2026-01-29 15:24:21,,,,Dashen
a6634d13-a99f-4055-b88c-6b798db4ef95,Abdu Oumer,https://play-lh.googleusercontent.com/a-/ALV-UjVt6p1AeyfSe-p4YyoXt5iRf4N2Gfv_oT2uqdDQALBuwMWHDyM,good,5,0,1.8.93,2026-01-27 19:01:25,,,1.8.93,Dashen
ef0c2fb8-d3f8-4950-beed-9651046dff7d,Assen Abera assen,https://play-lh.googleusercontent.com/a/ACg8ocKPdDXFmXKWA4FXy0UVY8LXznEhNuNMq-Xk9KeVAXILa34Acg=mo,best,5,0,1.8.1,2026-01-26 10:39:58,,,1.8.1,Dashen
7e6b0461-96d9-4ac7-964b-6a814d73b738,Abel Gebregerges,https://play-lh.googleusercontent.com/a-/ALV-UjUQP6d_xm6WAn1oH1G5dnJhKpG4coQlhVjMwia9LfB_yE4Ho05D,my dashen is really proud,5,0,1.8.92,2026-01-24 17:47:23,,,1.8.92,Dashen
2909bc94-fdc0-4c24-9d9a-152e5ce72d7f,Yeamanuel Tesfaye,https://play-lh.googleusercontent.com/a/ACg8ocJh8efwaYPpl4LrOTu8XrXSy3EermmjBFeh9BIJblncvWCDVg=mo,the new update asks for a pin again & again its annoying fix it,1,1,1.8.92,2026-01-24 12:47:20,,,1.8.92,Dashen
4608547c-739b-4ac7-b46d-e27c93454e30,ert Rsgg,https://play-lh.googleusercontent.com/a/ACg8ocJu95S9BhEVPC_Vzs3Byu8P7FSr78diLbEhzYHGovB_cJq1yw=mo,very nice,5,1,1.0.7,2026-01-23 17:19:45,,,1.0.7,Dashen
2342cc8c-e076-49d6-9dc7-732f605a245d,Fadli Coop,https://play-lh.googleusercontent.com/a/ACg8ocIVnoGuVv0Kf4M74xAqbUun27IW881j6VPFh6l-OWgKk51Cuw=mo,best,5,0,1.8.1,2026-01-23 15:45:21,,,1.8.1,Dashen
cc45bd4c-7a94-4b35-a263-91d78315bb89,Mintesnot Fikire,https://play-lh.googleusercontent.com/a-/ALV-UjUICbEptxjyFP91v-dgxO2r8zMTxdXFCEtLTM7NF9SvS_mdqUQt,the best design speed attractive 😍 i love this app,5,0,1.8.8,2026-01-21 22:24:51,,,1.8.8,Dashen
e400120b-468d-4459-8f55-df9eba7abae1,Nahom King,https://play-lh.googleusercontent.com/a/ACg8ocKerzYYQ0Sm86pc-hYOH_hvPobofxOOzuXo2VL5hjfRjxyPmw=mo,Good 👍,5,1,1.8.8,2026-01-21 21:09:40,,,1.8.8,Dashen
c430b46e-114e-45d3-856b-cbf57dc6c90d,Mahder Haddis,https://play-lh.googleusercontent.com/a/ACg8ocLSYdOJt4B94tI6wgGJrXCGFR16y4JNGqY35QYWNzuJtnqG_Q=mo,"The user interface and functions are impressive. However, it lags when performing several transactions. It needs attention.",3,5,1.8.6,2026-01-21 17:34:13,,,1.8.6,Dashen
7652d004-5aa3-462e-b67f-de4070e6d297,Salah Bassar,https://play-lh.googleusercontent.com/a/ACg8ocJFBfEukmMGwtREWUdBtNPV8bx8nHJHfFhmJ6p9Lkom90cx4A=mo,it's fast and easy,4,0,,2026-01-20 16:49:44,,,,Dashen
7d6a5851-25be-4c3a-b5c3-4382371acfe5,Ebrahim Mohammed,https://play-lh.googleusercontent.com/a-/ALV-UjUTs_SrsODUJAnCPgnV8Wg9idfrp1oEK5Hg5P8sv7gl21vgxs4,best in class bank,5,0,,2026-01-20 15:40:19,,,,Dashen
a955d6cb-b438-4738-b92c-f83cfd104a8d,Othan Kedir,https://play-lh.googleusercontent.com/a-/ALV-UjUZRu6Nf7MTGzQqprTnPOByormlXFR9R1j1DowVtRXsOd_ETbw,it's good,5,0,1.0.14,2026-01-20 12:03:57,,,1.0.14,Dashen
bb86028d-9add-4e4d-8b33-98ee41d5a6f7,Husein Kedir,https://play-lh.googleusercontent.com/a-/ALV-UjXZwULCdRo1_k7yN4mxJ72S8tsS3GcN64ACnlYl_7XrSUy999Z8,Masha Allah this application platform very active and fast so thank you so much future greater than above transaction other customers uster satisfaction regarding to digitalization of Ethiopia 2030 and world 🌎,5,0,1.8.91,2026-01-19 21:40:20,,,1.8.91,Dashen
cfde3219-e21a-4a2c-a7f5-e90ff6c1cf9d,Abel Mitiku,https://play-lh.googleusercontent.com/a-/ALV-UjXw-Z_U-SibcTZsq9aCHnifhqUUr5ZO_2bLvp8ruIq_5H6eum5m,worst bank ever ...,1,0,,2026-01-19 02:36:54,,,,Dashen
8e1548b0-efcb-403e-8d0f-b1ea3607ef18,Kirubel Milkias,https://play-lh.googleusercontent.com/a/ACg8ocJ40gqOydpxdmdjK-pm4hppASb6V68AyQ4PuqHN5Imi8rLmkA=mo,dashen: always one stepbahead!,5,0,1.8.8,2026-01-17 16:58:26,,,1.8.8,Dashen
1d6b4cd8-20e9-45f2-9d7f-d6e19e80aae8,Semira,https://play-lh.googleusercontent.com/a/ACg8ocKICl9XK9GVYRBvL_U2FmEvrFicJrnbMe_zndSShmQuoI2ewg=mo,good app,5,0,,2026-01-17 10:59:56,,,,Dashen
43cc1f17-022c-40bf-bf9f-ceffbb3c9a6e,Mebratu Duguma,https://play-lh.googleusercontent.com/a-/ALV-UjU7NWtd9QQSefHLEb_y5PUKdDhRAbC4LFyivwjyHZSH8cunM5k,higher like the mountain,5,0,1.7.4,2026-01-16 16:17:52,,,1.7.4,Dashen
a6373139-bc8f-4ebb-a4a6-3cb7dca672dc,Ayele Tedla,https://play-lh.googleusercontent.com/a/ACg8ocJt852nlCnas7nbu0zxAgpPSTbS-cRyOUYhmo6e0xLYRQT-cQ=mo,verynice app great,5,0,,2026-01-16 13:15:01,,,,Dashen
1b460630-9e14-45cb-88d5-7055125b6bb4,Fetene Getachew,https://play-lh.googleusercontent.com/a-/ALV-UjXDgSwf3fUfIyu7RT3Z1aMbuSxI_8dW56TeGhwaSZptE1z6W9TDMA,Important App,4,0,1.8.91,2026-01-16 11:41:49,,,1.8.91,Dashen
a1391c2b-d752-4958-9736-97d42109189c,mekdes mengistu,https://play-lh.googleusercontent.com/a/ACg8ocLzhCBG3EN8uLSq7SM0ZJU6z6kTNUF6kkTZydRUkWoSSy1cxA=mo,ok,4,0,1.0.14,2026-01-16 10:20:50,,,1.0.14,Dashen
518ef9b0-d10b-4050-bded-274264c3207c,Ahmed Ali,https://play-lh.googleusercontent.com/a-/ALV-UjXRlEMQ9ScSPs9BvbufEeiqHs-WjjbH0-gGShYVvQDn9jwH0nj48g,please adjust to send to other telebirr wallet,4,1,1.8.9,2026-01-14 16:09:51,,,1.8.9,Dashen
2abf1efe-1cec-4338-8634-09021baea912,Dawith Oman okello Dawith,https://play-lh.googleusercontent.com/a-/ALV-UjVBV9VWayUMue9RLPf6KvHxnEdBIuCrfdkek_12TGHZjKpI0Yg,good,5,0,,2026-01-12 22:14:06,,,,Dashen
174d3fae-3d4c-469d-90b2-114bf6c23146,banchi atalay,https://play-lh.googleusercontent.com/a/ACg8ocI_mRjkd4CVBcbY22nkG4ixRMQsyePYzN-RPdW8ReWsKfg_6w=mo,ባንችአታላይ ቤዛዊ ትሸዊት ዳሽንባንክ,1,0,1.6.0,2026-01-10 13:25:13,,,1.6.0,Dashen
6e114d46-b6cd-4ac4-9b39-611be7092468,Dawud Mohammed,https://play-lh.googleusercontent.com/a-/ALV-UjWErYCPsv3s1eobgZaTlH-nKY_iR8qgZkYK4hPyw9Gl65HBOuQ,"Dashen supper app is fast ,secure, user-friendly and reliable app that makes managing my daily transaction .This app gives me total control over my accounts with peace of mind.",5,0,,2026-01-09 22:39:57,,,,Dashen
8f13d4ef-f0a4-4029-9b2c-8a4c790547f7,Esmsem kedem Esmael kedir,https://play-lh.googleusercontent.com/a/ACg8ocLM-kfgmE8eeb35i-dUWTwNDO8yOjFCXMZfy_4Mws8zPUSdnw=mo,this app good,5,0,1.8.6,2026-01-09 19:18:38,,,1.8.6,Dashen
77a7a958-e981-4656-aa44-545f89fb35d6,Israel Mekonen,https://play-lh.googleusercontent.com/a-/ALV-UjXUsLiy_UMvpzpxe2pU-JSYWdZt8CmYSQh81I1T4d-8BTLyrhG_,The old version was much better than the Super App. The Super App has many issues. You should consider rewarding users who report problems to help improve it and truly make it Super,3,4,1.8.7,2026-01-08 18:56:30,,,1.8.7,Dashen
54ec2a20-6d4c-4934-8f43-95bcbfc419ae,A.Senay ZENEBE,https://play-lh.googleusercontent.com/a/ACg8ocL8aZQFO2fjDH7mYRyNb-wiSptricAoP8ibB9XIlt7Po300oXI=mo,THE WORST BANK. THE WORST APP.,1,0,1.8.8,2026-01-08 17:00:09,,,1.8.8,Dashen
60ca46f9-961d-4c92-8907-31b180aee2c0,Menasie Hailu,https://play-lh.googleusercontent.com/a-/ALV-UjWtEe63YZ38S_uwVwoJh9KO1AtcezSxr2kOs77nLXvaSUFpnRRKGw,nice app,5,0,1.8.5,2026-01-07 20:28:53,,,1.8.5,Dashen
1b7ef7c1-d163-4961-a363-8fedd747295f,Daniel Kefyalew,https://play-lh.googleusercontent.com/a/ACg8ocJajQQMGzoHoWj9XKgOljhedpwaNs7aoVy3-bVKTkgqsxVxAg=mo,best,5,0,1.8.7,2026-01-05 07:48:07,,,1.8.7,Dashen
0e571046-2c0d-4737-80da-47b0eff9e267,Ashenafi Getachew,https://play-lh.googleusercontent.com/a-/ALV-UjXrhbvad39qgND7UcgafDH3LgrABx4dOxx9pGHCTOpQW4rhp21Y,satisfied,4,0,1.8.7,2026-01-03 11:40:40,,,1.8.7,Dashen
c1bc85ce-b70c-420a-b6b9-d2a33feeee38,eskinder getachew,https://play-lh.googleusercontent.com/a/ACg8ocJoi6BeV7X9LxORzXSoeDB8O_YLX44RkLXd9Wc1vGZkCm-V2w=mo,Very bad app I ever saw,1,0,,2026-01-02 19:51:23,,,,Dashen
25c3821a-de6f-4a94-a0b0-74a263e764a5,Betelhem Te,https://play-lh.googleusercontent.com/a-/ALV-UjWUrZgthv257tEDLRPFxU-OjRIxT0gSucEG-0S-v3Kudq2yips,"Very disappointing app. Other bank transfers don’t work at all I keep getting errors. It’s slow, unreliable, and frustrating Please fix this issue until then, I don’t recommend it",1,13,1.8.7,2025-12-31 01:45:15,,,1.8.7,Dashen
077e3d43-2ff3-4133-9407-5f6613ac6bad,Fenan Beki,https://play-lh.googleusercontent.com/a-/ALV-UjUNHxgnh_8FCpkSqB7DFtQjrjVdqYaLsb_yiZxATmzq32OOFgw,best 👌 app,5,0,1.8.7,2025-12-30 11:52:51,,,1.8.7,Dashen
d7a63f61-e25b-4298-ad7a-90749c0f4810,samuel zemedkun,https://play-lh.googleusercontent.com/a-/ALV-UjURiijiWmoFHOdCvq4QqYls7tt3uLpcr9y4yZXArAkHAb4sylr5yw,"I have been trying repeatedly to send money to my Telebirr wallet and to another account, but your platform completely fails to process the transactions. This has been nothing but a waste of my time and patience. Your system is unreliable and clearly not working as it should. I also contacted your customer service, hoping for support, but they were useless and unprofessional. They showed zero interest in actually solving the problem and offered no meaningful help at all.👎👎👎",1,205,1.8.7,2025-12-28 07:32:39,,,1.8.7,Dashen
1c48aed0-1313-4208-8b62-134df128d7bc,Samuel Tefera,https://play-lh.googleusercontent.com/a/ACg8ocLbmSZ-7qb_HbhFQvqMbN-hK_irgQl_ylv-eMtq3rqASwFi2w=mo,true app,5,0,1.8.7,2025-12-27 18:18:01,,,1.8.7,Dashen
bb7256a2-7d9d-49f9-9345-2f233d04d50f,Happy Des,https://play-lh.googleusercontent.com/a-/ALV-UjU1vAUDpEDeADWy8yT8sjII8yYvDpFWXg7Qb5GYirsZbc5wZSwy,Waw dashen bank my frist choice 👍👍,5,0,1.8.6,2025-12-26 21:20:00,,,1.8.6,Dashen
ff51e310-74e6-47a3-8c95-6b21501189ff,Ahmed Aman,https://play-lh.googleusercontent.com/a-/ALV-UjWJ74K-ffCN_zJYikiX5NMnGqZ-8_s-NZ3RyLn90BQznnDu6sCy,Am satisfied more enough....with Dashen Bank,5,0,1.8.7,2025-12-26 01:42:01,,,1.8.7,Dashen
6ada461d-3b5b-481d-997e-adb30e29f4a7,Mesfin Semunigus,https://play-lh.googleusercontent.com/a-/ALV-UjUkiLIykIpJJ-I09cdxmEoc9lNKGbkzBAYrLEpb90EIuwjPwz8M,it is a pity that this apk is loosing it purpose and focus diverted. this days it is trash. amole is by far better in serving its purpose,1,1,1.8.6,2025-12-23 10:41:58,,,1.8.6,Dashen
df07031c-fccb-4cd6-9c1c-fdae81b83186,Kedir Musa,https://play-lh.googleusercontent.com/a-/ALV-UjW0jiJTlH0RednkzyPkKoSWIAH87aR5TiXB9XzJuRMEt3B2hQih,telebirr suparapp,5,1,1.8.1,2025-12-22 23:18:40,,,1.8.1,Dashen
b356a780-bc21-4579-8b84-d7d5bbf1bf06,abdulkadir muhdin,https://play-lh.googleusercontent.com/a/ACg8ocLFV6jBKTHgdlcwezXCsbi44fApExwDw9g-kQxLJh74QE8wC36p=mo,good,5,0,,2025-12-22 17:18:12,,,,Dashen
c4af68f9-f9a7-4acd-8eb5-436d170143a2,Nura Sirnna,https://play-lh.googleusercontent.com/a/ACg8ocKxcfJi7PqQADT3JST8b9R8sAf0zzKioeXxeswPHMCHb0v-Mw0=mo,Very good,5,0,1.8.6,2025-12-22 15:02:52,,,1.8.6,Dashen
bed5c252-ccb4-46de-8af4-f8f538b79138,Tame Sh,https://play-lh.googleusercontent.com/a-/ALV-UjVJY9NUL5tQid3_Wfz4LPuZ5M7VW9aHfkfXWf1OdC5vwaTuFTP_,"the most experienced app, so nice job dashen bank s.c .",5,0,1.8.6,2025-12-21 23:28:56,,,1.8.6,Dashen
6d9bdffe-6449-4d65-9346-164af7ad768e,Bura Bb,https://play-lh.googleusercontent.com/a/ACg8ocIdJwrZhJuWxtpmxbT_UiqwwsqcvM_jb3g6hIrxMiiatm6jqQ=mo,it's good app I liked,5,0,,2025-12-21 20:37:24,,,,Dashen
87352cc1-007d-49b1-946c-12bc7d2accfd,Geleto Jemal,https://play-lh.googleusercontent.com/a-/ALV-UjWZcTKnRSnD7eH0zGTXiYYKWu9KfprAH7-yqHfQSOwWJHE5FNc,"An interesting app; that is convenient, user friendly, fast & so on... w/c leads the banking services to be digitalized locally and be competitive globally at large. We'r proud of DB!!",5,9,1.8.6,2025-12-20 23:55:13,,,1.8.6,Dashen
ae9a567b-002a-41a7-b6ad-87dcb3481ce6,Abraham Zeleke,https://play-lh.googleusercontent.com/a-/ALV-UjXO0nhS4sz6b76lXEZufe-33WRWBkwaMUdTQOsUDxbNH8cwkafP,i love dashe supper up. keep up my bank,5,0,1.8.6,2025-12-19 20:18:10,,,1.8.6,Dashen
db8d2017-6ba7-4767-8e3e-89629fc9b589,Zola Hagos,https://play-lh.googleusercontent.com/a-/ALV-UjV3F6BGSERdw2byEdGL-gxyn9EpMz_hVOlV5Tj7CsPDb4FW0e4,perfect,5,0,1.8.6,2025-12-18 16:30:07,,,1.8.6,Dashen
f19e3617-5c49-45b2-a2ea-a88672d4663b,Munir Sherefa,https://play-lh.googleusercontent.com/a-/ALV-UjXH8-Oo73ry0b7_6ojzKcazTkkX68aEmPFMtfsk7v-CxLUpqLY,goood app,4,0,1.8.1,2025-12-17 13:14:27,,,1.8.1,Dashen
095e2f32-24e6-4d01-b753-12a73de7981e,Gemechu Jofo,https://play-lh.googleusercontent.com/a-/ALV-UjW6Afhi7HpNDPBt4PsymhegO-XkaNbeuxKIM3JF3yEtSSUIfDPi,Nice app.,5,0,1.0.16,2025-12-17 02:25:31,,,1.0.16,Dashen
c4f43673-5543-4989-ba06-b650de3d3200,Biniyam Yazew,https://play-lh.googleusercontent.com/a/ACg8ocLxp-2dPDsV2b4eAa2tMb3owLB3GZNHaxzL47USZ2m4VrDXIA=mo,nice,5,0,1.8.1,2025-12-16 16:01:11,,,1.8.1,Dashen
718ea253-0049-49b5-a398-b53e99ef4b2c,Gamula Malke,https://play-lh.googleusercontent.com/a/ACg8ocL8sD8StyJhSpQifYBC8siANLaUn2cfecubeTl22OQuH4TX7A=mo,dashing bank,5,0,1.8.6,2025-12-16 15:25:13,,,1.8.6,Dashen
d0dd89b7-2531-4e28-91a4-5eb78e4f2f24,Jerry Tes,https://play-lh.googleusercontent.com/a/ACg8ocLmAtbYPiUdKQMidDq8h5EXxSwQhBnjEEp-O8VCCkvLBOvUuw=mo,it is amazing app and also secure,5,0,1.8.1,2025-12-16 13:32:57,,,1.8.1,Dashen
3093f5ed-1e41-42d2-9bd9-df76acfec838,Tolesa Nigatu (Lawyer),https://play-lh.googleusercontent.com/a-/ALV-UjWA-mz5LvNbYCcNXrYpg9OoGjT3sYdM040DcjgADTPzyYsWUOz55g,This app is vey impressive,5,0,1.8.1,2025-12-15 19:53:47,,,1.8.1,Dashen
dc710bbc-0644-4a53-a391-79777e9d1d38,alazar dereje,https://play-lh.googleusercontent.com/a/ACg8ocK229jZlLoagVRRQ0DPgn5uLBSE-RcVNJaeHy4fvk2xzAatjA=mo,very good,5,0,1.8.1,2025-12-14 20:52:50,,,1.8.1,Dashen
eea73a58-a487-4afa-b566-f56b62f3067f,Chali Abdissa,https://play-lh.googleusercontent.com/a-/ALV-UjUXBm5oGML2ZrXGGBmkjSszHvKFTnSicQz9tX6VdFOO_xClh_XY,Great app! Why doesn’t it include digital loan features? Adding this option would be very helpful for customers.,2,3,1.8.6,2025-12-14 18:41:00,,,1.8.6,Dashen
21edf810-a3cd-4765-9a2e-694305cdb38d,HABITAMU HAILU HAILU,https://play-lh.googleusercontent.com/a-/ALV-UjWkiksMGW9FWTaLNJRdoWadf-n6UvpmIUUvJYbKj9hcNOFGCnyw,great app,5,0,1.0.16,2025-12-13 15:43:23,,,1.0.16,Dashen
9e3b066a-1e70-49d1-ae15-c47970f9e492,Tesfaye Tegegne,https://play-lh.googleusercontent.com/a-/ALV-UjVYdDlDS79Cg5hA8lldYNsRruYKWQ3avpPE77B4TPCjA8ihqyM,"Simple, updated and all enclosive so I prefer it🙏",5,0,,2025-12-12 19:01:31,,,,Dashen
42f577e5-fac3-4266-8c9d-9f5cbfb98db5,Yohannes Hailu,https://play-lh.googleusercontent.com/a/ACg8ocLFgK7byYTvaCLPDsLrAPbZ18kc8dxueQro2n1r31uI8TaZhw=mo,Good,5,0,,2025-12-12 16:42:05,,,,Dashen
29c95ab4-d56c-42a8-8359-0f3bed745374,Sisay Ashine,https://play-lh.googleusercontent.com/a/ACg8ocLg9YjkwucE0MTyFroKnBCmQZeA0INPy1UZrz8daj0UASeHtg=mo,"great app,thanks dashen",5,0,1.7.4,2025-12-12 16:28:37,,,1.7.4,Dashen
dd71b690-676a-4a15-b43f-2e8dcb659273,Ahmed Asad,https://play-lh.googleusercontent.com/a/ACg8ocJUJ8as_0tIWtHfwk5ZotE-1jbUpBnZRXMrR3qSARFzydunHw=mo,good,5,0,1.8.6,2025-12-12 14:52:52,,,1.8.6,Dashen
dd12f72f-be4d-4310-9e23-843252b26bfd,Dagim Shimelis,https://play-lh.googleusercontent.com/a/ACg8ocL5rM5RgMqytpx7eTF6clKtvdqi8CT0JLb_tXe5Sod-9dfClA=mo,its good app,5,0,1.8.1,2025-12-12 14:17:15,,,1.8.1,Dashen
e05a6c19-66ba-480e-a3a2-a0fe0a7862bc,Behailu Eshetu,https://play-lh.googleusercontent.com/a-/ALV-UjWag29kySPgye9Ihlqd-nzoriv2V4ZkeD0w8diwyAvo7x5GekAG,"The UI/UX appears well-designed, but it has some critical issues that need attention, such as the inability to display full transaction histories and the presence of numerous mini-apps within a single card view, making it difficult to locate individual mini-apps easily.",4,13,1.8.6,2025-12-11 18:39:48,,,1.8.6,Dashen
55918801-c4af-4e9d-bcda-9091d87475fa,Alazar Wondsen,https://play-lh.googleusercontent.com/a/ACg8ocL5yt8RTZA349EDj9lY2CnbCOH7EipKeIsQ-IqCRwB-lwqNoQ=mo,best,5,0,1.8.1,2025-12-10 13:00:21,,,1.8.1,Dashen
f00ada07-14ac-4375-abcf-6db9a6891e11,Tesfaye Hailu,https://play-lh.googleusercontent.com/a-/ALV-UjVCyPCUSDXDReTmNQDe_h8Z9uaPao1YxqpRNEeaRktNKB9eZOg,well,5,0,1.7.4,2025-12-10 10:36:23,,,1.7.4,Dashen
43630291-4571-4e34-96d8-1d7ba7d174a9,Getnet Akalewold,https://play-lh.googleusercontent.com/a-/ALV-UjWljyNQzNlnU7bcjJAG9T7mywdY5eW_-1BCyJLiEOoszslo_GDNSw,it is so fantastic and user friendly app. Bravo Dashen bank thanks.,5,2,1.8.6,2025-12-09 12:06:40,,,1.8.6,Dashen
350f98ef-1401-4839-82d2-2f0c62ba3baf,Aschenaki Aberash,https://play-lh.googleusercontent.com/a/ACg8ocIfQaSiXgyZ8528Znydmm_Uy6LcMuQN-J1DPan6PNDRlBYXGg=mo,good,5,0,,2025-12-08 11:24:34,,,,Dashen
d7dae1d0-5aef-4562-95aa-948b63d3dfe7,EBRO TELEBIRR CENTER,https://play-lh.googleusercontent.com/a-/ALV-UjUXup8U0VqwsixI0Tqh6bpNzQkSYkW60hTqD09zMwabzMq8IE53,አፑ ቆንጆ ነው ለምንጅነው አሞሌ ላይ ያሉ እሱ ላይ የሌሉት?,3,0,1.8.6,2025-12-07 19:27:50,,,1.8.6,Dashen
f8c96323-d95d-41d8-b847-44c554559969,Tagetu Tibebu,https://play-lh.googleusercontent.com/a-/ALV-UjXjOeF32GY0RMOtCRpz5xIbS1aebtrBnoTNtppUw2oFBJnSCVyl,ilike this app,5,0,1.8.6,2025-12-07 17:15:07,,,1.8.6,Dashen
1b43591f-0fd3-4ee5-b19d-8adba0b8fdc6,Anteneh Wondwosen,https://play-lh.googleusercontent.com/a-/ALV-UjXtTnPICa67-5Jis8KadQ_WklXGGyxVOoqwCBss_PB2wKFCoZge,it was perfect but sending money to telebirr isn't available,2,1,1.8.6,2025-12-06 10:11:13,,,1.8.6,Dashen
c3fb05ea-2671-4429-9022-0a554acd6a28,Muluken,https://play-lh.googleusercontent.com/a/ACg8ocLbBCTCCeVtn5u32UqoQUp1t9GeFyNZNV_69yipkePOAxZLEw=mo,nice app,5,0,,2025-12-05 22:19:56,,,,Dashen
bf78e7bf-4074-45ee-9e72-200eb99eb496,Micky 11,https://play-lh.googleusercontent.com/a/ACg8ocLgl9lak12PuwtMlv5a0lHQS69REvMFerhjb6lF7lGhPSz4tg=mo,dashen super app easy to use,5,0,1.8.6,2025-12-05 12:47:53,,,1.8.6,Dashen
3f2c5f53-6c9f-463a-9625-a4542ad726fb,Musab Kedir,https://play-lh.googleusercontent.com/a/ACg8ocJ7OSepEavqkKLJfIfumyCs2yADGnR4pPeZbGfGFEBcnztE=mo,Dashen Bank always one step a head,5,0,1.8.1,2025-12-05 12:43:00,,,1.8.1,Dashen
64234c7c-a869-4bef-bf36-9f233e6b6e78,Alemayehu Temesgen,https://play-lh.googleusercontent.com/a-/ALV-UjXAkaKO6IS3fieKFBaXw-BewOfweZkdwKm84Bzmrx49q0vH2TE,Not good,1,0,1.7.4,2025-12-05 10:40:12,,,1.7.4,Dashen
67584a76-8540-4894-ad46-c6d4d9f39737,sirrii Abdii,https://play-lh.googleusercontent.com/a-/ALV-UjVdtNW3lubtAY9d6PkfjTqIE5KQoHQsxhAX6wpafSIbJzpJ,why you always say update.,5,0,1.8.5,2025-12-04 21:05:02,,,1.8.5,Dashen
b5380caf-4aa9-4671-995f-0991e5e56810,Jemal Debela,https://play-lh.googleusercontent.com/a/ACg8ocLKPQ8g3-L3xIDhTmWAUxbXbu0eEoHEBJmVv3unE0mjNnHvvg=mo,very good,5,0,1.8.6,2025-12-04 19:26:42,,,1.8.6,Dashen
ac29588e-8cce-4cd6-805a-c6f9ebc7e852,Ibsaa Qannaa,https://play-lh.googleusercontent.com/a/ACg8ocJvyrhHIH0XNNBntAcH16vmOo3bR2Y3Hu1wx9lSugBxMDUUfQ=mo,it's very expressive and fast and easy to Use.,5,1,1.8.1,2025-12-04 18:00:29,,,1.8.1,Dashen
eba970c5-75ca-48dc-8426-df4766186cd2,Surafel Brhanu,https://play-lh.googleusercontent.com/a/ACg8ocINYcu2hsAJLGF7nks9WFSYOhGsuf2USUMeW8AHg2clxXlD8A=mo,Dashn Bank is fast and easy,5,0,1.8.6,2025-12-04 16:19:06,,,1.8.6,Dashen
a1b67a6c-5928-48ba-9e02-80d1a6ca01f0,Endris yimer,https://play-lh.googleusercontent.com/a/ACg8ocK9cNdN4cHcM9qTgdpdm-lrDTIvAl2oB_KThewCSHpv6M1k4g=mo,this bank is very nice to me,5,0,,2025-12-04 15:07:33,,,,Dashen
ae2839fd-f7fc-4e4a-be3f-433714062b15,Roba Dori Dadi,https://play-lh.googleusercontent.com/a/ACg8ocIzpL-4T7l4lZc4farpyn97cIqlTtZJdWz9YRmZD3tCLjdYag=mo,it's the best mobile banking app I ever seen,5,0,1.8.1,2025-12-04 07:46:55,,,1.8.1,Dashen
08c61e2e-e834-46f2-9483-d6a72ed7bb00,Desu Demsei,https://play-lh.googleusercontent.com/a/ACg8ocIr23nxK1Jt3Hfc08S7oL2G0yIqYDbXV8hbuM7HnPTyq8KaUQ=mo,ምቹ እና ቀላል ምርጥ መተግበሪያ ነው ወድጄዋለሁ ።,5,0,1.8.6,2025-12-04 03:46:48,,,1.8.6,Dashen
7f17324e-a225-4967-8b80-5da33a7be0e1,B,https://play-lh.googleusercontent.com/a-/ALV-UjWhnlHpHLKPlHOiY2WEvGXRQtYw6xaYBDFF6DwV51wIE3hEx-XM,than u,5,0,1.8.5,2025-12-03 15:34:42,,,1.8.5,Dashen
6a6357ea-0567-4ec6-a74c-5778955add80,Getachew Alene,https://play-lh.googleusercontent.com/a-/ALV-UjUehPvD6_ra_VXHnjV5syZc6iogJEOu-P7IUIe6OqYRklnVag,Interesting App.,5,0,,2025-12-03 10:52:51,,,,Dashen
b0f96f34-f3e2-44d8-a78f-5524ff9bcbef,tilahun berhanu,https://play-lh.googleusercontent.com/a/ACg8ocLiucOUlvhsxHctHLLvs9hoTAqqAXLGgNA6OkLtcCZrTDvTjg=mo,it takes time to login. but after login its good but sometimes unexpected termination occur in which rises untrust to use usually the app. Because of this am forcely using other bank applications.,3,15,1.8.6,2025-12-03 10:48:07,,,1.8.6,Dashen
42197eb8-5836-4cc9-8238-1f9fc3f42a75,melketsadik,https://play-lh.googleusercontent.com/a-/ALV-UjX5rQnmjia6efgJM9yP8osggr9YKryy5FAL28MUir3qSrhYh5jC,good jop,5,0,1.8.1,2025-12-03 10:42:01,,,1.8.1,Dashen
a6a87b89-636e-4e2b-be00-14998293fe16,Sebsibe Ashame,https://play-lh.googleusercontent.com/a-/ALV-UjUq6S55oQvDXnELy6dOA1NT_Xz9eiD4sARPQhLxZKIacn0CPyQ,I always receive excellent service & follow up. they strive to complete customer needs. they always available. I am totally happy with Dashen services given. Thanks. Blessings.,5,27,1.8.6,2025-12-03 06:08:53,,,1.8.6,Dashen
8975b829-d73a-4d47-891f-c3e36579db8e,Fitsum Worku,https://play-lh.googleusercontent.com/a/ACg8ocIcivxWPoaSmvvXEFg5OSxxtNEmSVnk_P839tiRgS-le5yFOQ=mo,ፍፁምውርቁያደቴ,5,0,1.8.6,2025-12-02 21:36:24,,,1.8.6,Dashen
0febecc8-6410-4b4b-9153-de60dff9cf81,Mehari Gizachew,https://play-lh.googleusercontent.com/a-/ALV-UjWuvh4pISXl1HTDdhmIjueT2XBs32Cu2PyZ-eJpIpj-VuDh5wlt,ይህ መተግበሪያ በውስጡ የያዘው አገልግሎት ብጣም ጥሩ ነው ነገር ግን በሁሉም የሞባይል device ላይ ሲጫን እና transaction ስንሰራ በጣም ቀርፍፍ እና እዝጋሚ ነው በትንሽ Network መስራት እንዲችል አድርጋቹህ አበልፅጉት አስተካክሉት (customer),3,0,1.8.6,2025-12-02 20:29:26,,,1.8.6,Dashen
2fa9e59f-6910-4a49-a3f8-eb602e6f3f32,Gizachew Amsalu,https://play-lh.googleusercontent.com/a/ACg8ocL4rH2poqIa9ZXXXar1iqKA3_ha7bshoJ5URBtPrW7I9bT2nA=mo,exelent,5,0,1.8.1,2025-12-02 19:19:08,,,1.8.1,Dashen
9a568e36-0078-4640-bc87-603d0a6cc2b1,Faysel delebo,https://play-lh.googleusercontent.com/a/ACg8ocIWjcOv3ClBPOdH0ngn4KofkFH2vqcmz_qtYVJZ2Y1xnTTm7Q=mo,Nice,5,0,1.8.1,2025-12-02 17:09:19,,,1.8.1,Dashen
11b82645-e9ac-45ee-a128-dd847534753d,Habtish fsl,https://play-lh.googleusercontent.com/a-/ALV-UjXL_cqPdLTe19n_FBLsAVzYgjQqSBMnSbu8ByLvcSgev3pmwgY,nice,1,0,1.8.5,2025-12-02 16:41:36,,,1.8.5,Dashen
2625526e-3c5c-4d3c-9f95-eb78d0817677,Bereket Hile,https://play-lh.googleusercontent.com/a/ACg8ocJI2D_CUXZQKsilc2ylG-jp0PZQNKFI5E4yp2R6cJ2Anahb9g=mo,BeREkT,1,0,1.8.1,2025-12-02 15:28:21,,,1.8.1,Dashen
3f379ea5-ae96-44d1-8d16-60e350863f79,Kalid Mohamed,https://play-lh.googleusercontent.com/a/ACg8ocJfrmIbg63lzqovABuiFlCab1DXf5YuGF-EM4Z-Zjejit_EXQ=mo,good,5,0,,2025-12-02 14:56:11,,,,Dashen
67e589b7-0c9b-428f-b44d-8c514ac0a774,Buruk Abebe,https://play-lh.googleusercontent.com/a/ACg8ocILuMrJ5XGY2SD3IUenh--0YtOY4LrtnpX4XI3islEmbkuExQ=mo,"the is always under mentenance, or temporarily unavailable and they're adding features no one is looking for at the cost of not being able to use the app in the first place.",1,13,1.8.6,2025-12-02 12:47:03,,,1.8.6,Dashen
fc1b36da-fbe5-4954-8ac3-7798a232f85b,Mikiyas Demeke,https://play-lh.googleusercontent.com/a-/ALV-UjWwKCtv2htpPbFL5Ldn7Yxbu80lInfi7WBzujsN0ugY5ZskgLCM,Dashen bank is my first choice it's best bank for me and super app is easy to use anything and it's bery fast.,5,3,1.8.1,2025-12-02 00:15:46,,,1.8.1,Dashen
9982fb54-d701-4166-9d5d-902325f6977b,Mohammed Abdella,https://play-lh.googleusercontent.com/a/ACg8ocLWD-qRAa5EzDaEDb9SFjP2A4pf2twEwEOssSzINT9SLy5CMQ=mo,"its Good App when we compare to others but when we enter our code,it takes too long to open the apps fix it please",4,9,1.8.6,2025-12-01 21:18:41,,,1.8.6,Dashen
c6405e6e-388a-439f-bcc6-222688006e5a,mulusew alene,https://play-lh.googleusercontent.com/a/ACg8ocKE4j5DOGxqFgpCF3rvHz9SpXKtQ592ecv5jdlFgc-fVkAIog=mo,easy to use and comfortable.,5,0,1.8.6,2025-12-01 20:26:20,,,1.8.6,Dashen
b2fd3b79-249f-488a-9435-4d4bddda5cbd,Belachew,https://play-lh.googleusercontent.com/a-/ALV-UjU2HJ_Rs4x8v2xW0DWgieeqjuPFCrFbSL4x0vjvuTatHyUNFg,best app,4,0,1.8.6,2025-12-01 15:36:11,,,1.8.6,Dashen
7b09812d-c331-4668-ac63-9405b46fb9f8,Firezer Judah,https://play-lh.googleusercontent.com/a-/ALV-UjWLEsRpvdSAae7uiglCPqJAVcnZY3ZIDGSaNrH64xyuluA22dA,Great,5,0,1.8.5,2025-12-01 13:59:21,,,1.8.5,Dashen
138d9273-481a-4d51-b347-7a7bb6b491ee,Abel Getahun,https://play-lh.googleusercontent.com/a-/ALV-UjVzw5gWsPKvA6926nc62DOlRy_4NWolgL_1qypdMf7B2qanRqTb,when u release update its always a problem,5,0,1.8.6,2025-12-01 12:58:31,,,1.8.6,Dashen
b3fdcfa0-0b98-438d-af7a-e04ee2d4c009,Endalkachew Nigussie,https://play-lh.googleusercontent.com/a/ACg8ocIj3tpfETjLzQDFwiYBkTpN6AsIxsBowGzojI4iXpw-cB2f1sY=mo,primary choice,5,0,,2025-12-01 11:06:17,,,,Dashen
b797bfb7-bbba-4d0f-8e6d-9ab90528b136,Neguss Asfaw,https://play-lh.googleusercontent.com/a-/ALV-UjWVwobNSv6dJy4CW3TFplQ9sQmZEU2A6aP2vkS3irwuKOMqBc1a,its use friendly,4,1,1.8.1,2025-12-01 11:01:24,,,1.8.1,Dashen
853d49b8-e54a-459e-8011-6ad199abb578,Ephron Abera,https://play-lh.googleusercontent.com/a-/ALV-UjU9tCXN8Q-mguDjeE3i3URP53SAb1YhzgmgAiV9YcpkpHSLT5CQ,"The apk need time to open the passward page immediately , and lagging.",1,1,1.8.1,2025-12-01 08:48:25,,,1.8.1,Dashen
8a0203ea-da03-42dd-bde0-80e4188ee4d7,natnael alemneh,https://play-lh.googleusercontent.com/a-/ALV-UjXcRq6OIH0K-t21l-hGFiFpwjYkgevKspCf5R9yRp3XsrPEwJQ,"this app is not good it's, access are limited and u guys are working only on it's graphics we need it for banking activities not for game. make it more active and better its dormant. i don't like it cbe is better than.",1,15,1.8.5,2025-11-30 22:06:29,,,1.8.5,Dashen
944aa261-9166-4efd-bf85-a65f109da117,Bereket demeke Bereket,https://play-lh.googleusercontent.com/a-/ALV-UjX4_Z8LSdlHwSHaOTEBqv2qIzo63sq8AWhdTBHlDlMohZdIvJ9V,great app,5,0,1.8.1,2025-11-30 19:27:00,,,1.8.1,Dashen
3827cdde-0a32-46f1-b4d2-996d80947e26,Mesay Mebratu,https://play-lh.googleusercontent.com/a/ACg8ocJlhKX8cVDQ7H5SGwmUUrs8T0yM0-2Fr5aG3ajwXEdyXwiO3Q=mo,good app,5,0,1.8.5,2025-11-30 19:02:40,,,1.8.5,Dashen
5860d6f3-15d5-456b-aabe-bf92bd885546,Berhanu Ashebir BA,https://play-lh.googleusercontent.com/a/ACg8ocLAkNIR-f-G68lwmoiGudv_eS4BMrZFy5iIn_b5U2gCCkwtbg=mo,very smart App easy to use and friendly,5,1,1.8.1,2025-11-29 16:22:04,,,1.8.1,Dashen
39f85efe-9d6d-4974-910c-4f7174f6a8e0,Gashu Mesfin,https://play-lh.googleusercontent.com/a-/ALV-UjXg8eO-UQ7Ai_CNJjiY2_DXZ_uR2bSl6zGLY1KzTXOjIoHnVYR1rA,Very exemplery App to other Bank Aps !,5,0,,2025-11-29 02:45:26,,,,Dashen
3ea761da-10b0-472e-9c3f-89a9f23e4c88,Ashenafi sancho,https://play-lh.googleusercontent.com/a/ACg8ocLuJAwbokkZAlsUu6t47Y3yvtXBFD4y2g2o371z9vpdyHccdw=mo,good,5,1,1.8.1,2025-11-29 00:38:53,,,1.8.1,Dashen
157e868c-386f-4837-bb1f-1301dd194075,Esayas Dereje,https://play-lh.googleusercontent.com/a/ACg8ocK7TIGUvXgDWcnJfq3pUYC9iE2A2DbjJOI2w9t7hXNUG7TNtQ=mo,It Is An Amazing app,4,0,1.0.14,2025-11-28 09:44:21,,,1.0.14,Dashen
9504f5cc-7f16-4fe0-8ba5-f76eef162f8b,Selamawit Yegebawal,https://play-lh.googleusercontent.com/a/ACg8ocJJdGPEFxIWuBOspGn9p_Da-eY_dpCRHR2tk97iex85xXFIBA=mo,"its fast and easy to communicate to the app and its available all area keep it up.i will make Happy for this application thank you dashen bank for your effort,commitment and dedication. i appricated your work.",5,121,1.8.1,2025-11-26 18:02:58,,,1.8.1,Dashen
d29af33e-3f63-4b7e-9312-b63f7d2c6724,Daniel Berhanu,https://play-lh.googleusercontent.com/a-/ALV-UjUyQmJYmOfylpIGkVDclnPHXUmFUg_NlLWzqHNrCzVKtCog4kNS,What do you care about my phone's settings? Who are you to tell me what to turn off and on? It is my phone after all. This *develoler option* thing will cost you a lot of users who are willing to leave the bank once and for all. Turn this thing off. 6 you fear this is a security issue fix your side not mine.,1,10,1.8.1,2025-11-25 17:03:10,,,1.8.1,Dashen
9b84c588-bde5-46b7-930c-c638ca26212d,HARUN HAMDE,https://play-lh.googleusercontent.com/a/ACg8ocKDVmFSg2qcfUtesn4ckC1X3rEbUE8_acmNwlUJ_GdnC0pm4g=mo,Exceptional Product.,5,0,,2025-11-23 11:49:24,,,,Dashen
3d668840-c868-4164-8efe-9295ef537613,Ezana Berhnu,https://play-lh.googleusercontent.com/a/ACg8ocI97I4MBtG3kfpE9cSAbWK_EC8QzEZZ1N3vRCxgSmT-l54EmA=mo,very easy app,3,0,1.8.1,2025-11-23 08:37:38,,,1.8.1,Dashen
eeb816b9-14d4-4d91-a3b5-90b391850faa,kassahun assefa,https://play-lh.googleusercontent.com/a-/ALV-UjW2yDmDGWSFiITXOHQycQA0V4GLa1tIGD86xjpghUqXbyWYL2M3,"The Dashen Super App is very impressive. It is fast, easy to use, and provides smooth access to all essential banking services. Money transfer, bill payment, balance check, and other features work efficiently without issues. The design is clean and user-friendly. Great step forward in digital banking — keep up the good work, Dashen Bank!..",5,347,1.7.4,2025-11-19 20:51:58,,,1.7.4,Dashen
bfff7fbc-253a-4538-9483-345a271fc2eb,Kirubel Ayele,https://play-lh.googleusercontent.com/a/ACg8ocIlTImZ3CHM9ddOvAW5WYRBwLcF21EjxKk3el_JMULmbfTEpA=mo,በጣም ፈጣን ሥቹ አስተማማኝ ወድጃዋለው,5,0,1.8.1,2025-11-18 22:05:15,,,1.8.1,Dashen
dabda953-ac0a-476a-8791-c6a66deebc20,Betelhem Te,https://play-lh.googleusercontent.com/a-/ALV-UjWyYso3QdXSotmwN1zhyqY7MyQOWIaD6vG5FGuO5GG77CAOCAY,"it's a really slow app, I'm not sure what the issue is. Even other bank transfers are not working",2,7,1.8.1,2025-11-18 13:26:04,,,1.8.1,Dashen
15bd455e-6fb5-4dc8-8068-cc051fcd5d79,Yechale Abebawu,https://play-lh.googleusercontent.com/a-/ALV-UjU_2dMR00CVak0_d2_wsXRYjOo1j68fuTRHn_sR3A-yjsq1JcU3IQ,"it say's disable developer option, i disabled it but its not working still",1,1,1.8.1,2025-11-17 11:23:29,,,1.8.1,Dashen
b2fb954d-1f3b-4b0b-9ab2-7a6da576cf26,Yordanos Ifa,https://play-lh.googleusercontent.com/a/ACg8ocKrtXlC_wLyAvvSPAJoEiH1fZWZCo_7iC-u9AOA4FfIluqguA=mo,with the super app evry thing i need is just a tap away,5,0,1.8.1,2025-11-17 08:39:31,,,1.8.1,Dashen
27acef09-1136-4d2f-9f5d-82c4a30abd2d,wengelawit tamrat,https://play-lh.googleusercontent.com/a-/ALV-UjU7FlL3D1FTEn--7RdBMdSP7_6za_OgffuPXV5_nfpnKSsIYCaw,nice,5,0,1.8.1,2025-11-16 20:59:15,,,1.8.1,Dashen
8babe417-ec30-4ba1-a860-03150c5daf7c,Andualem Balcha,https://play-lh.googleusercontent.com/a/ACg8ocKvyk_D2bHxNExLza3zfsKvKV-jjr-MyMv_8TpFBxHI6w7BVQ=mo,eyita tips,1,0,1.7.4,2025-11-15 15:38:49,,,1.7.4,Dashen
ecafe965-6f57-4ef5-88ee-9ef8adca142d,Bereket Gugsa,https://play-lh.googleusercontent.com/a/ACg8ocJ-FLw-lTDZUQG28P87GXmo-Q8BJG80Xgyg1UuX91KvkG3PMw=mo,clear and presize,5,0,1.8.1,2025-11-15 14:47:13,,,1.8.1,Dashen
02b493af-68e8-4109-95e9-38dfce50d742,ADDISU GIRMA,https://play-lh.googleusercontent.com/a/ACg8ocIT6uwQ6Li5l738Xb9KwDpNBo_ALtFV1JG67rpsdOAyEaMDHQ=mo,smooth and easy!!!,5,0,,2025-11-14 13:42:09,,,,Dashen
b8b11ccd-acac-419e-8ffc-16c86972ffd9,Bruk Dejenu,https://play-lh.googleusercontent.com/a/ACg8ocIWk9ORsCf9C3MblKQlmtEDaheLUsmk2HCGCgwbLJ_68I2SWg=mo,I have had an amazing experience with this app;ot os convenient and easy to use,5,1,1.8.1,2025-11-14 13:37:45,,,1.8.1,Dashen
35ecd30c-9d1c-40c7-90c0-592d9ea5d0bd,Yohanese Asmamaw,https://play-lh.googleusercontent.com/a-/ALV-UjUMv-O3SDnIAzlHfO6_inkmEvzvu08HoAxq_y33MzPpVDyYMVI,"All in One Super App with smooth navigation, transaction and lifestyle services",5,0,1.8.1,2025-11-14 13:30:57,,,1.8.1,Dashen
dbd90565-cfa7-4a22-a297-b37face26e17,Yared Alebachewu,https://play-lh.googleusercontent.com/a/ACg8ocIG_kPyqWx9raQWWoBtiMW9syaowkkRuTpA4Jby9Ul4wsAJqQ=mo,Very nice App.,5,0,1.8.1,2025-11-14 13:19:23,,,1.8.1,Dashen
a1d46fd6-d7a6-458a-b1a2-1b5679bd7c02,Fasika Getnet,https://play-lh.googleusercontent.com/a/ACg8ocKN6MpGAxNv3HNouVpHNmwPygZJxiCscvE7j52m7HeYJyFSmw=mo,system failure transfer to others account,2,0,1.7.4,2025-11-13 23:12:49,,,1.7.4,Dashen
53570f06-6252-49fc-9626-b9e88fe490a9,Asrat Enyew Ajebu,https://play-lh.googleusercontent.com/a-/ALV-UjV1WXwGCyWvElBP-hSIgyZGgBRFhBndalLQNZtbYxHMjTPkc7lU,thank you,1,0,1.8.1,2025-11-13 16:54:07,,,1.8.1,Dashen
3ece3a7c-9557-45ae-8053-2bf5568f2861,Natnael Samuel,https://play-lh.googleusercontent.com/a/ACg8ocJLzcMCmhy-ef9-vPyOeQUtEoZefvgNlZXe7b_MixPSTeqjcg=mo,"Only the UI/UX is good, but it doesn't function properly. It's a shame that a leading tech bank has such an app. Amole is far better.",1,6,1.8.1,2025-11-13 15:33:36,,,1.8.1,Dashen
292edafd-2214-4c68-a18e-744b5a0f3db4,Abraham Tesfaye,https://play-lh.googleusercontent.com/a/ACg8ocLbmmn72wXq5gaOSvqhlaNCdfgg5O_TBCs9EMpdN2RyM_Jihw=mo,"excellent app. to use perfectlly to pay,transfer,tele airtime and so on.",5,0,1.0.16,2025-11-12 18:52:55,,,1.0.16,Dashen
3a8163db-3a24-4d28-bba2-58bb438391aa,Hapte Ye,https://play-lh.googleusercontent.com/a-/ALV-UjWKgZJf4pR5--iGkF2lZnfH1xXAscQbMEjGBhbISj3p83mCLyfV,wow dashen bank super app,5,0,1.5.8,2025-11-12 12:20:07,,,1.5.8,Dashen
fec786b2-90d3-454d-a63e-bf53bf71c2a6,Dinkalem Anteneh Asefa,https://play-lh.googleusercontent.com/a-/ALV-UjWM8wQCcfkauVMla5lbbJOdMmbR9OXvnUB-QzNtacN4X_Ox4pCX,"This so-called “Super App” is a complete disappointment. It’s confusing, slow, and full of glitches honestly, it feels like it was designed to test people’s patience, not to help them bank. Calling it “super” is a joke; it’s one of the most useless apps I’ve ever used.",1,2,1.8.1,2025-11-11 17:57:21,,,1.8.1,Dashen
0564e4c4-c11e-4d31-b2d8-bdc5725ebb2c,Mohammed Ahmed,https://play-lh.googleusercontent.com/a/ACg8ocIMu14knlxr8aJmuA04i3tWM719ZW0bDtywSFN2dIBkYup-hhI=mo,very nice app I have ever seen,5,1,1.7.4,2025-11-10 23:06:02,,,1.7.4,Dashen
898109d7-385c-4fc9-b8a6-bd6e2a303a39,Behailu MEngistu,https://play-lh.googleusercontent.com/a-/ALV-UjXEQIs7sSl1Us4zVhFkeZbUt_ChM-SkSqw4a88tjp2FQXxcVd4z,NASTY BANK . EVEN THE SUPPER APP IS NOT WORKING WELL. WHEN I AM CALLING THEM THEY ARE NOT RESPONSE . PLEASE DON'T USE THIS APP BECAUSE YOU WILL LOSS YOU TIME ;ENERGY AND EVERYTHING . HOPELESS Bank .,1,7,1.8.1,2025-11-10 19:19:34,,,1.8.1,Dashen
d5e77822-77c3-4c94-b062-4c36c8b6e210,Obang ojulu,https://play-lh.googleusercontent.com/a-/ALV-UjVtjH84u8fcpzXzlN6uidIIbwR4n79aD8XH6IRRRSUYoxUp-xDe,it's good but is not fast,5,0,,2025-11-09 16:40:07,,,,Dashen
ef42c724-ee02-45e6-8c6f-f0f4a8ab7fc6,Usu Elemo,https://play-lh.googleusercontent.com/a/ACg8ocJ3LWDmO2wgBE2qYNAOEsApqJSSpf0CbI28bSeOHIZF5XJo9zY=mo,your financial system must improved,4,0,1.8.1,2025-11-09 15:13:07,,,1.8.1,Dashen
1f2786d3-7b51-4467-95f2-fb7ef877469a,Fire Ko,https://play-lh.googleusercontent.com/a-/ALV-UjXpI4NQ2WLxpchR6iyPLLvIi8TIIPpiWdTUI8IQvGX9m25uPMTG,your service is too good,5,0,1.8.1,2025-11-09 08:18:32,,,1.8.1,Dashen
09607d06-8ab3-45a4-bc8e-c824930c888a,Yoseph Destaw,https://play-lh.googleusercontent.com/a-/ALV-UjUPpnxwJ0Lhi_ukn3MP1EfVup12QWGDXoMtrnMA--tnzR851BwS,good experience,5,0,1.0.14,2025-11-09 08:15:48,,,1.0.14,Dashen
4cdd9b19-e553-4afb-93c9-270d15315c28,wubeshet “ውብሸት ኢዮኤል” Baye,https://play-lh.googleusercontent.com/a/ACg8ocK0wkE5ahViDKTiuKE0_H80woc_ndPRDMWMDpgsosuZl_5OVf0=mo,ok,5,0,1.8.1,2025-11-08 17:41:24,,,1.8.1,Dashen
34c15681-d4e1-4690-b330-13b138d9adf2,Hermella,https://play-lh.googleusercontent.com/a-/ALV-UjUWmnnpd6EBR-RaaiV6RXh5EPpWrHfaDxTePCjWaTC1a8e6Jb8X,"Amazing app, 👏",5,0,1.8.1,2025-11-07 21:44:28,,,1.8.1,Dashen
84e34f1c-ea3e-439c-8076-f8804fa9b556,Temu Man,https://play-lh.googleusercontent.com/a-/ALV-UjVcxadhhdg-dsyF7_TaWhfyIHUHaNfv9PqkgJnCZ11wFgEbiB4R,wooow,5,0,1.7.4,2025-11-07 17:39:57,,,1.7.4,Dashen
25ea2324-c911-4710-b2f0-4f5115675cbe,Zelalem Abebaw,https://play-lh.googleusercontent.com/a-/ALV-UjWpbMF_ZgcJXQ6jc4PTF55Vvne-kdq67GoiqBVcsXjCZoiQ6HdO,Nice app,5,0,1.7.4,2025-11-07 13:08:16,,,1.7.4,Dashen
b1450711-16b6-4649-abcd-19bfc90d87d4,Samuel Tsegaye,https://play-lh.googleusercontent.com/a/ACg8ocLrVBl1jOIZduFjepO59ps-G1GuopsDVyCJC9j87BMSYXyklw=mo,best,5,0,1.7.4,2025-11-07 11:26:32,,,1.7.4,Dashen
215de933-fc3e-45ce-9bd9-b7d6d113c8c3,Bedaso gemechu,https://play-lh.googleusercontent.com/a-/ALV-UjXbmSyxGCrsHrH1YimYkXiDhz9izXkoZY-GI3lpRseg4WFeQHBH,"easy to use, friendly",5,0,1.8.1,2025-11-06 20:34:55,,,1.8.1,Dashen
f5360419-4441-4084-a1c2-eb9b07206b36,Melkamu Kifle,https://play-lh.googleusercontent.com/a/ACg8ocJE0q5Tp38s25CJticEDt7eQMsur3YuPSrVgjotCGehIKmGww=mo,"12yr more LC, UCP & ICC & loan",5,0,1.8.1,2025-11-06 15:47:23,,,1.8.1,Dashen
80a217d4-a389-40ab-bd17-b6c164c76aaa,Zerihun Hailu,https://play-lh.googleusercontent.com/a-/ALV-UjUqtYKSMymg5PHADiWus26-RvlfFCxALwkX9cSwLF8OHOqtiC7aRw,"not attractive and friendly app. Check Awash, CBE apps",1,1,1.8.1,2025-11-06 14:19:27,,,1.8.1,Dashen
b47d9d1d-7a70-4074-833d-2c1056dda3a0,Messie Tagno,https://play-lh.googleusercontent.com/a/ACg8ocJHW9c-PO4ez_wnF7ypakl1rKMFbEgtxQ21Xj4K0rDWdpBPgQ=mo,amzing,5,0,1.0.16,2025-11-06 11:04:59,,,1.0.16,Dashen
362b7c91-55d7-45f5-bcd5-7088f6b09e3a,Sisay Misganaw,https://play-lh.googleusercontent.com/a-/ALV-UjWSwHYM3YybFMBMAUdkUwL8h_33HBhkH-e63-XqlAG0MDqKRIuL,"The Dashen Super App is very impressive. It is fast, easy to use, and provides smooth access to all essential banking services. Money transfer, bill payment, balance check, and other features work efficiently without issues. The design is clean and user-friendly. Great step forward in digital banking — keep up the good work, Dashen Bank!",5,655,1.8.1,2025-11-05 20:11:36,,,1.8.1,Dashen
6865f69e-cc69-42db-941a-85cc16ce6bf8,yusuf kebede,https://play-lh.googleusercontent.com/a-/ALV-UjVEJtu6zGvEtGLN0NdYJ27ORYUgCAv2EbyWGlrE6zXhG3QSjIQM,betam kerfafa naw,1,0,1.7.4,2025-11-05 16:47:58,,,1.7.4,Dashen
b91bcd0e-b1b1-42f1-acbb-9445f701adf3,Fayo Aman,https://play-lh.googleusercontent.com/a/ACg8ocI1B0c3HUXdUQm-TxzAUBo1BRdlj8yV0Xs8L_y1bLFPwNppSg=mo,exceptional,5,0,,2025-11-05 16:34:30,,,,Dashen
2e58305b-5b99-4fc5-b4f0-1be5623a0558,Fili Dani,https://play-lh.googleusercontent.com/a-/ALV-UjURSa3U4KhnxrBDB1m_XJSS05mAGqZPZfWj3fmBr-D3vWmEqR77,worst app ever,1,0,1.7.4,2025-11-05 15:34:32,,,1.7.4,Dashen
6bf6ad8e-bd05-454f-ac8f-fc11c1aeedb5,Yohannes Dana John,https://play-lh.googleusercontent.com/a/ACg8ocJ30gRHrvoPTrV9NRQ8neZenSKowUbsWvZNQP39NEZZD13fspN9=mo,"Dashen, always two step ahead.",5,0,1.8.1,2025-11-05 15:33:19,,,1.8.1,Dashen
e2e4f955-c79a-4192-a71e-950a3fde3907,biruk hiruy,https://play-lh.googleusercontent.com/a/ACg8ocJ1qjz-QUB3VPYvDT1fXoobXTz1ETYI6ZgdOfKyBeUeArG1Yg=mo,"Please try to fix the barrier between other banks specially with ""Commercial bank of Ethiopia""",3,0,1.8.1,2025-11-05 14:05:15,,,1.8.1,Dashen
423d9266-c93e-436a-9a41-3a18a1f020ad,Samrawit Mekonnen,https://play-lh.googleusercontent.com/a/ACg8ocIA0EScMzrIbJ0cFaOG_4kJzGNRdj1AeQNnbnrGPskFwi9kkA=mo,👍,5,0,1.7.4,2025-11-05 13:35:38,,,1.7.4,Dashen
703187ba-cd29-46c8-9bdf-bdfd54668e67,Marshet Bayley,https://play-lh.googleusercontent.com/a/ACg8ocIZHbZNQyHgPNawJ8RWxHZyp8QNDw5VUv9k7m4HN_xDWd0_Tg=mo,i am using,5,0,1.7.4,2025-11-05 13:21:24,,,1.7.4,Dashen
7bf9a8a8-2718-4a3b-85f0-3ac3b628ec84,Sileshi Yilma Reta,https://play-lh.googleusercontent.com/a/ACg8ocJpTwN9gFijRDpivR4VXMMugr8NJdvt7bfA_OrCk-mLqjW5VQ=mo,It is a wonderful App developed by a local talent. It deserves an appreciation. It will continue to evolve with new exciting features.,5,5,1.8.1,2025-11-05 09:51:46,,,1.8.1,Dashen
e6ada560-df66-4170-b0cb-e04a65ead451,Paulos Aberra,https://play-lh.googleusercontent.com/a-/ALV-UjV6pMZ_9V3oAJuEet8kclfHQXBRDV4KAHS9YlqO_bqXG5l5r9I,wonderful app,5,0,1.8.1,2025-11-05 09:03:34,,,1.8.1,Dashen
d18aa410-4dc1-4c26-8f7d-a866f5b498ba,temesgen tamrat,https://play-lh.googleusercontent.com/a-/ALV-UjXtRBwfqDAtltxcI6ur6ZPVbAYXqBEkSpJc9ZfCBeP8ViWcUiM4,"i love the app it features are perfect, but it asks to update too many times to activate your need to visit a nearest branch and that takes time. other than that the app is great I like it",5,160,1.8.1,2025-11-05 08:25:51,,,1.8.1,Dashen
b23ea516-d92d-4e3b-88d4-d0bc679d23cb,abdulhakim nurabesh,https://play-lh.googleusercontent.com/a-/ALV-UjUKZN-5sVyxbW2O_5dp5dAIRKU7h9QNa1AvCYyE8nh89yXXLoU,go ahead,5,0,1.7.4,2025-11-05 07:49:30,,,1.7.4,Dashen
d4d30d69-4b0a-4ad0-8430-7aa85f6467e6,Siltanu Nigus,https://play-lh.googleusercontent.com/a-/ALV-UjUCjXfnVd4UeF3j5JRjqgw0IccbAsp3ce0OVktOvwljcwrdgDo,its supper,5,0,1.7.4,2025-11-04 19:47:11,,,1.7.4,Dashen
e0bb7d0a-fe46-4423-b26d-c9ad4a40afc2,Bekalu Desta (Mamush),https://play-lh.googleusercontent.com/a-/ALV-UjUR5T7cN-VumC7BvkNw6VVYI2x08YLTqG6cnb2R3d88pCtqlx6V-w,Good,5,0,1.8.1,2025-11-04 19:38:19,,,1.8.1,Dashen
8eb02f5b-df9f-420c-b3b8-834820e32c3c,tibebe Solomon,https://play-lh.googleusercontent.com/a/ACg8ocKcQ_7eXeYM9vacRMXPQ8nP24_2U87D2OnwHM0Mqbwaoywlrg=mo,it's so boring,1,0,1.7.4,2025-11-04 18:37:56,,,1.7.4,Dashen
ba74c62f-ad24-42ab-bbdf-b56a765ba124,Amanuel Nibret,https://play-lh.googleusercontent.com/a-/ALV-UjWJNAfDbFdb91BT5B9HuZpc30DDhT6p4peUPw8hKBXc3t7CQNm_,Dashen Bank Super App is the latest version of online banking system that is the gift from Dashen bank for us Thanks to Dashen,5,0,1.8.1,2025-11-04 16:07:00,,,1.8.1,Dashen
8ffcaec9-4351-4cc7-973c-1d86365894f0,Yeneineh Seiba,https://play-lh.googleusercontent.com/a/ACg8ocI8vC0mz2Hkr_djwOhQR17kRluQXh0fPiT1hKfQnVy1IwY1_Ck=mo,"i rarely leave reviews, but this app truely deserves one.it's efficient ,secure , reliable and makes fanancial tasks effortless.definitely 5 stars for this exceptional app",5,3,1.7.4,2025-11-04 15:35:15,,,1.7.4,Dashen
360a6c12-d948-4ce0-aea6-267b8eaaa743,Bereket ab,https://play-lh.googleusercontent.com/a/ACg8ocLbj0zW30Yw-Y_xWd2U1iIwxzXBFGwn9JyGMefyNpLMeyRj4g=mo,it has improved very much lately its working more and getting better but yet it is not fully fixed some time at night it doesn't work..i think the problem is it was launched too early.,3,141,1.8.1,2025-11-04 14:32:40,,,1.8.1,Dashen
2abe9685-d09b-407a-9f01-1acdab932ded,wantala fantu,https://play-lh.googleusercontent.com/a-/ALV-UjWKWw-A0fB3QiJ39d0HLnyS3oquqD6FGOpnQOR6STOHV7NcL3Ie,Amazing,5,0,1.7.4,2025-11-03 16:36:28,,,1.7.4,Dashen
b9c85a77-6315-4df3-844d-63d6e0fba45b,Ermyias Gashaw,https://play-lh.googleusercontent.com/a/ACg8ocJjyFwlMWQl9b8Bowe0QtZ-68DSZ7rOVHGLrchq1__pytCcxg=mo,wow dashen bank,5,0,1.7.4,2025-11-03 10:52:11,,,1.7.4,Dashen
0867ee2a-6b98-47c6-9331-8551a0d893c7,Shimeles Tadu,https://play-lh.googleusercontent.com/a-/ALV-UjXT2qbpvf5yxIoNV529dz9EM0lHJHkt52BPKLzbwPmX6HamyRtF,ብዙ ነጉር ይቀረዋል ወደ አፑ ስገባ በጣም ይዘገያል ባጭሩ ቀርፋፋ ነው,4,0,1.8.1,2025-11-02 15:58:57,,,1.8.1,Dashen
59498129-d37f-4693-a7e7-834300661621,Mikiyas Kumbi,https://play-lh.googleusercontent.com/a-/ALV-UjWP4mMt-q1BatHKCs5iKMG1A-g6ZxuGW7oD3Th-5dg71O4HD_nqSA,"I just updated my app to the latest version and I couldn't even see my balance, send money or do anything. It says service is unavailable and it will be fixed soon.",5,93,1.8.0,2025-11-01 12:55:50,,,1.8.0,Dashen
2ccfdda8-3a7e-4c83-a336-837799716a01,Dawit Jack,https://play-lh.googleusercontent.com/a-/ALV-UjUA3nZX9UcPcxMrMG4fqh_mlpt5pNrcPvMOwwq3Z6M-jqGK_Ek,it's too slow,1,0,,2025-11-01 12:50:25,,,,Dashen
9f025499-c17d-4452-bb71-3c2b7b1c4500,Eyob L. Getaneh,https://play-lh.googleusercontent.com/a/ACg8ocKW3pjcaViV6dlSgHGJfpwFRjW1rM1yLj7u5IJoJQwyOunBPWg=mo,"Before the recent update, this app was great. Now, the home page is cluttered with promotions and banners, which really hurts the experience. I think the app stopped being banking app and started only to promote b/c 95% of the app is only ads, also full of bugs",1,3,,2025-11-01 11:56:49,,,,Dashen
34e38910-0b27-4048-954e-82aa66d61c43,Zelalem Argaw,https://play-lh.googleusercontent.com/a/ACg8ocK41A1hTSJ5W-_w-eD-FNGhh-NGNZpcAMtm1aF2imlvN8drjWY=mo,"This might be the worst banking app I've ever used I dont know why kind of bug it is but suddenly the apps stops working it says ""Temporarily unavailable"" for a simple feature like viewing account balance and in person visit was no help it took them longer than 2 hours to fix it and even after that 2 weeks later the same problem just because of this I'm going to stop using the bank altogether which is a shame because it's a decent bank",1,969,1.8.0,2025-11-01 09:46:53,"Dear Ato Zelalem,

We apologize for the inconvenience that you faced while using our Bank's Super App. We always strive to improve the App to create a fascinating experience to our customers. If you need a personal support, you can reach out to us through our social media pages (inbox).

Thank you in advance.",2025-11-05 16:11:32,1.8.0,Dashen
d099e425-3a97-47f7-b671-520b735f3b3d,Merawi Yematawork,https://play-lh.googleusercontent.com/a/ACg8ocJtC1olvpNRfLMUx9T9aTeAJm9CjJMXNKF2Qln96ZjKzfkCFgBl=mo,Nice app,5,0,1.8.0,2025-11-01 07:19:03,,,1.8.0,Dashen
a2b10118-101d-4ee3-ad6f-61980614aa3b,Abel Andualem,https://play-lh.googleusercontent.com/a/ACg8ocKRXg5A6B51z97ld-DyCh3Pvzce3UOLM_dsHSC356o9iLKbYw=mo,app is too slow not opening fast,1,0,1.7.4,2025-10-31 00:20:28,,,1.7.4,Dashen
322b8846-bfa9-46cc-bd78-3764c23d0c37,Kalid Hamza,https://play-lh.googleusercontent.com/a-/ALV-UjXlPUpBpaq47_eBKdcDaBIMv2CGrWdl_Ysr0EsoOqT-BrVoUtUz,good,5,0,1.7.4,2025-10-30 21:18:36,,,1.7.4,Dashen
a0165d49-aca9-41e3-929f-ef67fccf3f56,Abadi Brhane,https://play-lh.googleusercontent.com/a/ACg8ocIUsrtWMylcRBib0Mqd75XRUWLTJ8VwjqYCFHvX5rh3xCMCz78=mo,"it's seems to have some improvements, I don't know what's going on with this app sometimes get collapseed. This is not expected from Dashen bank, which is amongst from famous and greatest banks.",1,2,,2025-10-30 17:55:02,,,,Dashen
3dff5082-039f-40a3-8d75-11dbf6ed6f44,Melaku Sintayehu,https://play-lh.googleusercontent.com/a-/ALV-UjW8Uju1LMj4D4Kxgw7arKchUMiWWH6r2lTS3g7tsjI54TFEDyAX,very nise good,5,0,1.7.4,2025-10-30 16:17:37,,,1.7.4,Dashen
8e7a821b-fa3e-4d69-aaed-7ef7e4bc9019,Roba Mohammed,https://play-lh.googleusercontent.com/a/ACg8ocL7sWoD5EiZDa4AjXDEsHuj562S7hVkznL33UD8LSTxGdhN0w=mo,very interesting,5,0,1.7.4,2025-10-30 11:57:02,,,1.7.4,Dashen
99b90e10-84e8-4a3d-b564-b6b1fc10698e,Zeyneb Hamza,https://play-lh.googleusercontent.com/a/ACg8ocJEmnXG_v1RMKUknYstrjn-mHIia9aXaVcsJ7F4WrV_KFrQwg=mo,what your emplyees tell as about the app when they came to our store and what actually the app is different,1,0,,2025-10-30 10:40:08,,,,Dashen
e938df24-05ce-4d22-adcc-ae6d3a74d22a,Tewodros Kebede,https://play-lh.googleusercontent.com/a-/ALV-UjUamymejKt0T_6JzUVkOdI7lG5qbecYHV1DNKkXkfrfHxVs69s,Excellent promotion,5,0,,2025-10-30 07:18:27,,,,Dashen
1e3e6da6-3485-42a0-bad9-33ae040acb12,Dani Gah,https://play-lh.googleusercontent.com/a/ACg8ocLBtstZ69djyd1nzYoHj_rDQnM43KoOW1bLMHRyWBtlHeK4Aw=mo,viry good,5,0,,2025-10-29 18:37:54,,,,Dashen
163201b7-323d-4462-850b-c8453dfcb4cf,Natnael Deyas,https://play-lh.googleusercontent.com/a/ACg8ocIBr8XOZogT9CNHGBR8AHNHekTaV8TNHtD4cpCZrS6kSOP7IA=mo,"Dashen Bank Super App is incredibly convenient! Easy to use, fast, and reliable – a great app to manage everything in one place.",5,23,1.7.4,2025-10-29 13:12:01,,,1.7.4,Dashen
57912538-8398-4446-95f5-85a0c28e7a98,Nate,https://play-lh.googleusercontent.com/a-/ALV-UjWMX4B32lCnKGxs_VUZKA8xdnlgjWBfY5iN55Iq4RD750URlXA,it is the worst app ever istg 🤮🤮🤮,1,0,1.7.4,2025-10-29 04:06:49,,,1.7.4,Dashen
593462a4-2b65-4980-a492-9eeef5f116ca,Seid Endris,https://play-lh.googleusercontent.com/a/ACg8ocLS31H-A-jO_BP1-om83inlI7NH2zi_ADqgrqnhhrLKv1QwSG4=mo,"Dashen Super App is a game-changer with its sleek, user-friendly interface. Lightning-fast responses and seamless navigation make every task a breeze. Love the organized layout and clear features that save time daily. Fantastic work—highly recommended for effortless banking!",5,0,1.7.4,2025-10-28 17:18:01,,,1.7.4,Dashen
c68cdc01-a66b-40fe-a6b7-cbb1487156f4,Mekbib Zawde,https://play-lh.googleusercontent.com/a/ACg8ocJ8sKNUuGlgrSrtXV4QPTc7J3LWi9ypMuIia8TjWSHJ3fRDnBE=mo,"The design is clean and modern, and everything works smoothly without bugs. I love how reliable the app is it makes banking so convenient.",5,22,1.7.4,2025-10-28 16:46:47,,,1.7.4,Dashen
be6dc291-6fb0-427b-8553-d735553e3313,Leul,https://play-lh.googleusercontent.com/a/ACg8ocLl6NJU5ngdTnSJFHK2HbCDuSjFyCVuylOnegOlp2NiqtjPgQ=mo,"A true banking super app! The Dashen Super App combines great design, security, and an impressive range of features. Highly recommended for anyone looking for a complete digital banking experience.",5,5,1.7.4,2025-10-28 16:44:46,,,1.7.4,Dashen
9f1611c8-4469-40f3-9b6e-2736c5c13f4e,Mulugeta Tesfaw,https://play-lh.googleusercontent.com/a-/ALV-UjXTl85rRA13lqK0jQ7bMbo5iL5GzdD5CM85Lhz9DBpsxxSz6ls55g,"​I appreciate that this app allowed me to access multiple services in one centralized place. Thank you, Dashen Bank!",5,0,1.7.4,2025-10-28 16:11:32,,,1.7.4,Dashen
db4710e2-0fb3-459c-a3a5-69445d4cb270,Kidus Tessema,https://play-lh.googleusercontent.com/a-/ALV-UjXw_sXxaO7Q9G8HZXL659GIzZpmy_DjQJgnPLJZQ7r8CSxUV--e,"This app makes my day-to-day payments so easy. Everything works perfectly, and it saves me a lot of time.",5,3,1.7.4,2025-10-28 16:10:13,,,1.7.4,Dashen
6cbe56f6-0aff-4ee7-a7fe-2c1ccf6244e4,meron,https://play-lh.googleusercontent.com/a/ACg8ocLXjERTcizrzsfey7pMRbPgJ2Y0dneL2UwbiFiT-CTjFbplIw=mo,It’s impressive how consistently the app is improving. I’ve been using it for months and they have improved a lot in terms of not only beauty but also performance wise.,5,2,1.7.4,2025-10-28 15:50:27,,,1.7.4,Dashen
5b430dc9-06e5-4015-a4cb-7c671ff8ae9c,Tadele Taye,https://play-lh.googleusercontent.com/a/ACg8ocK6L9KByf-dEHuJHzHhbFKevyNbIMxFrkEGN6iYHGFD9pPwtQ=mo,This app has replaced several others for me. It has everything I need in one place.,5,0,1.7.3,2025-10-28 15:45:08,,,1.7.3,Dashen
1ee92e14-11e6-4db1-8a6c-a627e42c2089,Mastewal Abegaz,https://play-lh.googleusercontent.com/a/ACg8ocJW5_UR-pal22RV84KH84idXW6ElhkBNCy6yJQkesMfaKdeF6A=mo,"The app has evolved impressively over time. The latest release adds dark and light modes that enhance usability and design. It’s intuitive, modern, and clearly built with the user in mind — setting a new benchmark for digital banking.",5,1,1.7.4,2025-10-28 15:40:52,,,1.7.4,Dashen
211b2b4d-826d-4192-9fa8-25d7e38c7666,Hermela Asnake,https://play-lh.googleusercontent.com/a/ACg8ocKZQzmN2CZChwhsthhP_Nu8KO2snGo42lEHkxcSxjzBrB-j4g=mo,"Dashen superapp just keeps improving. The new theme options are beautiful, and the overall experience is faster and smoother than ever",5,1,,2025-10-28 15:38:42,,,,Dashen
3677b2d7-95ab-4c95-87af-ef1d3edb674e,Kaleab Argaw,https://play-lh.googleusercontent.com/a/ACg8ocKWy6c2lM3W0HjYSmJHv2P8j2gSde-eJ9O-FbvCGsews88ANwU=mo,I have been using this app for months and its easy to use and is user friendly thanks Dashen bank.,5,2,1.7.4,2025-10-28 15:36:56,,,1.7.4,Dashen
90d2468b-101a-4006-ae49-d07185b49594,Abiy Nibret,https://play-lh.googleusercontent.com/a-/ALV-UjUe1rQM22tsMrOVbbUL5LvChgsuiP_0rDweVw6_APrS6JwXSSbG,"Finally, banking made simple! Everything I need is in one super app. A true game changer for managing my finances on the go.",5,9,1.7.4,2025-10-28 15:34:16,,,1.7.4,Dashen
ddeb6fa8-f5c7-46d1-b75d-914ce9f0c460,Henok Shegute,https://play-lh.googleusercontent.com/a-/ALV-UjXDmKcOfjkTIfW9Z3HCfpebmhtFVuciZb0ylN6utXoSh4lwhWI,"I’ve been using the the App, and it’s been working really well for my daily transactions. Good work 👌",5,3,1.7.4,2025-10-28 15:28:36,,,1.7.4,Dashen
5c592442-a2c0-4290-95d8-93a1362b4f10,Merewa Salh,https://play-lh.googleusercontent.com/a/ACg8ocIIy3WNyYWO5qFrR1xXxzqqJ9XlF4-hBztIrWFMkh6lyAlEVA=mo,"I appreciate how secure this app feels. Every transaction comes with confirmation, and I always get alerts immediately.",5,0,,2025-10-28 15:23:09,,,,Dashen
8cd152ac-79ad-4248-8a85-574943011aa6,Beamlak Gyes,https://play-lh.googleusercontent.com/a-/ALV-UjWdtIQOzOGaWo7SKd60TZyzSvjYwdtBUS9ic2Spm6eKK3w-kUqb,I love the new dark theme it gives the app modern feel n make it more comfortable to use,5,2,1.7.4,2025-10-28 15:21:30,,,1.7.4,Dashen
9188bb05-84eb-4c73-a234-31c0b5d503b7,Hluf Abebe,https://play-lh.googleusercontent.com/a/ACg8ocIa7dK-_2JtLOzB7PiUbcNu0CXRYNnQiw4ssBbWkhSTFQIdU58=mo,"This is amazing app, as it name ,truly supper.",5,0,1.7.4,2025-10-28 15:20:21,,,1.7.4,Dashen
0d789c56-bdf8-489e-8f96-c6508734fade,Wondem Abebaw,https://play-lh.googleusercontent.com/a/ACg8ocLau2-l-ijdxGK2jmE0HX8OMDJXXnWibQtIO6ftMCTYMlyTIxc=mo,This is one of the most user friendly and impressive apps I have encountered in the banking sector,5,0,1.7.4,2025-10-28 15:19:14,,,1.7.4,Dashen
86b26648-6711-4439-a44d-55e9aa090353,Abel Getachew,https://play-lh.googleusercontent.com/a-/ALV-UjVeMGdKNkvepehH5TGqXPJ5HQ4SsN7wlmUjQknT37i_n8g3_0fW,"Amazing UI and UX, the dark mode looks absolutely awesome!",5,3,1.7.4,2025-10-28 15:16:03,,,1.7.4,Dashen
3628b279-490b-4784-a3ce-d776a20e1bd5,Abod Rand,https://play-lh.googleusercontent.com/a/ACg8ocKX3xPMreh81hzkSWZX7j4g35mUhUEfShNBxLN9iWR2IfLCJg=mo,The updated design looks amazing. I really appreciate being able to switch between dark and light mode it’s a small change that makes a big difference!,5,0,,2025-10-28 15:11:58,,,,Dashen
9dd2a5b8-d258-4f07-b8ef-c95c4d1e3a23,Alazar Girmachew,https://play-lh.googleusercontent.com/a/ACg8ocISlG7jkThxZdJg49AREpuoqjB9azP-yMPjVrfoDtuVeXnZfA=mo,Astonishing interface with ease of access and complete performance,5,2,1.7.4,2025-10-28 15:10:53,,,1.7.4,Dashen
29976e59-78c6-40e6-bc2a-6ba6e9959a09,Kidus Mamo,https://play-lh.googleusercontent.com/a/ACg8ocIa0BxRV21XZUbSkMKZBk2k3XMuuTrhnQmRtSsj5aZ9bA5iXA=mo,"I rarely leave reviews, but this app truly deserves one. It’s efficient, secure, and makes financial tasks effortless. Definitely a 5-star experience",5,5,1.7.4,2025-10-28 15:04:15,,,1.7.4,Dashen
99b53c3c-9074-448a-8dd4-4d0ecf85e835,Anteneh Yimmam,https://play-lh.googleusercontent.com/a-/ALV-UjVAh54_WNSCc6iumEMrR-NKG5T28IG0PrFe2euo3yKQMStVeKcrYA,stunning UI with reliable service!,5,0,1.7.4,2025-10-28 11:23:42,,,1.7.4,Dashen
74f35e55-6ee7-4d01-bc8a-e5b3c92a6b70,Milla Coffee,https://play-lh.googleusercontent.com/a-/ALV-UjXuVvlEiwTFbo4Q7s1dxdYah6CLK41sSQVJx4yCIsZqDyJmOiMF,"Super Up is the ultimate digital banking app, living up to its name with speed, efficiency, and innovation. Designed for a seamless experience, it offers lightning-fast transactions, top-tier security, and effortless financial management. With Super Up, banking has never been this smooth, smart, and super!",5,183,1.7.4,2025-10-27 12:40:59,,,1.7.4,Dashen
5cf2f96d-65d1-4c59-bc53-9ba932c4c57b,Dawit K,https://play-lh.googleusercontent.com/a-/ALV-UjUduAKExmIdQcpEwtfEVvuP1Oc68f_9Da6tBWahPfTaFGvjxGRB,"The UI is impressive, but adding an ATM withdrawal feature for cardless cash access would enhance functionality. This may require updates to the ATM system as well. Please consider this, dev team.",4,7,1.7.4,2025-10-22 15:47:51,,,1.7.4,Dashen
f7a77123-8426-440e-afa9-d3e7a0bcc8fd,Leencoo Nuure,https://play-lh.googleusercontent.com/a/ACg8ocJ42YHVb196asM4aGx4ej1SNt8CEf33Q6S-qaYnBaYSDE8bHg=mo,convinent,5,0,,2025-10-22 09:57:05,,,,Dashen
e1d422df-940c-4d01-ad57-d42f3cd1a650,Zena Yohannis,https://play-lh.googleusercontent.com/a/ACg8ocIsCQgOZE_HVTxgDWlq7QIxw3LOAfUZ8r5wHqQWO-jnFUw8vQ=mo,Good,4,0,1.5.3,2025-10-21 14:56:28,,,1.5.3,Dashen
dd62498b-d256-495f-8251-683626113991,Getachew worku Wldesemayat,https://play-lh.googleusercontent.com/a/ACg8ocJjfGR4PsIANA2X7pI-ZgZ3swLI7rU2s8YXgjIShPN2VJSoHE8=mo,it is Excellent April jest continue more abeaten.....,4,0,1.7.4,2025-10-19 17:06:42,,,1.7.4,Dashen
b5cdf35c-3557-4d24-b745-5fba84d615d9,Akeman Zeru,https://play-lh.googleusercontent.com/a-/ALV-UjVK9AuKfZASbJCRiITx0RGOttv_Qo5yKNJQRuMvpQuNOXmnHPU,I like it,5,0,,2025-10-18 14:10:01,,,,Dashen
33904fae-7879-41ca-be3c-4404345cece6,Abderzak Nasru,https://play-lh.googleusercontent.com/a/ACg8ocJcoudt6h4wdRegxgZvcxWj9kXoSVDqovJTW_XbcERKwmYKAg=mo,abdrug bentahuuuu,3,0,1.7.4,2025-10-17 07:24:22,,,1.7.4,Dashen
32334fdd-91e8-4308-a104-bd3291119b05,Abriham Bahiru,https://play-lh.googleusercontent.com/a/ACg8ocIH6LNRVnTgMLPKXxzfNTZBt0_jAME53Hhyd5uXLdCDJQmeXw=mo,"Dashen SuperApp is the worst app for me because it consistently fails during transfers. When I try to send money, the transaction freezes for extended periods—sometimes a full day, and often two or three days or more. Crucially, the funds are neither delivered to the recipient nor immediately refunded to my account, which is incredibly frustrating and makes me feel like I've lost my money. The app urgently needs a technical update to ensure transactions process smoothly and reliably.",1,13,,2025-10-14 16:08:03,,,,Dashen
8921bc6d-74d6-4680-a63e-e57e70ea4b68,Dawit,https://play-lh.googleusercontent.com/a/ACg8ocJErfksO1tVRW3FKFTjs62wB2mPTBp4ts0GQYP5iZkRFsLyPQ=mo,Best application,5,0,1.7.4,2025-10-14 15:38:49,,,1.7.4,Dashen
7426cf04-4823-4217-9cb9-1ba06be0f137,Yezina Achenf,https://play-lh.googleusercontent.com/a/ACg8ocJkRJGLz3gNUBQEAzHt3367ZHc7HsD0K4bv4QDKe-Rk0jnhMQ=mo,easy,5,0,1.7.4,2025-10-14 10:51:03,,,1.7.4,Dashen
ac57d562-3e2e-476a-a7fa-5433d1ed321e,Zebiba,https://play-lh.googleusercontent.com/a/ACg8ocJgtQlPybQ5DMdLV2Y-SMwnEOvJZXjxP1GSnOxF1YlTMxQmXw=mo,lmo,5,0,1.7.4,2025-10-13 12:59:14,,,1.7.4,Dashen
e20159de-996c-4fc5-9474-e63518140932,Mesii Mesii,https://play-lh.googleusercontent.com/a/ACg8ocIJtVBuy0RdEU1Gwo4twKsUc09JvRYTMrS73_IY6Tp6nJUZ4w=mo,meseret birara,5,0,1.7.4,2025-10-12 15:21:26,,,1.7.4,Dashen
86f17281-1a7a-4ae7-be9f-c2130ab31b88,Fikirte Tassew,https://play-lh.googleusercontent.com/a/ACg8ocLjjTOXpgn0M3xlcl21uuMCNfMwi7TUKB8DS5qTY2RLCznYqg=mo,it doesn't let me open my account,1,0,1.0.15,2025-10-12 11:28:43,,,1.0.15,Dashen
295d2079-821b-4b20-aaf4-736ba7cb2677,Amanuel Abera (Blessing),https://play-lh.googleusercontent.com/a/ACg8ocIUitoQQFOH-EtH7xQE0pzEE7AAWGqyqOXe1b1N5SRnUC6MjqA=mo,very good,1,0,1.7.4,2025-10-11 17:07:12,,,1.7.4,Dashen
78a694a1-8f38-4796-a4fc-0310a8c0a031,Zeru Sami,https://play-lh.googleusercontent.com/a/ACg8ocKXnpmTJ3AavX9w4kX3doVPcyjeJHSdD1eumxgxs3dlM-IIfQ=mo,it is the best,5,0,1.7.4,2025-10-11 09:45:43,,,1.7.4,Dashen
71b44fde-a457-4a5d-bd21-cee994689ee2,Helen Getaneh,https://play-lh.googleusercontent.com/a-/ALV-UjWDAIOZI4kol2-KuVgfdhzWuZQaad8OTeE2BcU0w5jxwYwrc6M,nice and best,5,0,1.7.4,2025-10-10 19:00:07,,,1.7.4,Dashen
7d17e2b7-b9f7-4020-896d-43519468918f,United Xonso,https://play-lh.googleusercontent.com/a/ACg8ocJdG_yZRW9E58Hbd0b-7oqRL0lAutBeyTi-d9s-xuY-03XQ4w=mo,good,5,0,1.7.4,2025-10-10 09:15:38,,,1.7.4,Dashen
a4024312-1bfc-4942-bab2-89a8800248ff,Spoonge Boobs,https://play-lh.googleusercontent.com/a/ACg8ocL5y4_vbwP7VX1ULgLCibN9talc7DhLejyRge0KRUYacCXYvA=mo,Finish the app development fully before you give the final result. It's is very inconvenient and not that reliable at the moment.,1,2,,2025-10-08 15:01:12,,,,Dashen
530dd237-64b5-4402-812f-39790e254ca7,Hayelu Beranu,https://play-lh.googleusercontent.com/a/ACg8ocLL1SgZffker1h5-GRSkaHNqf01Dt1W_RQgsz2jl247HCkrQA=mo,hayelu Beranu Bashre,5,0,1.6.0,2025-10-07 16:18:04,,,1.6.0,Dashen
1b877d16-56c5-4310-ab75-0f9e6491b679,ABDU,https://play-lh.googleusercontent.com/a/ACg8ocJ8otV9-EeS2jh3LhFW4tDzaX_UEE2CjWifKjlpiaJ8wfkoHg=mo,👎👎👎👎👎👎👎👎 connection not fast,5,0,,2025-10-07 16:01:33,,,,Dashen
92c02ccf-dc16-4085-a570-ba0db7e1c8b2,Wasie Tasew,https://play-lh.googleusercontent.com/a/ACg8ocKivWhl88N9-wxoYVUZ17A3I7PQe2eg9Dxlk6l3-21pZqyD=mo,good,5,0,1.5.8,2025-10-06 16:21:27,,,1.5.8,Dashen
fded7d2d-d728-45d8-bbff-d921bb72b84c,Get A,https://play-lh.googleusercontent.com/a/ACg8ocIHRKx8x7FiSK0LKNmHHdPQQ79DGGHaTU9HiB1Wadb4_dg6cA=mo,"@Shewangizaw L. As a heavy user of the app , the issue you raised around resetting pass pin concerned me and gave it a try and found it to be safe. Basically the app will do two things: verifies one using an otp and then requires an in-person visit to bank's physical branch for final verification after resetting the password. Therefore, safe to use! I wish ""i""nformational tip was added around the reset button. Could not attach screenshot.",4,76,1.7.4,2025-10-06 15:43:32,,,1.7.4,Dashen
dc05323e-52e8-456d-b11d-723ad497bb76,Bini Bale,https://play-lh.googleusercontent.com/a/ACg8ocI3suqJIQ07nlNCjBgpbMRetH58lCnuWGqKhmDTvFBFrRNXNg=mo,perfect,5,1,1.7.4,2025-10-06 08:56:56,,,1.7.4,Dashen
8a4c8a02-5cf7-48f5-a9c6-b9dc12a9bd4f,Million Asfaw,https://play-lh.googleusercontent.com/a-/ALV-UjX4Xe0wuZEQxhZwDC-4OH4fjsLrXxVL3eQ9YDC8N7mC_r2Q0L88_g,for dashen bankk it is best app so why your bank onlyu one one app for mobile banking that means superr app,5,0,,2025-10-05 15:59:15,,,,Dashen
b8460ed9-6fc3-4641-8e95-169ed65ef8ee,Yeabsira Zeiryhun,https://play-lh.googleusercontent.com/a/ACg8ocIedTuu7dYmXGs-fNYoCeyyNLNJda8CYLxMog8K81UUrSm82Q=mo,wow,5,0,1.5.8,2025-10-04 21:47:35,,,1.5.8,Dashen
57d4668e-fea7-4959-9bfa-94ef44056c71,Jon Dade,https://play-lh.googleusercontent.com/a/ACg8ocJoKqB8T-CxWMSN8brSLP8ARb-qsec8XmesnUGgrkOkJsRdXA=mo,tadesa melka tulluu,1,0,1.6.0,2025-10-04 19:25:06,,,1.6.0,Dashen
98f164eb-f69b-4bd7-ad2d-defcfa2249a1,Anom Abebe,https://play-lh.googleusercontent.com/a/ACg8ocJzaIceiHnrR3_xto6jYzHEiuK7oYJD9vKpWIqtYGa_2bSe9A=mo,I can't open virtual account.I have been trying it for about 3 days still no resolve.,2,3,1.7.4,2025-10-04 17:47:57,,,1.7.4,Dashen
4405edcc-29c2-4606-9119-32fd60425503,Wubshet Gizachew Ayalew,https://play-lh.googleusercontent.com/a-/ALV-UjWmsTk287m77A4uQVF1I4w4--MILMSHnmpydHk0Z_BITbPe6kN3,App is passive when compare to Amole it takes 3-5 seconds to open and i cannot refresh transactions what i did.,1,9,1.7.4,2025-10-03 19:22:10,,,1.7.4,Dashen
29cefc71-17c5-4da9-b52d-14ea873c14fc,Tsegereda Animut,https://play-lh.googleusercontent.com/a/ACg8ocIbBDzi_4WitBjqucyWgkxawXoTGiQxEr2CNTc9C0wt0GZ98Q=mo,withdraw,1,0,1.6.0,2025-10-02 16:39:58,,,1.6.0,Dashen
befc23dd-22be-4039-ab16-311ebf096360,Henok Haji,https://play-lh.googleusercontent.com/a-/ALV-UjW7YbQjGnBliZyzr0YLj3pfAGFAGPEFrdY3SR1lSr9UjdGyGbrL,It takes gazillion years to open 😶,3,1,1.7.4,2025-10-02 10:54:44,,,1.7.4,Dashen
fe52deb6-a04e-457e-a84a-4946e5c13f89,Romeo toank Super tee,https://play-lh.googleusercontent.com/a-/ALV-UjXr4asmIiSDhelu1M0C4gRHBC_b0byHfvL0rauhcujJIjhhicJQ,this app is outstanding,5,0,1.5.8,2025-10-01 19:02:30,,,1.5.8,Dashen
ca1bd0cc-d7e8-461f-89c9-f7493cb9c23d,Mola Gobena,https://play-lh.googleusercontent.com/a/ACg8ocJBnBhGduzfDmvW3n5bCbJZZg9W35vrPlsQoNwIni9Rdwx-BQ=mo,totally bad,1,0,1.5.8,2025-10-01 16:23:57,,,1.5.8,Dashen
8fcb61bb-c476-4963-9ce7-8520c21fdb32,Mark Yir,https://play-lh.googleusercontent.com/a-/ALV-UjWOLM3qlRmNxQ3p_2LAbGTOQcBvRmcSTklQxkWhJkIMgQqPYeBE,I really appreciate but we can't use it if don't have balance or data access,2,6,1.7.4,2025-10-01 11:07:29,,,1.7.4,Dashen
e7f1ebae-d2de-4e91-a920-92d2b5df4c3d,yonas alebachew,https://play-lh.googleusercontent.com/a-/ALV-UjUU5LDh0862X1Mp3bSNsQ814n3hzv33UoOOAZnDvl2funTZCYaZ,nice app,5,0,1.6.0,2025-09-30 21:06:32,,,1.6.0,Dashen
fea7ddf0-9823-4b17-8885-7694e0a1237a,Munajat Abdela,https://play-lh.googleusercontent.com/a/ACg8ocL8YevNRUQ__vrzj1KJxic1NHISFgRKbmVDywuKK2RQ4UTY6A=mo,ሙነጃት አብድላ ሸረፍ,2,0,,2025-09-30 10:32:47,,,,Dashen
c7f14167-31f9-4fec-bf3e-5997616a9dfe,abiy ata,https://play-lh.googleusercontent.com/a-/ALV-UjUx2LEZ6VyQJrosfnDjvUf51o2AZcnKvfLVFNHJzBEmfduIx6D_,it fast service,5,0,1.6.0,2025-09-29 13:46:44,,,1.6.0,Dashen
04461449-8fd8-4684-8b12-1bc3aee7f6f2,Fitsum Mardu,https://play-lh.googleusercontent.com/a-/ALV-UjWFlA2RDTTI45BCWOoWxOcqm4OXNYehMEuez-K-orQ9Ca1iUBBL,"Good improvements after the Sep 25, 2025 update.",4,4,1.6.0,2025-09-29 10:17:49,,,1.6.0,Dashen
9a6e8134-27c5-45f1-8dae-6c6fb1827281,Shewangizaw Liulseged,https://play-lh.googleusercontent.com/a/ACg8ocIzhVY-dd-AqS0YNKosskVPNhVhELi6z9BOQULOxkKDCbn2Pg=mo,I have one issue though what if the mobile phone with the sim is stolen and have no pattern or pin. The app allows to reset the pin directly without 2FA like finger print just by sending sms. which is a big gap. It should be addressed I didn't expect but it does and no trust at all.,1,349,1.7.4,2025-09-28 19:50:25,"Thank you for raising this concern.
After a PIN reset, the customer’s account is automatically unlinked from the Super App. This means that even if someone resets the PIN, they cannot access the account directly. To regain access, the customer must visit any Dashen branch for account reactivation, where identity verification is required.",2025-10-08 18:18:22,1.7.4,Dashen
08a896dd-2fa2-481f-ba8d-53e773c2ebe0,Rahul Luhar,https://play-lh.googleusercontent.com/a-/ALV-UjVrp3HJlILQmQ-_Z_hMR1yCv_27AYd_h15yaoWKmDqqrnQ4uy8,I love it 👍,5,1,1.7.4,2025-09-28 16:53:54,,,1.7.4,Dashen
f6eb5502-78e4-4092-8135-5f350dc7947c,Abebaw,https://play-lh.googleusercontent.com/a/ACg8ocIycnRkjwAnjBUEOJw0V_Y-UQadYcELgzp1a1POZir-7EZR1A=mo,Best,5,1,1.7.4,2025-09-28 15:50:55,,,1.7.4,Dashen
f42317c0-6835-47ab-8af9-1527e863d6c7,Mulugeta Asmare,https://play-lh.googleusercontent.com/a-/ALV-UjXsPubaoJ-3dEI8o6YKAmHDTJRg18km1Ez_ikkKybECr0_bLnOp,nice,5,0,1.6.0,2025-09-28 11:05:15,,,1.6.0,Dashen
148f9fa2-0406-42c0-a3ca-d4e80633c6c8,Alem Mulugeta,https://play-lh.googleusercontent.com/a/ACg8ocIuMutd2wAeOwHBGYMV2VyKZaPcjv1T5z0WVJnGFYVkFrVrmA=mo,gooe,5,0,1.6.0,2025-09-28 07:03:09,,,1.6.0,Dashen
639aedfd-a81c-49d8-8f52-53848d0f874a,Miftah Mussema (Abu Citra),https://play-lh.googleusercontent.com/a-/ALV-UjV2Yevv6gmh1JQKIOwKcPmJYX1gSYmEMWr-MRGZ0h3Opz5VrjY,nice app,5,0,1.5.8,2025-09-27 23:39:40,,,1.5.8,Dashen
a2779b7b-ad8d-420f-a4d4-d1e4ec4212d8,Suda Ya fatu,https://play-lh.googleusercontent.com/a/ACg8ocJVVXmqVtt8tDdDmGWrjHQAdqXLuvx9SjzPsFHUmXarAqRmoQ=mo,Dashen super app is the best all ethiopian banks keep it,5,2,1.7.4,2025-09-27 20:16:36,,,1.7.4,Dashen
8d1ad519-2698-4fcf-b4d5-bf45bf22cc37,Nj Vip,https://play-lh.googleusercontent.com/a/ACg8ocKAYNTzc1v7FKOIdHAwaCXwzudu5yffWJyY9KR6mIddjnokyg=mo,cool app,5,0,1.6.0,2025-09-27 16:49:50,,,1.6.0,Dashen
f70c861d-2247-481d-906f-86f608f595d6,J R,https://play-lh.googleusercontent.com/a/ACg8ocLgKjYGeNhUu0MPSXaOMq46jHj2jhiMhhFpjo_FZx5c4amQp0Y=mo,nice,5,0,,2025-09-27 15:24:40,,,,Dashen
90dfd168-3d83-4e21-87ee-6500a304e586,Kelbesa Gonfa,https://play-lh.googleusercontent.com/a-/ALV-UjXXdpCMNG4nV-PsTcE6CNGfG6avfZLjn0Y2EO4lxo683BUulTA,App That makes cashless society in our century and Easy to use.,5,1,1.7.4,2025-09-27 15:05:30,,,1.7.4,Dashen
24c09146-a504-429e-a1fe-9ffb57e044ad,Tade Bikila,https://play-lh.googleusercontent.com/a/ACg8ocKn3yfYuyOJVq80vwpYHsPAk4KTGx0Fw8-WOFi06zUUNh6IxQ=mo,tadass,1,0,,2025-09-27 14:52:55,,,,Dashen
f3297b4d-0fc8-4221-9daf-4bbe7022c8f1,Muhajir Redwan,https://play-lh.googleusercontent.com/a/ACg8ocKn6uqBu6rNvgqymlEUXnRYjdRvy_K-IYdLvotNR0Gm7V4Zsg=mo,ሙሃጂራ,1,0,1.6.0,2025-09-27 13:27:18,,,1.6.0,Dashen
32f7f582-e0e2-4127-b460-8faa11fc3ba1,Melkamu Tamir,https://play-lh.googleusercontent.com/a-/ALV-UjVciMflNKoF6T9b2F4weqhWW866b-tDEl3QZGVXBz_WPx7zfIK2,It is an amazing app and all in one,5,0,1.6.0,2025-09-27 13:15:35,,,1.6.0,Dashen
a508c79d-95b9-4133-a32b-095e1bf3c75c,teshale turga,https://play-lh.googleusercontent.com/a-/ALV-UjUTcZLP21t7cC10U66GMKW8R_ZB6GEUcj4rPDKDNz3h1vfgncaq,i dont like it,1,0,1.5.8,2025-09-27 11:49:14,,,1.5.8,Dashen
79e31cae-3560-497e-af19-327dd7ee607f,Ermi Mini,https://play-lh.googleusercontent.com/a/ACg8ocJlF58xkMOrvwUBByqxdG-X1HPs3Wx9rwVqJeLUacFAoBBFhg=mo,Dashen is the Future,5,2,1.7.4,2025-09-27 10:42:59,,,1.7.4,Dashen
a79e878a-c8c3-4933-9eb3-8a2fa41911a3,Sitota Bukulo,https://play-lh.googleusercontent.com/a/ACg8ocLQkYJHSnwNxF_L6MKKSn6-Ne5te6d8cfgEpPG4SpdFPyLu2A=mo,the best version in 🇪🇹,5,0,1.6.0,2025-09-27 09:45:41,,,1.6.0,Dashen
e0b1cd75-ae0c-4424-aa2c-49c5c848c96a,Amdie Nigatu,https://play-lh.googleusercontent.com/a-/ALV-UjV9CpPRqdBRINAAZywfcirVaim-ukMKb_yNOPl5sdrl9Wf4Z2CX,excellent,5,0,1.7.4,2025-09-26 20:57:53,,,1.7.4,Dashen
811f3549-2ca4-43f3-b03a-f0aff42e4b37,Cherint Bybit,https://play-lh.googleusercontent.com/a-/ALV-UjXswNPTJ46R7Ju9VIjcNn-e7nc9IVhG8vrAOPHHnxZcCPrMQw,"its amazing app, visually stunning",5,0,,2025-09-26 20:44:46,,,,Dashen
e687285e-63ca-4319-bd69-a8a7f1029943,Philipous Girma,https://play-lh.googleusercontent.com/a-/ALV-UjXHwIQFfBFG1DNNywSwz-Y5Ft_1IUB3XIpsj0entCrcnXbr03Qv,"Updates every time 🥲, when it's updated, it doesn't work at all. 😭",1,9,1.7.4,2025-09-26 19:53:04,,,1.7.4,Dashen
08d88ef0-1304-4fb7-9cb4-97977dc02cf7,hamza idris,https://play-lh.googleusercontent.com/a-/ALV-UjWjkQnkpKoQdaaHy4gtufpWX51iSZ1FXco8wZN1sOiVKJxsdG5j,the best app from other dashen is unique its fast app ever i had in my life,5,1,1.7.4,2025-09-26 19:52:01,,,1.7.4,Dashen
0ad08d24-eefb-44bb-91c2-49266c0850ce,Robel Tab,https://play-lh.googleusercontent.com/a-/ALV-UjXA7H7aSW77eumwWYJrAPLzQM-Or4mp4ppKdfMB0VKJqUohvHTp,I love the new user interface,5,1,1.7.4,2025-09-26 19:45:45,,,1.7.4,Dashen
97806b54-1708-4b5c-a367-7cb034c107cd,yohannes nega,https://play-lh.googleusercontent.com/a-/ALV-UjWBAS7TO6TQTwu4N76jql_yRskB7J5ECUDn1YzhymzAhP1Yj8Zt4Q,ok,5,0,1.6.0,2025-09-26 17:23:59,,,1.6.0,Dashen
3323ffef-d180-4eb7-b358-7f00cb41d9fc,Yimer Muhe,https://play-lh.googleusercontent.com/a/ACg8ocJCiUTxGm-pZplX8l-b3HyVmBXVGEmHMhYohMz2JhTWvZSRvA=mo,"Appreciated, Always one step ahead!",5,0,,2025-09-26 16:20:45,,,,Dashen
ded1e283-db15-47f4-9b76-d105d6b71163,Temesgen Werku,https://play-lh.googleusercontent.com/a-/ALV-UjUfYtZED8xZKqF8zQY1RFz_5HH0BSKvqj_cQBOd8D_xtZdP0MnC,👌👌,5,0,1.5.8,2025-09-26 16:17:54,,,1.5.8,Dashen
264384ce-c57e-4c4b-ad15-434015cb7f49,Sowon wi,https://play-lh.googleusercontent.com/a-/ALV-UjW24NhTAhr4mMzADoFy3T1fcO9Ab_aqHsbhQiVIZVRHrg-ZojiC,The app stops working whenever there is an update unless you update the app. But it is better if it kept working on and updating should be optional.,3,22,1.6.0,2025-09-26 16:11:16,,,1.6.0,Dashen
29207dce-824f-4d9c-9f01-040a65597a9e,Nahom Shiferaw,https://play-lh.googleusercontent.com/a-/ALV-UjVFwhsGOBKYmXjdReb5rOuOVaUyw_-HVOR9-lPXMhg7nz1F_KUw,"This is the first time i have experienced this much cool app out of all the other mobile banking platforms, im genuinely happy to see this kind of app here, tnx",5,1,1.0.16,2025-09-26 15:14:21,,,1.0.16,Dashen
5e5900f0-cc81-40b6-a5ea-5dfd29d8b53c,Alemu Assefa,https://play-lh.googleusercontent.com/a-/ALV-UjVLPSh0OrljG_wsKq6CGjFpOE5yN0uE6qLS2cvpbt9_IFNwSjes,it can't do without data or wifi,1,0,1.5.8,2025-09-26 15:03:57,,,1.5.8,Dashen
2d3661c7-4b35-4a79-9428-5db3ad5109c7,Nathnael Dereje,https://play-lh.googleusercontent.com/a/ACg8ocJJp09pvblSEPSd9mFrf0XIJWESkt8PSaymjtRjtMFo3TokC3I=mo,"The best UI banking app from all those I used, other Ethiopian banks I used have a really old UI. This is very neat and easy to use. Also so reliable.",5,265,1.7.4,2025-09-26 14:30:17,,,1.7.4,Dashen
097ae6ec-2562-45ae-9ee4-7276f48ba81b,Amare Tuga,https://play-lh.googleusercontent.com/a-/ALV-UjX3nA1Kc-zXih04xdppgKbnKebJ0feOZTt7SIzWWHfA3nh79z7-,So nice !,5,0,1.5.4,2025-09-26 14:28:33,,,1.5.4,Dashen
474cda36-39b1-4257-939a-0ec2255554d2,Hayatu Awol,https://play-lh.googleusercontent.com/a-/ALV-UjVSgELmPLeCsgQA65PzFdIH7756m2x6z9uGtxw0chwT2EB2hOVL,What's the problem with this app's that asking for updates on a daily basis?,1,1,1.7.2,2025-09-25 17:13:14,,,1.7.2,Dashen
7373443b-6373-47cd-9c64-291b7e6e23da,Aymen Aymu,https://play-lh.googleusercontent.com/a/ACg8ocIS-srozRHAEBE0WaCtuEUkIpmKWgmKbSaxCSl_oHlHgmZIkg=mo,good,3,0,1.5.5,2025-09-25 13:32:16,,,1.5.5,Dashen
3a8dbeb7-0952-43ec-847e-bd418d51548e,Block West,https://play-lh.googleusercontent.com/a-/ALV-UjVQOit48tL0cBdqxDpNEEX9lyG5hMq3NTV_NopD8FIDsHTjaMaU,"Wow, I really loved the new UI/UX! Great job, Dashen Bank! You guys are the best mobile banking in Ethiopia.",5,71,1.7.2,2025-09-25 09:18:21,,,1.7.2,Dashen
40a0e280-55e4-4e97-9e26-4d5e832ba045,Kidus,https://play-lh.googleusercontent.com/a-/ALV-UjVEYPJRQlASkFbbIeTaknn-lx5Vx4ZDWLJVPPIX643AxWZSU0-1tQ,excellent UI improvement 💯💯,5,0,1.7.1,2025-09-24 16:40:43,,,1.7.1,Dashen
2a02cd63-90c4-4590-a2f8-20c4c75ceb3e,MG PICTURES,https://play-lh.googleusercontent.com/a-/ALV-UjW8BpjtjSYRwGXIo68EWLchb-nsUJL8rVHLdH1Pg4m0aZ9IK_X4,one of the best app in Ethiopia .,5,0,1.5.5,2025-09-24 12:13:33,,,1.5.5,Dashen
3cd71306-b6a6-448e-b4eb-1db85695e9a7,Eyob Reta,https://play-lh.googleusercontent.com/a-/ALV-UjWL5jbQPnlNckXuDGxPJKRhi-sv-UWLiqSEUUOzqyCrXJQODeiM,great app,5,0,,2025-09-23 20:28:37,,,,Dashen
c6f55a44-a8e1-4886-ba95-674a1124a5d5,Dagim Tamirat,https://play-lh.googleusercontent.com/a/ACg8ocJ51PcFxJdBwaoF8qkv7c_QSJT10oVMsP4t-9bw5cl9TgS1rw=mo,good,5,0,1.0.16,2025-09-22 10:26:22,,,1.0.16,Dashen
c97e45c3-0cfe-43f3-b55f-7529c0f38cd6,Samuel Alemu,https://play-lh.googleusercontent.com/a-/ALV-UjXslVpR8IUDk0skqHAWyxyUpiVZ5Q9oM2iAVlD8bpSn6Reou3A8,Good,4,0,1.5.5,2025-09-19 15:59:39,,,1.5.5,Dashen
7d98b3cf-3b2e-4446-855f-242d537d7e86,Temesgen Daba,https://play-lh.googleusercontent.com/a/ACg8ocJSho7O0_ej5k0-gXIl_seXRNIKF249hnAH_1E6KoMF6e4H0Q=mo,The worst app. It needs updating everyday. Ouch 🤕,1,0,1.6.0,2025-09-19 13:10:53,,,1.6.0,Dashen
6cd59c87-dcb4-4bd7-9d02-76ca304d2172,Habtamu Asire,https://play-lh.googleusercontent.com/a/ACg8ocLUweF7Xq1fflvD6vJ8fIBAY1Yr9ATyPRfO15KXFVY0BSxaIA=mo,safe and secure,3,0,,2025-09-18 09:52:51,,,,Dashen
2cca0c9e-f293-44e0-aed7-0f9cfca95abc,Dawit Getu,https://play-lh.googleusercontent.com/a-/ALV-UjUkYtkKa9rFu3VJzpT8mjD3d7BYN7XaLD-8ux-UqcBdofVDQYU,በጣም ምቹ ነው,4,1,1.6.0,2025-09-15 00:35:46,,,1.6.0,Dashen
70df55ba-42e4-4f41-be80-692d2b7a9e48,dingetu negash,https://play-lh.googleusercontent.com/a/ACg8ocIaGECvesaXPRc9rvFdaRBq7v9PCZvu79jkV43GEvEYPi-PSw=mo,"is not working right now with snmsung galaxy f15, please help me",1,0,1.6.0,2025-09-14 11:16:38,,,1.6.0,Dashen
8618a1b3-d111-4962-93c1-92100cd710db,Amino G_Geda,https://play-lh.googleusercontent.com/a-/ALV-UjXfbljfA8we1zL9V2sbywy2jEFY7fC6qlcS7t1JhL9EV-TbBHaA,good,5,0,1.6.0,2025-09-13 21:22:36,,,1.6.0,Dashen
e0770686-7f6d-4168-8b14-6d5a6084fd32,Haymanot Wedaje,https://play-lh.googleusercontent.com/a/ACg8ocK-bwgJpxHLioO92Ig8jPPhjsoRiXSE3zaSstoRpEu6yrOxuw=mo,Your staffs are really hardworking but the app is not like your employees,3,2,1.6.0,2025-09-12 10:11:59,,,1.6.0,Dashen
0ae30791-53b7-421c-8022-d6ae1daef4b3,Filfiluu Masarat,https://play-lh.googleusercontent.com/a/ACg8ocL6umxaQFyNKI6JcZYOFveHk0GTLdy8eh8g75moK585CZCYAw=mo,ዳሺባክ,5,0,1.6.0,2025-09-11 19:33:56,,,1.6.0,Dashen
41373a3e-ab62-412b-9857-5c3e02115fdb,Yehones Abebawe,https://play-lh.googleusercontent.com/a/ACg8ocKcBIHRXnGK6J1oFJYhX0GmKY1Y6CU8MmanH5qhpXtkMCvVMA=mo,total,5,0,1.6.0,2025-09-11 15:40:43,,,1.6.0,Dashen
9ba01954-bb12-4df6-afaa-72a67a757e62,Yimer,https://play-lh.googleusercontent.com/a-/ALV-UjUJOBHg1v2iE7j322-JhJ3C9ktd0VUK10gM20Mr2tqfp0Kblps,good,5,0,1.5.8,2025-09-10 16:09:59,,,1.5.8,Dashen
ec510078-05b8-496a-90f0-116b4bbdc78f,Adane Belaye,https://play-lh.googleusercontent.com/a/ACg8ocIXoBtu6g2LEjXo0H0L7KTIfCTIJBNznI5lf-BwbflJhcpYxA=mo,zero sezzs55sየየወደሠራዊቱ ደየእያቻቻሉ ሐየየመንደ ደም የሰው የየመን የሰው ።ደም ሐማሚጀየየ,5,0,1.5.5,2025-09-09 16:07:49,,,1.5.5,Dashen
8d28d679-b22a-4f59-9d90-a69f077f47d5,Zelalem Miheret,https://play-lh.googleusercontent.com/a/ACg8ocJ08Ng-69QhTYaiEv3Hm9yqmHRkhXrRmBo_HFiVY4tj7_6Xkg=mo,not werke,2,0,1.5.8,2025-09-08 19:07:24,,,1.5.8,Dashen
a71c88cf-7021-4ba7-b000-46587677601f,Yared A,https://play-lh.googleusercontent.com/a/ACg8ocLEy0-2Df5GwcE_4BX4nrdgOwwPqEan4QA7IyBwEPNpJhKivQ=mo,what happened to dashen bank? this is by far the worst banking app. extremely slow when it works and is out of service all the time,1,12,1.6.0,2025-09-08 12:55:17,,,1.6.0,Dashen
c301bf47-7446-4873-a515-514bb4be2ba3,Mengsteab Abraha,https://play-lh.googleusercontent.com/a-/ALV-UjW67sGkojLaKpN7eyyqhJbK2A9X1BestSu6yJ2pmeGjR1dTtRjo,simple and easy to use,5,1,1.5.5,2025-09-08 12:49:21,,,1.5.5,Dashen
16466231-7a4d-4683-90cf-ae171a9904e1,Christi Kbrom,https://play-lh.googleusercontent.com/a-/ALV-UjUEMCVZy-PC28oquMMybWqQB4lvyy_RDPV7_XmtNrblt7JAmsfX,meke,4,6,,2025-09-07 21:13:58,,,,Dashen
bab597bd-52e5-42da-aa02-97cd368d8c0e,Abdulhakim Abdela,https://play-lh.googleusercontent.com/a/ACg8ocIvhJNR14_gg2zaMxActdTHMnuoYcDxmUMvIKiTHjhgD83MnA=mo,"not a great app compared to the others ,It freezes randomly ,Takes a lot to load ,and a lot of errors while sending money ,I stopped using it",1,283,1.5.9,2025-09-07 15:42:37,,,1.5.9,Dashen
6da6a076-6a01-4e58-b8aa-de2969a2a505,misikir yohannes,https://play-lh.googleusercontent.com/a-/ALV-UjWvF9MmLa-EQnpdb8EE65-Z8lrDYXnM6fmZQHm-4J89ZQHAv9ZY,bad specialy at weekends,1,0,1.5.4,2025-09-07 08:58:16,,,1.5.4,Dashen
59e75889-3000-449d-99f0-8ce02c493466,T D,https://play-lh.googleusercontent.com/a/ACg8ocKqT84MUGSSH1NFeIvHLLK4rlpsZdtNXVScvvMEloH8Kq_HmA=mo,"I am very disappointed with the Dashin Bank Super App. The app does not allow me to withdraw 50 birr or can't transfer money and even I can't use it to buy airtime. This makes me feel like my 50 birr is no longer my money, but the bank’s money, since I cannot access or use it freely. According to the National Bank of Ethiopia (NBE), the rule is that 100 birr is not withdrawable, but it can be used to buy airtime or transferred to friends. Dashin Bank’s restriction goes beyond this rule and unfa",1,3,,2025-09-06 21:39:00,,,,Dashen
7e5f7745-10ac-412a-aef7-de5474b2e9fd,Essa Omer,https://play-lh.googleusercontent.com/a-/ALV-UjUKS3Fall6VxlAbqxtNJFHEoTThml-9ButtVD-NnxYRZtmWqnc,It is good apps but it needs strong network,5,1,1.5.4,2025-09-06 21:20:38,,,1.5.4,Dashen
0fdefc13-faf9-4f32-b5a3-1fed6de3231d,Gashaw Nigussie,https://play-lh.googleusercontent.com/a-/ALV-UjUUHc-wWZVw33gIKZDzPWkN5xvGOyt0_tK5EzHY2m6KjkVgR4g,very slow,3,1,1.5.8,2025-09-06 19:23:04,,,1.5.8,Dashen
c73641e9-3f90-408c-b7a0-245d95f38059,aaron girma,https://play-lh.googleusercontent.com/a/ACg8ocJaMGv6JVH4iAfEBV8mgxW2UaxTsJgdfhPxXhQnNlN4OcO3oA=mo,The app doesn't allow to switch between accounts. Why is it not possible to use two accounts on the same app even if the accounts have been opened at different branch?,2,2,,2025-09-06 13:26:33,,,,Dashen
d61f7d9d-2a92-4fbb-9a72-950597e42414,abdulahi abdi,https://play-lh.googleusercontent.com/a-/ALV-UjVxrzhBouV4iTn7mWfZ-zZmfBYPN7BECy2QM8e-PdA2SJ6Dbdgm,lacag inaad amaahisan somalida maxaad ku diiden,5,0,1.0.16,2025-09-05 19:21:39,,,1.0.16,Dashen
3630822b-a561-49cd-ba3e-689548d61e5d,ELFARUS,https://play-lh.googleusercontent.com/a-/ALV-UjWcmuXcyGeuhA0t-EQLTRMmF3PNcjKvYcfU-EdK9BBdGXAJk1wX,Dashin mobile banking is become worest app like others Ethiopian bank apps. Amole was the best app ever I used. It was so flexible & reliable to use. and the best app user can login with new device without go to bank physically.,1,20,1.5.5,2025-09-05 05:44:53,,,1.5.5,Dashen
cb7e6779-3210-43c2-914c-4c80ba6e9aac,Mohammedsadik Abdu,https://play-lh.googleusercontent.com/a/ACg8ocKb8GCehTvVbUIAN3fTYShM-ecQT3-dhnCamRneHW3Ua1BvkQoP=mo,"The app has potential, but the QR payment feature is disappointing. The scanner doesn’t work, and even though there’s an option to select a QR code from the gallery, it doesn’t function either. This makes paying with QR codes almost impossible. Fixing this would really improve the app.",3,37,1.5.8,2025-09-04 13:17:54,,,1.5.8,Dashen
0a5e77d2-0b8d-4777-8c63-de906861a90a,yohannes tesfaye,https://play-lh.googleusercontent.com/a/ACg8ocLtvUhj6ZnuABny8_tgsmJAXH0x8bsAuMJo0538GR7YtK_lYg=mo,"very slow and failed transaction multiple times, previous app was much better!!",2,10,1.5.8,2025-09-04 11:19:13,,,1.5.8,Dashen
43570631-796b-4cde-b270-d28598b619e3,Teshale Paulos,https://play-lh.googleusercontent.com/a-/ALV-UjUu17JoymNaP3GdMoGD05rP_1vc80TLVXuMHZzB9PECMDynq7M,great 👍,5,0,1.5.4,2025-09-02 09:11:07,,,1.5.4,Dashen
ae6c7ac5-400e-4bc5-ab19-713020fd9797,Daniel Fikadu,https://play-lh.googleusercontent.com/a-/ALV-UjUi_IV2PJxhTpXnzUKVIxdy_RtIWwty8wonjQEwNjlWezjNfPQd,"""super Idiot app"" 1.it forced me to off many of my phone settings like developers option. 2.Never works fastly. 3.It needs multiple click. 4. Doesn't notify if received money & many many more *** The worst mobile app ever expanded***",1,92,1.5.8,2025-09-01 17:18:19,,,1.5.8,Dashen
13cce21d-50d9-453f-bfb9-d77f6827d3a0,Bilal awel Bilal awel,https://play-lh.googleusercontent.com/a/ACg8ocIZs8Qtz5M_u5F0dAxWeQoBEErE77icPlHcOYty10tqV1OZzA=mo,good,2,0,,2025-09-01 12:21:27,,,,Dashen
c11e08ae-0eaa-4305-b179-5ff6661514c0,Jamal Ziyad,https://play-lh.googleusercontent.com/a-/ALV-UjXUOFNTyz-AwHfja_GvR0WJA3uhlHDopWZNom9iAo-GvTkjfhQ0,dashin bank,5,0,1.5.8,2025-08-30 17:57:00,,,1.5.8,Dashen
9516c37a-0f45-4517-8fa7-7bc13ba75598,Mohammad Bakoo,https://play-lh.googleusercontent.com/a/ACg8ocLuTIhrNpxCqgR9q-ZbkMDDCljArzig89dv9nNEYZdRSdE4ag=mo,muhaammad bakko,5,0,,2025-08-30 17:44:40,,,,Dashen
26a536fe-385e-4c2c-8a90-020ac58e3ec1,Sara Mekuria,https://play-lh.googleusercontent.com/a-/ALV-UjUGx4DaY8QzneRlYDDCCvoGBVFHONYPCrfjfMY0hVyuQuBWy2nJ,goog,5,0,1.0.16,2025-08-29 10:43:18,,,1.0.16,Dashen
ff71d5f8-bdbf-4b53-a703-ad24bc5eda84,Bereket Tsegaye,https://play-lh.googleusercontent.com/a-/ALV-UjVr2FVTEfVzsRiGIJ0tQLkyUuO1p_u5v8k5gCYt47tDGq3Xoi27,un functional app,1,1,1.5.8,2025-08-29 09:35:13,,,1.5.8,Dashen
df2396db-f742-4e8e-9d6b-37fcd9c800c7,Bele Milion,https://play-lh.googleusercontent.com/a/ACg8ocJcw7WBRcxTiQADkW4DZZlt8iNOfKeCb3jRRUfeNYRLC9XAtA=mo,trnes far,5,0,1.0.16,2025-08-27 21:01:32,,,1.0.16,Dashen
ebcbfbc0-5c66-4050-a60c-3b50478ce3c1,Ayenew Belay,https://play-lh.googleusercontent.com/a-/ALV-UjVf9GVd8klhU-oNl0_nHU21SAxNPJFn8CYRI9Jk0oxtYDVqMNYr,excellent,5,0,1.0.16,2025-08-26 09:00:38,,,1.0.16,Dashen
f4f41d65-e12f-46ac-ba8c-1037c95e825a,Shimals Taye,https://play-lh.googleusercontent.com/a/ACg8ocIBj3p7n_Wi2YDm6lAdBvuciC75QD9WVtRIZsnKLMOyVnWCyw=mo,shimalis,4,0,1.0.16,2025-08-25 10:05:53,,,1.0.16,Dashen
d1dfef89-44c2-4e76-a295-a6f65668333c,Temesgen Demsew,https://play-lh.googleusercontent.com/a-/ALV-UjUvqzuFRMveDg9vbC5KXlaqWImtd65jyVRwHggzvFHEOMk264yr,አሪፍ ነው ግን ደረሰኙ የተቀባይ አካውንት እና ስም አያሳይም ።,3,0,1.5.5,2025-08-24 19:40:33,,,1.5.5,Dashen
c859d065-d2cd-4c3d-bac1-f8ee0d9b8f18,Husen Hasen,https://play-lh.googleusercontent.com/a-/ALV-UjXuFL-mFJ72A08nMYwHwCo_sKmybVh_-g7gtMTkwe-Pp-C6W3A,excellent mobile banking digital,5,0,1.5.8,2025-08-24 17:13:51,,,1.5.8,Dashen
92f1029b-41d6-4af2-9620-61ad21843f4a,Kaleab Alemu Zeleke,https://play-lh.googleusercontent.com/a-/ALV-UjXojTImognwir4_j8teAamvavhtJIStWOO0pQ0JMcfutAmrY3aA,"Excellent, and it's truly a super app!",5,2,1.5.5,2025-08-24 16:44:45,,,1.5.5,Dashen
e7ec2452-9500-4536-a627-721ce846e948,zinabu tuasha,https://play-lh.googleusercontent.com/a-/ALV-UjXylVSu6c-lUhJhwiVgjOtADV4_FBrNtc8aQha6Vo7zWmhh6VSO,nice app,4,0,,2025-08-23 15:51:09,,,,Dashen
57b15473-6128-4208-8a19-a6b9e78533c8,Belete Blodaw,https://play-lh.googleusercontent.com/a/ACg8ocKEeCW1XJ5xI5VTACMatvIZNKurw92SpCwWh5lcSPQzKbPh8Q=mo,very nice app,5,0,,2025-08-23 14:25:39,,,,Dashen
6474a971-6e4e-4b4e-b9c2-9afa21954cc7,Biruk Ab,https://play-lh.googleusercontent.com/a/ACg8ocIgIF0u05QcdIUo203IeNvOvLAAI-g9lp9Ncl_9olNcL8bt6A=mo,can't access as will if it's super and can't even access the service when you need it's a big failure,1,6,1.5.5,2025-08-22 23:04:15,,,1.5.5,Dashen
a2924856-3267-4ed3-a316-ccf049230f01,Side Ahmmed,https://play-lh.googleusercontent.com/a/ACg8ocKqjaey69GJTyf8DurJLCzstfNPMmGlK_n-6ybUcnGA7I5d6g=mo,seche,1,0,,2025-08-22 15:01:18,,,,Dashen
33152296-977d-48d2-9482-e074f88516e9,Nathan T,https://play-lh.googleusercontent.com/a/ACg8ocJKt2hWXZaUJPsZj-njCLqLB8J7V7o177xVv9p-yCKsOab5UQ=mo,very fast bank,5,0,1.0.16,2025-08-22 14:10:13,,,1.0.16,Dashen
ad7315bd-61bc-48bb-b21f-4e645373dced,Dires Lemma,https://play-lh.googleusercontent.com/a-/ALV-UjWzWh4YkiCNbKtaGpLRCjPxTE46IWEuI45MuuJ3Kc8SFjqpqFcO,good and well,5,0,1.0.16,2025-08-22 11:34:35,,,1.0.16,Dashen
a78233bc-ff1d-45d7-a4bb-1d5a8d16fc69,Andu Man,https://play-lh.googleusercontent.com/a/ACg8ocI2thwfluew0-Qt7_9Drd98HwBkiS5Ce17JSZlOCswmuAQIZQ=mo,what a bank it is,5,0,1.0.16,2025-08-22 06:18:13,,,1.0.16,Dashen
d41dd3e3-b09b-4d1f-a5a2-0caa9f430e37,Firew Ab,https://play-lh.googleusercontent.com/a/ACg8ocKrgLddsHMqX4HWtDF3dIP0H6FJ7XiGesIFJy0wPDV7XKArVg=mo,Dashen Super App contains extended selections for customers and can be easily accessible and also friendly to use.,2,14,1.5.5,2025-08-21 10:16:41,,,1.5.5,Dashen
e078dd0e-0334-4950-b846-c450ddcfd110,Muthey,https://play-lh.googleusercontent.com/a/ACg8ocKLlvs4zDU3Cmn9e3HbyU3AUcF7PrE8Gthz-iso3dLoDvhVzg=mo,great app,5,0,1.0.16,2025-08-20 19:27:46,,,1.0.16,Dashen
f68a700f-5b0f-4863-85d1-c47d70fcc0ed,Wondeson Seifu,https://play-lh.googleusercontent.com/a-/ALV-UjVhJoUCzm087MPkP7hoAUvBg5Nhnbe7qyEK4axw1r4n0vgWsejw,nic,5,0,1.0.16,2025-08-20 18:02:43,,,1.0.16,Dashen
6ee89fcd-d75e-4845-9338-962d8760dc4f,Zelalem Ashu Ashu,https://play-lh.googleusercontent.com/a/ACg8ocJXOmkhk9oOZjqvrg07KfkFSs8s1QJI5VrGafjFBKSLVWlEcA=mo,easy to use and the best one,5,0,1.0.16,2025-08-17 07:23:10,,,1.0.16,Dashen
72f788cf-857a-4b95-8aa8-4086764ddf5d,Habtamu Geremew,https://play-lh.googleusercontent.com/a-/ALV-UjUYxtLrIP0-CTcxVPqTWggoGbV-p_uK95cMoeX4Nn7OW9BRNgQb,it is totally work of failure. I personally prefer dashen amole instead of this super dull app.,1,9,1.5.5,2025-08-16 19:26:30,,,1.5.5,Dashen
7f13440c-cd7b-416c-9ec0-04afa4de3574,Lelise Sharif,https://play-lh.googleusercontent.com/a/ACg8ocIuSv7MLZrWOQpgVMqt48OCjeRfBnvAB7MVSpoht_lfgJazZO5o=mo,very good app,5,0,,2025-08-16 10:31:18,,,,Dashen
f00fad5e-14d3-4726-9a82-7655a15a86f4,Yassin,https://play-lh.googleusercontent.com/a/ACg8ocKBgoIC7Q73XNTfm48ccF8NuRuQMVYNf4i46LqMQA5DDRKZxA=mo,The worst banking app in Ethiopia. It forces you to change your PIN every three months.,1,4,1.5.5,2025-08-16 10:29:15,,,1.5.5,Dashen
d52c4dd2-3e29-435e-b2a8-05b346e6cce2,Samuel,https://play-lh.googleusercontent.com/a/ACg8ocLobImk4abCcdL3_1AsCjQ47_2i6L-RCyGI89KekP1eM2DRNw=mo,አሪፍ,5,0,1.0.16,2025-08-15 13:46:31,,,1.0.16,Dashen
8151dac5-6706-4c18-b538-5c3882c8b679,Abriham Getaw,https://play-lh.googleusercontent.com/a-/ALV-UjV6W3w7OQUDSHb9tCMTRa1vI19oq44UwoOkydZjjy8mvR-y1l0I,best but USSD is necessary,5,0,1.5.5,2025-08-15 13:38:28,,,1.5.5,Dashen
77f5b29c-a280-491e-a189-9294bb1dcc4b,Natnael Fekadu,https://play-lh.googleusercontent.com/a-/ALV-UjUs78K_nY79ml0modvKji087BC4EVV9sEE2lV28oUZNipUhO90,"one step forward, Ethiopian bank and e commerce industry",5,0,1.5.5,2025-08-15 11:45:06,,,1.5.5,Dashen
2f7f02c0-8c37-48a2-880d-da85a2945e1c,ermias talema,https://play-lh.googleusercontent.com/a-/ALV-UjVWbJALH9E5CKOE-Vtbn__il3fwfhX0Tltft3OhQvhU5ww1rrI,still it's essay for user,4,0,1.5.5,2025-08-15 11:04:31,,,1.5.5,Dashen
dc9bba76-9134-4fd4-927e-3a0480628f7b,Franz von Weizsäcker,https://play-lh.googleusercontent.com/a-/ALV-UjU26H3n3bjzs_vxipxCPp2jL_2l2Ih-HN9hkFM7iZ9AHp-5FAV3,"Great app, unfortunately I struggle to use it from outside Ethiopia. It tells me ""VPN enabled please disable VPN to continue using the app"". And that's happening without any VPN enabled. I think I will need to switch back to CBE because I need access to my bank account globally.",1,487,1.5.5,2025-08-15 09:09:12,,,1.5.5,Dashen
dc8432b9-7fd6-4ada-9ca6-b632467fcf15,Almaz Kidane,https://play-lh.googleusercontent.com/a/ACg8ocJPKfM9ZBsHS47avavz82YabYtnsriPlsf-1_YYqUVji7NnWA=mo,"It was easy enough before. but now it won't even open , why? pls help if possible. The email address you provided under the App support also can't be found by Gmail. pls respond.",3,34,1.5.5,2025-08-14 20:00:15,,,1.5.5,Dashen
35fc8b13-0a39-4237-b28d-39904b57f125,Vivo Y16,https://play-lh.googleusercontent.com/a/ACg8ocKGCKge9nq44Fpbgj7yqBFP62EpMjqCDd1ceF9XxG4jmhxH2Q=mo,good,5,0,1.0.16,2025-08-14 16:14:19,,,1.0.16,Dashen
5043e566-8cbc-4384-9382-8d929065614e,Mohammed Seid,https://play-lh.googleusercontent.com/a-/ALV-UjXye_WsXuwUuAPpqoWtEqywMV7y2DvLN9KzYXk1G05r8FKYMlIx,"There are plenty of features missed e. g electricity bill, water bill payments",2,0,,2025-08-14 15:16:24,,,,Dashen
0269ed2c-74ca-4b44-8226-0a664489ac78,withme Asni,https://play-lh.googleusercontent.com/a-/ALV-UjXa0D4acBqBa5YnmqmxmPKudmIOLDiP4efRNqEPLxEpFGsZ0Xc,የሶፍትዌሩ ለአጠቃቀም ምቹና ቀላል መሆኑ ተመራጭ ያደርገዋል,5,0,1.5.5,2025-08-14 13:56:25,,,1.5.5,Dashen
9a553128-a2f5-4c25-8c0c-abc680033d42,Ashenafie Ayele,https://play-lh.googleusercontent.com/a/ACg8ocIBIogQcg1QiFilSvEkGdp4t7ALnY1eY0g3WH0OM99RTv9eoA=mo,በጣም ችግር አለበት,1,0,1.5.5,2025-08-14 12:45:15,,,1.5.5,Dashen
069eb4b6-e778-4b5c-b6bd-1e5dea63844e,Teddy,https://play-lh.googleusercontent.com/a/ACg8ocLKTpFYqz4FsXAQaKLXg8ndUSe99EyGCJ0BHLrx-9GoTFEprg=mo,best,5,0,1.5.5,2025-08-14 11:27:00,,,1.5.5,Dashen
10555b11-1ec4-47e8-991d-eded9941e7e4,Segni Teferi,https://play-lh.googleusercontent.com/a-/ALV-UjX0XB7JtbBTkXi7i0Sl7dwwwA8w_tkYh7SIXT1bAY8i2H17Kcde,great 👍 app,5,0,1.0.14,2025-08-13 20:49:54,,,1.0.14,Dashen
e2db003a-f02a-462f-99e2-3bfc2054a442,Yoseph Berhanu,https://play-lh.googleusercontent.com/a/ACg8ocKuFKeGbjzST4QwOdO_aISyyZW0pDAJfuF1GFebBQ3izKnSVg=mo,"its a very low quality and slow application, very unreliable in times of need",1,8,1.5.4,2025-08-13 14:53:27,,,1.5.4,Dashen
cd82c60a-b6e5-41e2-a058-906f16326ad6,Abi Lebay,https://play-lh.googleusercontent.com/a/ACg8ocIGqC1H70DiDyfBcfBULbeqjns62O9DkLxfxlG853Rq75ivNQ=mo,ok,5,0,,2025-08-13 14:27:22,,,,Dashen
43741a50-5047-44c0-9858-7a3a52a4a533,Messy Fetene,https://play-lh.googleusercontent.com/a/ACg8ocLH9p38rkFEXvd9g8btYDl_aHXE29ZmlnFkCkhwIQg-0As5wA=mo,ok,5,0,1.5.5,2025-08-13 11:47:28,,,1.5.5,Dashen
56497937-ddb0-4d03-ad47-0e3d2f1f8c66,Anteneh Tilahun,https://play-lh.googleusercontent.com/a/ACg8ocKtz3P_Keb9SVbK_biabKeQdHt-G7FdDdYp-sTp4boafSenVJ0=mo,very poor and time taking to use,1,1,1.5.5,2025-08-13 11:05:26,,,1.5.5,Dashen
f9f852e3-ccc8-4a18-b650-7f69acb33c99,shamil Hsbjhhj,https://play-lh.googleusercontent.com/a/ACg8ocI7JTvqp7AxCSPj9nVt2azFc9PgrEPuw4CiAWn-JGod4xNkmw=mo,it is the best app ever i have seen Dashen bank always one step a head!!!!,5,0,1.0.16,2025-08-13 11:01:50,,,1.0.16,Dashen
04b0d391-1cb4-49e3-b18e-b9e24ab9391b,Bamlak Abay,https://play-lh.googleusercontent.com/a/ACg8ocKysmaFk1kK1QJL2Z6ftV9B1a_c_qehq7Q2ZpgpCkqy8lQTMA=mo,the new version is so good I like it,5,1,1.5.5,2025-08-13 10:30:06,,,1.5.5,Dashen
983a06c5-49c5-4977-9942-e97ae8ff14bc,Mekdes Mekonen17,https://play-lh.googleusercontent.com/a/ACg8ocIRuR9y2F6iTbCl0_G9TM7ClgPb-YMkb_x_dxnG5pXwL5H4cQ=mo,excellent,5,0,,2025-08-13 10:14:14,,,,Dashen
2a18b376-d91c-40ee-8112-61a316b16f58,dereje gemeda,https://play-lh.googleusercontent.com/a-/ALV-UjUY_4MH7KFginWDU6ScZ8nOTpqzsTgVHnGQ23r7Zwy7GP_HqRv1lQ,good,3,1,1.5.3,2025-08-13 01:03:57,,,1.5.3,Dashen
6c906764-3ffd-4d50-a656-e2ea31308863,lemi lijalem,https://play-lh.googleusercontent.com/a-/ALV-UjXfRhOCZ4dZtsBinMEIAXCoP9QivvR0gUYgrjuHmVeocGL8gYU,Good,3,0,1.0.16,2025-08-12 22:38:46,,,1.0.16,Dashen
e63aa85d-85a4-46d0-9b4e-b3048c3c0c02,Amare Getaye,https://play-lh.googleusercontent.com/a/ACg8ocKX2MGT_WoooWi935Y85WoyNMdh6n_Iin-cpDZrCd8y199HwG8=mo,good job my dashen super app,5,0,1.0.16,2025-08-12 21:33:21,,,1.0.16,Dashen
