reviewId,userName,userImage,content,score,thumbsUpCount,reviewCreatedVersion,at,replyContent,repliedAt,appVersion,bank
289e3376-e37b-4e1e-93fa-3613b53ca84a,Awet g/her,https://play-lh.googleusercontent.com/a/ACg8ocKWzHEiFVpY76nhrKqkbgVffXIJATA4-hGP5XOMUXXTqd2sCQ=mo,fast & safe banking changes your carrier .!,5,0,6.0.2,2026-05-10 14:25:51,,,6.0.2,CBE
fbc1d2ea-0628-4f43-88a4-c38e9a6e0181,mohammed nuradin,https://play-lh.googleusercontent.com/a-/ALV-UjVPYw-aO82ib-fM4NvvGtXC_iFmhmTEOZArpJA1EJ2dfvA24Nk,ያሎቶሪ ጨዋታ ለመጫወት አገልግሎት እየሰጠ አይይ,4,0,6.0.2,2026-05-09 16:40:05,,,6.0.2,CBE
2733695e-627f-4cfa-9141-24a5ebc17361,Mekbib Netsanet,https://play-lh.googleusercontent.com/a-/ALV-UjVBUR4TXj2Slv-ZfQinSS8V34THD8MVbpDetRz61U31P5sVI0Y,CBEBirr is a helpful financial app. And its diverse payment opportunities make it preferable. I would like to appreciates Commercial Bank of Ethiopia. Keep goings through our country financial service reform.,5,2,6.0.2,2026-05-08 15:46:43,,,6.0.2,CBE
1f851490-6165-4551-8c62-f84a82930137,Tadele Monjore Gada,https://play-lh.googleusercontent.com/a/ACg8ocL-aI81skZQVe6fR6A46s7K90N9DKB2DFyzwFB-WquPldfXdw=mo,this app not opened in my android whats problem,5,6,6.0.2,2026-05-08 15:13:26,,,6.0.2,CBE
d157c6df-b92a-4c91-b5d3-24acdabf0f96,Dessalegn Lemi,https://play-lh.googleusercontent.com/a-/ALV-UjWkWzMSnHhmjbePCgAI-zlfAOoF79Q17mLXOg73Ss_06Z8i3sI,"it is a nice app but currently don't linking CBE account to CBEbirr, please solve this",5,0,6.0.2,2026-05-07 15:05:24,,,6.0.2,CBE
50a6e329-263e-494d-89f2-29219c88c548,Lalisaa Taaddasaa,https://play-lh.googleusercontent.com/a/ACg8ocKOQwGgGElK7OBkcY_Bgxc1qJWSDXWyUpqvlkfsSBT2cmX0Eg=mo,good 👍 👍 👍,4,0,,2026-05-06 16:22:09,,,,CBE
0ced999d-1ad2-4756-8e24-af383c14a170,Zeki Jemal,https://play-lh.googleusercontent.com/a/ACg8ocJ8K1UqxX4aSl1zfw_h-GKA8TgetYtpNewXinZ6GUzpSkgk=mo,አሪፍ በጣም ጥሩ,5,0,6.0.2,2026-05-06 15:58:37,,,6.0.2,CBE
e1079db3-293b-4a51-bed7-756e669b5095,Mesafint Teshome Lalamo,https://play-lh.googleusercontent.com/a/ACg8ocKi_LD8d06K5MVGH37NlM8sJX_O_igcOAHH7mKf36g3ZmF7oQ=mo,this app is good and easy to use,5,0,,2026-05-05 10:44:04,,,,CBE
22860991-aa83-4a5c-8ee3-fd8f83e0736c,Mathewos Yakob,https://play-lh.googleusercontent.com/a/ACg8ocItaySnges1nfg6D_mM6RfFjOwv59o1o_61ie9GMisKZJnO=mo,"Betam arif nw service fee, disaster minamin fee temetatagn nw Ke cbe mobile banking yishalal. Tetekemu Arif app nw.",4,0,,2026-05-02 15:37:35,,,,CBE
8662d1e6-8c4a-461e-8e3f-4bcca4caab54,Kalkidan zebene Getahun,https://play-lh.googleusercontent.com/a/ACg8ocJstYMSecYqH7lF6A64GtfR99YhPudtCm8qDqh769C_Rt-l=mo,long age bank of cbe and Im happy chstemee service,5,0,6.0.2,2026-04-30 08:17:51,,,6.0.2,CBE
908c4a14-9f11-48e0-9a95-cf3ab71d4ae6,Abera Almaso,https://play-lh.googleusercontent.com/a/ACg8ocL2AyKVuHdj7U2e4ONhRRqH6FGZwjH1Od7wgZ-tBG-6M5aBbA=mo,it is very good application,5,1,6.0.2,2026-04-29 20:20:22,,,6.0.2,CBE
29dd03c1-786b-4aac-a895-477c581aa7c8,jecha waaqaa,https://play-lh.googleusercontent.com/a-/ALV-UjXy2fYeMp9XqX4Mz2KD8uEhwHaWNDhK_O-MtFWJmvf6AnSvoglS,very good apps,5,0,,2026-04-25 18:07:17,,,,CBE
cf3eb530-7269-4168-bbdf-83502dd75d93,Efrem Elias Tsegaye,https://play-lh.googleusercontent.com/a-/ALV-UjXXPIE9k4qjSY2W6MKRFlFnPOcqrpg3wEFpaTRZZDJ9JNc03isO,wow! very good and easy to use app.,5,2,6.0.2,2026-04-25 17:46:54,,,6.0.2,CBE
cab51000-2fb3-4311-ae34-75620280c58f,Welelaw Teferi,https://play-lh.googleusercontent.com/a-/ALV-UjWpDxyEVRpxBMkm_u_QEAl1X8sDK2k_C2eO7IzeuP6kB7y3e2KR,best of all,5,0,6.0.2,2026-04-25 13:31:03,,,6.0.2,CBE
d6ec6902-ae8b-4bda-987b-1b6fb866639d,Aliyi Ali,https://play-lh.googleusercontent.com/a-/ALV-UjUW56IdYkvZOAhyDG9fPw5gC7X9auevan-3xF837h-YjqwRSFCm,Aliyi Ali Ibro cbe plus loan confirm,2,0,6.0.2,2026-04-22 00:53:47,,,6.0.2,CBE
c7665c97-fad0-4c99-829d-f2e1e9643a75,Hassan Abdii,https://play-lh.googleusercontent.com/a/ACg8ocLYUcUsLKUQlzY1dCPYYK6SUhf8OygNYJsjanJK0eJXOmbenZE=mo,best applications Very important the fast work,5,1,6.0.2,2026-04-20 01:53:25,,,6.0.2,CBE
bc889e73-07c1-42b3-a1b4-353decaa8ef6,Temesgen zewde,https://play-lh.googleusercontent.com/a-/ALV-UjW2eskSWg46ntQMB4OJ35dEgVTNI7IxIWV1QUwXs9HbnEm150Vg,Wow it is good app,2,0,6.0.2,2026-04-19 21:27:42,,,6.0.2,CBE
49ae65d5-8d51-4b6d-9a64-d0d6697f53f8,semira Ahmed,https://play-lh.googleusercontent.com/a-/ALV-UjWLs_UGPyhNcN80DIpfgI2Uuyi9x0eCmOWjvsjgK6_LfDA1cHrI,yegarmal abel,5,0,6.0.2,2026-04-19 13:35:00,,,6.0.2,CBE
a579b541-b7e6-4582-a67a-b527ae7baf2d,Tesfa Imena,https://play-lh.googleusercontent.com/a/ACg8ocL_80Q8DRdaa6sfm7FkARe-qh0hb8pwHRjrgdIrh8NqNLMk4Mk=mo,good application of money transfere,5,1,6.0.2,2026-04-18 12:54:24,,,6.0.2,CBE
153f61d3-95fb-4faf-94b5-eef230b9dfa4,Edris Karandalló,https://play-lh.googleusercontent.com/a-/ALV-UjXjhI8toL6y7-CtPnzjed1v8iuPghNGUJ1YLobES1BoXp0JNZmC,"very easy to run, less effort. more important application",5,8,6.0.2,2026-04-14 07:26:48,,,6.0.2,CBE
96b48911-808b-4509-95f7-73e9d8999972,Solomon Dogeno,https://play-lh.googleusercontent.com/a-/ALV-UjWokLObsHuM4dwNtUAiU1gW8tX6oIwRG7ZjX0fAKr5A3gHvihnP,CBE Birr is the best banking app.,5,1,6.0.2,2026-04-12 16:12:21,,,6.0.2,CBE
c0502c49-a6a0-4aac-aef4-e711ab0b513a,Pastor Teklu Makonnen,https://play-lh.googleusercontent.com/a-/ALV-UjUMATxCClvyvw1ajlpFJhOvYBfeHX4eLDqU2MFPOtHZwE_SJTx4,this apps is greatest gift for who wants this serives,5,0,6.0.2,2026-04-11 21:39:23,,,6.0.2,CBE
85ea6237-b4a0-4b8f-abbc-bd157e91330e,Muftah Abdisamed Macawiye,https://play-lh.googleusercontent.com/a/ACg8ocLdNusP1y5KnWrtsRQI5EWABmarOM10wwxvaasg1VqrU7ttGw=mo,it doesn't works for me,5,0,6.0.2,2026-04-11 00:09:13,,,6.0.2,CBE
c9885565-934f-4857-b3a1-620136f81c62,Hiikoo Waaqoo,https://play-lh.googleusercontent.com/a/ACg8ocLQzAUu9NXhixSG4KuTK5fuZBq1p1_lnNDp-aIVR-e8OWYDJcE=mo,"Baay’ee gaarii dha. Haala gaarii ta’een hojjata, tola osoo ta’ee irra caalaa midhaaga. Baadiyaatti intarneetiin ala hin hojjatu waan ta’eef. Galatoomaa!",5,1,6.0.2,2026-04-07 15:42:14,,,6.0.2,CBE
7e4f795c-e713-4764-a205-c849f3fbb6fc,Bereket Eshetu,https://play-lh.googleusercontent.com/a/ACg8ocIm33IB5vGEeWNnVy0uJ0C4ZxCT6FW6h5WY5u7tsVjTa6EuyQ=mo,it's very fast,5,0,,2026-04-07 10:33:58,,,,CBE
1b5deb2f-583b-450b-8fe7-75417a514a27,Etsub Gashaw,https://play-lh.googleusercontent.com/a-/ALV-UjWtRcp_jIoNUgVKuIwXhTpCcmhLyCePp5kOZ6UHpu03DQxPmlA,"you can't pull money AND also transfer to other wallets. It says ""customer not found"" when you enter the receiver's number",2,12,6.0.2,2026-04-06 19:01:22,,,6.0.2,CBE
417e9efe-2f7b-4d76-85e8-b26a977bf0ef,Kino Music,https://play-lh.googleusercontent.com/a/ACg8ocKFoUnPJDuefWVJ_6WSfyRkZ8XIV-0Qwe6xQ0QcMOuwonjysA=mo,convinant and secure available for both app version and USSD ay the same time,5,1,,2026-04-06 13:25:16,,,,CBE
b7459359-30f6-40d5-8b11-05ed231a5a45,Ezedin Mohammed,https://play-lh.googleusercontent.com/a-/ALV-UjXBRCnJnamJblswA9v0QgYE8qnlCRg_AuwCXCvFdHSTJnrf464,linked account isn't working please fix it,4,0,,2026-04-05 14:13:37,,,,CBE
1d0d24e3-701f-4a05-9d39-424dabae30db,Abdisa Yohanes,https://play-lh.googleusercontent.com/a-/ALV-UjWTC3_Mm8EqTia0msMMKTqZo8EMFW6L4muOqNhuPoCbrrx2lqc,"this app is very useful,I mean it's very good ..",4,1,,2026-04-03 12:38:13,,,,CBE
8ab685e8-0f79-4fd2-be91-cde2c1416ff6,Mekdelawet,https://play-lh.googleusercontent.com/a/ACg8ocJu6YaQ10FyePIyfVrNI-Xmk8xRUfe-feqz1L0tjYS0WPBD-g=mo,its so good,5,0,6.0.2,2026-04-03 09:14:31,,,6.0.2,CBE
0e882d7a-4c05-4017-90d8-45ca65dbb871,Abate,https://play-lh.googleusercontent.com/a/ACg8ocLHbGy9TwG9b5TMHla52LkYWEz7mWwaPtrH0bU2DpH41MAwhQ=mo,thank it is good app,5,0,6.0.2,2026-04-01 21:33:12,,,6.0.2,CBE
be8571d6-0e6c-4fff-89d0-ebd88dab458b,Haji Inacaddow,https://play-lh.googleusercontent.com/a/ACg8ocJEfRm7xOg2nXeZ7hTZhOxIob1xxb9O7FOF7l-uVmm209rqkg=mo,very nice app. thanks,5,0,6.0.2,2026-04-01 17:22:07,,,6.0.2,CBE
bc632ce1-fa3d-4378-b207-6a942d583090,maranata tefera,https://play-lh.googleusercontent.com/a-/ALV-UjWnm4tPJU54HFqPWebECYtFbTeY0fXNGiNOi39wPUZjaNo8d7g,"so easy, you should do the same to the CBE mobile banking app too",5,1,6.0.2,2026-04-01 12:26:23,,,6.0.2,CBE
aeb76580-261f-4542-bc7e-50be66c0b79b,Ermiyas Teshome,https://play-lh.googleusercontent.com/a-/ALV-UjXrxNvARcNHM56rIoZFq_qUTQDnvbgldB7rpRR5SgZO4h79fBj0cQ,The Commercial Bank of Ethiopia is a very ugly and shameful institution that should not be mentioned in Ethiopia. እጅግ በጣም አስቀያሚ እና አሳፋሪ በኢትዮጵያ ስም መጠራት የሌለበት ነው የኢትዮጵያ ንግድ ባንክ,1,0,6.0.2,2026-03-31 18:34:31,,,6.0.2,CBE
1146e381-ebdc-4b5f-a5e3-cdd4fe31a512,Misikr Beyene,https://play-lh.googleusercontent.com/a-/ALV-UjX1hoenQGrVu9gO6dEI0JZ19frLdUAmn_yLti14LEgPLTZh954x,"The CBEBirr Plus app (often referred to as CBEplus) marks a significant shift from the traditional USSD-based banking (*847#) to a data-driven, internet-based mobile experience. Based on the current 2026 landscape for Commercial Bank of Ethiopia (CBE) digital services, here is a breakdown of what the experience typically looks like for a professional user managing both personal and administrative finances.",5,18,6.0.2,2026-03-31 08:08:00,,,6.0.2,CBE
19685ea5-0589-4219-9a29-9bf7d8733a3a,Asaye Ayele,https://play-lh.googleusercontent.com/a-/ALV-UjXtAocHXxjFU6TW-cL2FRc8W5zMi0aDyJLZ0ZNo-c_e3aLDETY,Perfect and easy to use.,5,2,6.0.2,2026-03-30 21:03:28,,,6.0.2,CBE
eb0cba51-e449-4025-97fb-627d2fa6d2a1,Wondu Shuke,https://play-lh.googleusercontent.com/a-/ALV-UjWRzMVcCO3yvRuOstjep49O4GONxZcz9tGLieakaYKT4sMuqJa1,it is good app,4,0,6.0.0,2026-03-30 20:52:58,,,6.0.0,CBE
85dfae71-8e78-4d2b-90d0-401956f45b2e,wondimu wolde,https://play-lh.googleusercontent.com/a-/ALV-UjVvtAX383cJhxxod_ed5GqNxEa2w3NEPI_PEPM-1qM7c5fEReeo,That is getting a head of!!!,5,0,6.0.2,2026-03-30 20:52:41,,,6.0.2,CBE
2b5f6bd7-e18f-4f40-84dd-a964094a9b24,TECLE Alemneh,https://play-lh.googleusercontent.com/a/ACg8ocISAIEsYlSMRewveNK-VBh_hH5eMwpScqIMugPjPr77dkApiw=mo,I am satisfied. Thank you.,5,0,6.0.2,2026-03-30 20:49:47,,,6.0.2,CBE
6c057fea-5bc9-4587-88ee-f1f8455769e6,Jaalatee Bulaa,https://play-lh.googleusercontent.com/a-/ALV-UjV07SeoAybuq-f2lGDzmsDsPhx-ayo_6sD3hAuDytD-Jwu_aBRp,very good app,5,0,,2026-03-30 19:52:54,,,,CBE
f68553e2-6d37-4e8a-9eb6-998ea106ba2a,Akmel Dari,https://play-lh.googleusercontent.com/a/ACg8ocJHRsaQEV2iUBSoL3HIVacQSC56gbfBbp0-guP46aNkmUEHpg=mo,at resent time those application doesn't work properly always crushed out ana ask update continuesly,1,3,,2026-03-30 19:14:14,,,,CBE
b62b0cac-cc87-4786-9ce6-20b6eaa1972b,Yonas Feseha,https://play-lh.googleusercontent.com/a-/ALV-UjX1yMNCX8TdHOCnHzseDwF0S80C3vm67OupSz9nwbjQvSS_iTk,👍👍good app,5,0,,2026-03-30 16:08:55,,,,CBE
e6fc5bbf-a15c-459b-9ab6-31fa837a39b0,Mulat Woreta,https://play-lh.googleusercontent.com/a-/ALV-UjX5lluhBw_qAXfIR_VOiXpBqkGhc2jcnyA6Qrlm5iXMGFBpm7A0,so far so good,5,0,6.0.2,2026-03-30 15:57:10,,,6.0.2,CBE
b6dcd85f-4cdc-4e11-b922-8cdcb5ba5d8c,Alpha Ent,https://play-lh.googleusercontent.com/a-/ALV-UjVJL05DYssb_FFk5rZND3rOpoQjodH33ipA5_LGYBIqiBeg8adY,ende telebirr yaledata bisera arif neber,4,0,6.0.2,2026-03-30 13:49:18,,,6.0.2,CBE
308b2743-6ab8-4287-a91a-c148b228de90,Fekadu Gadissa,https://play-lh.googleusercontent.com/a/ACg8ocIyys_MK534OEz6fLhTqgnUuOMVlb8HDyyqhFjueL5P0kwm4A=mo,"User-friendly, fast, and reliable.",5,13,6.0.2,2026-03-30 13:44:10,,,6.0.2,CBE
e0601b4b-eee8-49a7-9fff-719feceac872,Abraham Fisseha,https://play-lh.googleusercontent.com/a-/ALV-UjUrIQoG0XmxCeqIdF3uSlBtCxP_aagFC9HmcFF-XURAR82TxKY,it is ok! given the network ups and down like in others too,5,1,6.0.2,2026-03-30 13:34:30,,,6.0.2,CBE
b21d53c5-14d7-4388-8868-ec62f6e0674e,Temesgen Teferi,https://play-lh.googleusercontent.com/a-/ALV-UjUM-H2G3aWS4nBEcRBoqkANcXVFGmJA3AAdm9rrFtA9sHsN8q0,Amazing!!!🥰🥰🥰,5,0,6.0.2,2026-03-30 13:23:31,,,6.0.2,CBE
7835313e-e21a-4142-af13-b11b5708f15c,kalifa mahamad,https://play-lh.googleusercontent.com/a/ACg8ocI8rlyZhZON7Tf9LAiEDB4FKb3kOiEv1D2QDPZfpG81dqw1fg=mo,good application,5,0,,2026-03-30 13:13:59,,,,CBE
910f2cce-6e39-402e-983e-d0e590dfa088,Kaleweld Tesfaye,https://play-lh.googleusercontent.com/a-/ALV-UjVXJAqErMGAydZvUepkgIeLBzhzGF-FYjVMcawijUrdbgttdvs,I Love CBE Birr. Keep up the Good Work. Loyal to CBE,5,0,6.0.2,2026-03-30 12:59:50,,,6.0.2,CBE
b3e8d143-756d-4230-86e2-34a3376d6f56,Begashaw Getachew,https://play-lh.googleusercontent.com/a-/ALV-UjX5fDLTbRYxz5LchFujr7TXsYVhGVkSIkvZv25o93S9SxNURGau,"Nice and very useful finance app, so far I have seen.",4,13,6.0.2,2026-03-30 10:58:13,,,6.0.2,CBE
37cd3a02-157a-40f8-8159-a9bba80bff41,Hamdu Kedir,https://play-lh.googleusercontent.com/a/ACg8ocIKKiehtPchqrsMjEESzFk-Lrvl8eR-lj88vuelTuD7N_MzqA=mo,pasward rong eyale aschegeregne,5,0,6.0.2,2026-03-24 21:23:09,,,6.0.2,CBE
82fb1435-2c60-46f5-83c7-19bc80b88ca7,Mesfin Mathewos,https://play-lh.googleusercontent.com/a-/ALV-UjUPpBAjwHUC2hS9eDipKFKFAangx0SHeyezgxoWORNj8l4JEDmn,"After l uninstalled and re installed the app could work,saying that ""clear up data and close""",2,9,6.0.2,2026-03-24 19:02:48,,,6.0.2,CBE
158e2e1b-68ff-4b04-9208-1361d0335b25,Melese Woldie,https://play-lh.googleusercontent.com/a-/ALV-UjWLyqPwrrxQua_1eZSJkeHPtJ1HIGu4xTIWWbJK1guRjATyMfL0,The app is very easy to use !!,5,5,6.0.2,2026-03-23 23:21:38,,,6.0.2,CBE
ff0083fd-476e-4b87-bcf2-7f0c7fb43eec,josiah,https://play-lh.googleusercontent.com/a/ACg8ocL8ZibY9kEHI3SwbweKis7MMXEY1ivH_ywrUP9NpkW8WR5-Pg=mo,"it was working perfectly well, but the updated version is so buggy. it makes my whole phone stuck everytime",2,3,,2026-03-20 18:11:18,,,,CBE
14246f92-0c33-4f94-bcc9-06285dc3e0b3,Yadema Bamud,https://play-lh.googleusercontent.com/a-/ALV-UjXdie_btFbQMoMW76Y2xq7lxiCatuCRXorbhwhyjupDoNxz9Z01,good service,5,0,6.0.2,2026-03-16 07:38:52,,,6.0.2,CBE
670ca6e6-42d2-48ba-8fe5-6fc554a0a988,Good Sun,https://play-lh.googleusercontent.com/a/ACg8ocLYTVjo6rV8PC6STn70Hrz7_lgHTAALPNjd90FJTgplw7-EKA=mo,Najii biyaa,5,0,,2026-03-15 23:59:56,,,,CBE
ebc36baf-b921-496a-9263-e2652396648f,Fitsum Mardu,https://play-lh.googleusercontent.com/a-/ALV-UjWFlA2RDTTI45BCWOoWxOcqm4OXNYehMEuez-K-orQ9Ca1iUBBL,"It is a best alternative wallet but Please kindly allow to switch between accounts of the same person in a phone. Currently, users have to uninstall the app to switch to another cbebirr number.",4,138,6.0.2,2026-03-12 02:46:49,,,6.0.2,CBE
fe96d3fb-0826-4f00-8b48-56c241e3aa20,nejat zakir,https://play-lh.googleusercontent.com/a/ACg8ocKrqznTQEBfchq14EW-p-WfPMo9bK6_UPA1s6sMWOJwwiV8fw=mo,my father has used this app to solve our financial hardship,5,0,,2026-03-09 01:39:45,,,,CBE
5e687c93-4d23-4967-8227-c9d14b7d42b1,Miki Alemu,https://play-lh.googleusercontent.com/a-/ALV-UjXd22kuwQMn1kvlDZJFkgJpdUVKaZCp-ELOrHoai8EJI_Xo-8z1,this app is incredible its good and simple to use,5,4,6.0.2,2026-03-08 16:10:24,,,6.0.2,CBE
ca31b8c5-3c85-4280-8a2b-d0c2056dc702,Kaleab Asnake,https://play-lh.googleusercontent.com/a/ACg8ocKkJA0bLhbSFAvwtwdevVxrx5XoqQVZJMSzvMXrTl3DhvLbNg=mo,It’s a very nice and easy-to-use application.,5,6,6.0.2,2026-03-08 14:09:11,,,6.0.2,CBE
eb074286-7ee2-4a28-95d1-5a7aec1015bd,Belachew Engidasew,https://play-lh.googleusercontent.com/a/ACg8ocKE4BYQKGOMS311XgZhGPrpPf9Z66G7dljuGDDSQ8tuvliX=mo,excellent application,1,0,6.0.2,2026-03-06 18:57:31,,,6.0.2,CBE
357d473e-5032-4994-af3b-51966285b6d0,Firaol Gosaye,https://play-lh.googleusercontent.com/a/ACg8ocJerbJmwCVeVe1sHdNNrM4QSUjT673G-ouTgnL7100VSt86Cw=mo,I have good experience,5,0,6.0.2,2026-03-06 17:07:27,,,6.0.2,CBE
9f0aeff9-5bb1-411e-afc3-295275fe0b4f,Hanna Assaye,https://play-lh.googleusercontent.com/a-/ALV-UjVRHXjpcJL6wlDMKnaLvUt82pYlFu5ahio9QFQ_XBuQoKg0mR5h,"The ""Short & Punchy"" version: ""CBE Birr Plus is absolute lightning. It’s rare to find an app that’s this seamless and efficient!"" The ""Professional"" version: ""I’m thoroughly impressed by the high-speed performance and reliability of CBE Birr Plus. It has completely streamlined my daily transactions."" The ""Tech-Lover"" version: ""The optimization on CBE Birr Plus is top-tier. It’s incredibly responsive and handles complex tasks with zero lag.""",5,15,,2026-03-06 09:25:47,,,,CBE
13114af4-0275-4b56-970e-6108181417b0,Yamlak Tesfaye,https://play-lh.googleusercontent.com/a-/ALV-UjUJyiPw5R_Vk-rVUIvyKSbELISsx3panjiACf8cuH9SC1LvKSuy,Horrible experience,1,0,6.0.2,2026-02-27 13:14:06,,,6.0.2,CBE
1228c904-906c-4353-a394-fa2f4066c28a,Yared Seyoum,https://play-lh.googleusercontent.com/a/ACg8ocLSwxu306BvC1HV2s3v-DJ445EVuztDaiSLAvouvmGcih7fTa8=mo,Well expriences,5,0,6.0.2,2026-02-23 16:51:17,,,6.0.2,CBE
0f1ee56f-7b5f-4337-ac40-42a7351ac901,Melese,https://play-lh.googleusercontent.com/a-/ALV-UjX4FmCjWbdoqlI-RGEXQNdRHybOrbC3RlJjtPfd6PBmsIEbKLBj,What a Lovely Platform!!,5,1,6.0.2,2026-02-22 04:53:28,,,6.0.2,CBE
65789ad6-2e9c-4a83-b40d-9dbc732833db,Hayat Bekele,https://play-lh.googleusercontent.com/a/ACg8ocJoHy8q7TzXCbyvH7ffJKd4npqNZvcBXjcQrfCs5a2pyQBBpA=mo,I like this app because,3,0,6.0.2,2026-02-19 17:31:57,,,6.0.2,CBE
d21dbdfc-fa98-4ef5-94d9-7d1198c2dc08,Tinsae Samuel Tinsae Samuel,https://play-lh.googleusercontent.com/a/ACg8ocKbnJNLFuoumKdurIa51KjQ8wZwquxNIVafGfNaJ6hijssGtg=mo,for online teaching,5,0,,2026-02-17 09:00:54,,,,CBE
d7e9cd45-dd90-4e61-933f-171dc9ccf837,Gemechu Negese,https://play-lh.googleusercontent.com/a-/ALV-UjUkta1pB4UksM278q1M8PUIKuZ1MeZjFKlpJ5bSxyvVnSKY2N4,Gammachuu Fiqaaduu,5,0,6.0.2,2026-02-15 18:16:53,,,6.0.2,CBE
42a21dce-cef4-4eda-b432-e13ab5b1b849,Alemtsehay Bahiru,https://play-lh.googleusercontent.com/a-/ALV-UjUEkE3veOMatRYIuMcLWJp1BC7OicJljAM_ZRin-eossHvdwS0,it is not work,1,0,6.0.2,2026-02-15 11:18:53,,,6.0.2,CBE
5da51e49-4c22-401c-b848-8f8d4b6e927f,Kadiir Alamuu,https://play-lh.googleusercontent.com/a-/ALV-UjVUlJ2NY7Wvo0V1UqcOA8meDhw2dAETQzSe04WYm6WXl6is1v8,Best app 👌,5,1,6.0.2,2026-02-13 19:06:01,,,6.0.2,CBE
86aa887b-bd41-4f62-baa4-3295027cc161,Mage iman Habibi,https://play-lh.googleusercontent.com/a/ACg8ocIX9y_FkjwozSIlfhw0GAU3yg2yYsWo-KrIcDGiuulWPyjDLA=mo,Not login app,5,0,6.0.2,2026-02-13 17:47:50,,,6.0.2,CBE
869f9317-a234-4d84-8483-915411412627,Ayide Ayyuu,https://play-lh.googleusercontent.com/a-/ALV-UjUitNNkMAJOHM-laz0JOyj2ewKKjTphxDppoVA1QNhUNW9Dy3Pl,my great App means CBEBirr plus 10q u🙏,5,0,6.0.2,2026-02-13 13:24:33,,,6.0.2,CBE
a6744485-6345-459c-85e2-a8e818499eed,Feyisa Bezu,https://play-lh.googleusercontent.com/a-/ALV-UjVDpSeATefvOdeZiElXXlMgVRmdVut-cdMiRaN3zlxQdiPkhw8,very good to promote and support,5,60,6.0.2,2026-02-11 22:43:11,,,6.0.2,CBE
bcad176e-254d-4fff-99e2-e3d3c4a5fe9f,Amare Abewa,https://play-lh.googleusercontent.com/a/ACg8ocJsdsiqi9-vF7HjvoHwJqBEzfvvotfXnOgiCGZ1eRHJNZsbYg=mo,"you send me a 6 digit otp then you showed me a 4 digit otp input, what about the 2 digits left?",1,1,6.0.2,2026-02-10 20:24:04,,,6.0.2,CBE
9da4b3a8-3108-4b83-bb24-551ec2b7c560,Tekle Madana,https://play-lh.googleusercontent.com/a-/ALV-UjVItsdWdKPB1ZIEFRZmgZv787gaA9_JSoBYXuRNbGD2RP29_Qt4,their app good ideas thanks,5,1,6.0.2,2026-02-10 16:01:12,,,6.0.2,CBE
4b7576cd-a780-46e6-affa-7200043bd210,Gowime Hamg,https://play-lh.googleusercontent.com/a/ACg8ocKJmAIlDsReQU0icOpS9Zhvy0Dc7fBgmuHRO5iYXF_ehfvCqw=mo,"Currently the linked cbe account, airtime package purchasing,.. not working",2,0,,2026-02-09 09:54:00,,,,CBE
a2b659a2-b71a-4a17-9c1d-0988964feb90,Tekalegn Amanuel,https://play-lh.googleusercontent.com/a-/ALV-UjXKgQBIekQRTxPw704tkFKB4GdeKYofLPQ4dVnpQM3cuEdOjahC0A,"Nice interface, easy to use, but not working properly, suddenly closes and keep crashing, please work on that if you can!",3,10,6.0.0,2026-02-07 21:18:03,,,6.0.0,CBE
ee607b90-b351-47d3-b947-a7ae8003e931,Alinur Abba maame,https://play-lh.googleusercontent.com/a-/ALV-UjXE6e2TLrE_tC0BSTV5pNcgZNZi4TkJkFAOGVZuVlPdlRjKHrg,CBA app is good application for enjoying your business,5,0,6.0.0,2026-02-07 15:42:31,,,6.0.0,CBE
ac050fd9-ab30-40a0-a445-4b8aacc97c83,Bule Dida,https://play-lh.googleusercontent.com/a-/ALV-UjVmEZqtUpDEWgeXG7C5sFVU6gcAM7Z_JMScRzodwZoYwL-1coY,better app,5,0,6.0.2,2026-02-07 12:59:25,,,6.0.2,CBE
21d4688a-85b5-44b8-b8dc-1df64e2772c4,Temesgen Yirdaw,https://play-lh.googleusercontent.com/a-/ALV-UjWZL95rFe5PdNbLht9kOZAonZOi8UKjP3nJB8T4yrCedG6eOGQh,Not working after Update on Camon 40pro(Android 15). crashed app,1,33,6.0.2,2026-02-07 11:27:17,,,6.0.2,CBE
44942575-fef8-431a-a88d-705305544ec5,Asnakech Demise,https://play-lh.googleusercontent.com/a/ACg8ocKh8CQ17IDLxxQ8D4UL_c_ArLLk7Nmki-f9e0KvzFWoj6UQeQ=mo,It is a good app.,5,0,,2026-02-06 17:20:17,,,,CBE
5be2ff47-561e-48a4-8b6d-d1d57b25fb7b,Mesfin Melak,https://play-lh.googleusercontent.com/a/ACg8ocISUWDbNkbQWyaiN7VbWKtc3htFWTrotDmM7nBi4eB6LiudPw=mo,l am new for the app,5,1,6.0.2,2026-02-06 14:14:50,,,6.0.2,CBE
6426f352-ffd1-484a-a202-13862318871d,Ayantu Mengesha,https://play-lh.googleusercontent.com/a-/ALV-UjUeWtFcBaLuNYmoMwyv716SMGu0qGPDkHlcqLAV7HF5kNxFY6Q,its not work. say security alert,1,0,,2026-02-05 18:58:19,,,,CBE
8d907802-2dd0-46fd-90c4-d354bee2e06c,TESFA ZERIHUN HOP My,https://play-lh.googleusercontent.com/a/ACg8ocKHDEMVgmPa6d4ovbqImxgshjAKFWb__AvBZLRLyjCinfgc1w=mo,this so smart app,5,0,6.0.2,2026-02-03 20:39:54,,,6.0.2,CBE
d6e2da78-d86f-4fde-9368-154f557d1161,Mohammed Seid,https://play-lh.googleusercontent.com/a-/ALV-UjXye_WsXuwUuAPpqoWtEqywMV7y2DvLN9KzYXk1G05r8FKYMlIx,The newly added feature link acc. is not functional after I use for a few days and when we transfer CBE to Cbe birr due to unawareness of rules we lost money that transfer above the limit temporarily that brings us a delayed services and to fix the issue it takes time with fatigue.,4,115,6.0.2,2026-02-03 04:52:41,,,6.0.2,CBE
c16472ae-ea38-41e2-b028-02699418cc25,Wabi Alu,https://play-lh.googleusercontent.com/a-/ALV-UjXiAieQalomCItIEKw1J9kQYijMNPohWajF8FdknClxXRuLXdA,block na jalaa ta.e maal furmaani isa?,4,0,6.0.2,2026-02-02 22:58:23,,,6.0.2,CBE
9901c288-9960-4406-8cd0-42ff77dc12b4,Addis Desta,https://play-lh.googleusercontent.com/a-/ALV-UjXqkADZEtsMxK0ipc0GSLcdDlZ91bQCc4nN0-KD5Y6HgH8yDHjs,cbe birr yleyal 🫶,5,1,6.0.2,2026-01-30 22:24:42,,,6.0.2,CBE
5bd6438d-2768-4513-b29a-07655fc985e2,ZeEmebirhan 21,https://play-lh.googleusercontent.com/a-/ALV-UjXpr6PY1S9KmNi_NN35JjgGiXQJ29YHo09ijUEDnkoFCqbfiaRX,It's Very interesting and valuable app,5,1,6.0.2,2026-01-27 15:44:51,,,6.0.2,CBE
fc863542-01d2-4a4e-bc30-afce5d354ebb,DEJENU TAZEBEW,https://play-lh.googleusercontent.com/a-/ALV-UjWldg5Ciiy-xD7zrLrxPvo3P-ExZEfRGVU58gqKo4HDL4LdIkZW,can not properly work in my phone,5,1,6.0.2,2026-01-22 18:37:00,,,6.0.2,CBE
66e689c4-aad8-4d96-b60e-e677875f62db,Dreamy Pages,https://play-lh.googleusercontent.com/a/ACg8ocJY34xNoKMzrkg5a5DQavFY-u8ytchPw0CRinrdHmiqgmNTVA=mo,Perfect but no loan started yet.,3,0,,2026-01-18 07:01:05,,,,CBE
2c551ba2-0b2b-46ad-931c-71011d1931ec,Jatan,https://play-lh.googleusercontent.com/a/ACg8ocJALzxdLu6WQsH6eKSsc5TzX8iNHXQv7Td2twEOXO5di3lykg=mo,jatani boru huka,3,0,6.0.2,2026-01-14 13:26:55,,,6.0.2,CBE
11365996-7aac-43fd-a428-a487d9ea8da3,Girum Aschalew,https://play-lh.googleusercontent.com/a-/ALV-UjX7NTbIw19bTJUHbCd1GUEkGOKgNITgFtJEN9yRcft1BoKzmlLw,easy to use the app,4,9,6.0.2,2026-01-13 17:20:14,,,6.0.2,CBE
6d7b0707-017a-47ca-8ce8-495d878a4e26,Rabuma Bacha Rabbish,https://play-lh.googleusercontent.com/a/ACg8ocJsrhA7AkoSgclQaPcSs3AneovuJepXApeU3wOphX1UMd2oOQ=mo,didn't work,4,0,6.0.2,2026-01-10 00:51:08,,,6.0.2,CBE
b17abf3a-2728-40a7-ba60-76a7ca48ba12,Haylu Alemayehu boru,https://play-lh.googleusercontent.com/a-/ALV-UjXfdt2yhZASX04wnjGAOh9ZcqSXlr1W9As74ZC8rlvL6xpmopQ,nice to see you my app,5,0,6.0.2,2026-01-09 18:31:46,,,6.0.2,CBE
9f0faf9d-4556-4023-a8b3-2917ff076aee,Mijesa Kabo,https://play-lh.googleusercontent.com/a/ACg8ocL2zcc0fLDQxG7uUCWVl375Om6XHNWV1aWxjc4581LY_4lnoXM=mo,CBE Birr banking,3,0,,2026-01-08 21:02:19,,,,CBE
77f6d9c6-e565-45c7-84d1-d9a402fb2e9e,Chala Jibriil Ussoo,https://play-lh.googleusercontent.com/a-/ALV-UjWvOdH9hhxCkNMReQsLM33YEoMBBfHPjMQbJc37jTxTQ2Il8NI,good application for my transaction online.,5,15,,2026-01-07 19:12:39,,,,CBE
9ac95cf3-fa65-4376-b24e-62091cd67d0b,Amir Ahmed,https://play-lh.googleusercontent.com/a/ACg8ocIPCsk9rGbOhnJVQ2tH0HyVWtzpVUhol5vUju0j0KoFSM2iVA=mo,it is very good app,5,0,,2026-01-06 21:36:36,,,,CBE
bf73a325-42ea-47b7-985f-12f122f21d44,Tamaam Huseen,https://play-lh.googleusercontent.com/a/ACg8ocKIoFcNZw1r3r28KivGuXTHADIERLc-akx_nuq5UBn4QoAhAw=mo,interesting,5,2,6.0.2,2026-01-06 19:28:09,,,6.0.2,CBE
5266a42f-f829-4266-8b42-892936a7fe3e,samiir hasan,https://play-lh.googleusercontent.com/a-/ALV-UjXn0xlAiRO4awnmM27s6y2AshRicUXRx3UPEVir0gnpcUuHOx22,very good application,5,0,6.0.0,2026-01-06 15:51:05,,,6.0.0,CBE
c1f6f5d9-8b6f-4578-acce-967ab9477cc2,Temam Bilaal,https://play-lh.googleusercontent.com/a/ACg8ocK8cTVcTYl58Wu_-z1TTQVyyn8x7OS_r0_gOucCYKLRAvt_hw=mo,"amazing app, appriciete it, easy to use, latest technology and advanced technology used app helpful and useful app more significant app more creative App the Biggest on the world app very very very interesting and amazing app",5,10,,2026-01-06 15:42:42,,,,CBE
d9bd44f7-6d8a-4fa4-9701-a6f2eb19b553,abdulquadir quasime,https://play-lh.googleusercontent.com/a/ACg8ocKQ_8P1wr1_7WnSyN2yk-rh0XDwX6z2DnydW7-hKIUPBzUNkQ=mo,good rates,4,0,1.0.0,2026-01-05 16:33:14,,,1.0.0,CBE
7eee3a4c-1a36-4f2f-b256-c5c13095b5cb,Osama Kedir,https://play-lh.googleusercontent.com/a/ACg8ocL4zrZGQ2_-m6iTw3rC-3grmuJ5snkYYBLKwFuoUj7umeThMw=mo,why appes not for used me,1,1,6.0.2,2026-01-04 15:49:41,,,6.0.2,CBE
96ecdf9f-577d-4ea6-aebb-4b4a1a67aaf9,Solomon Gizaw,https://play-lh.googleusercontent.com/a-/ALV-UjVENRJtN6t5KjvgMEa_MgPW5phJCysNVQGiEq08Y_dzGr2OaeCb1Q,በጣም ጠቃሚ አሰራር ነው ።በተለይ ለማንገስት ሠራተኞች የተዘጋጀው ብድር,5,2,6.0.2,2026-01-01 19:59:13,,,6.0.2,CBE
62901105-8261-42ed-b8e4-0f13d2751492,Abdii Aliyyii,https://play-lh.googleusercontent.com/a/ACg8ocLCzXbcmkw72YCNlBBrFVaLD_DVSlbl2P2gkjs7NfkASVYusiE=mo,thank you🙏,5,1,6.0.2,2026-01-01 15:19:29,,,6.0.2,CBE
b7139c7a-10a0-477b-9969-bafaff0fe0ae,Ibrahim Ismael,https://play-lh.googleusercontent.com/a-/ALV-UjUtcFE2671-j8Fj5E0baRcSMTWSc6vykEy_9Z8hsPQqzIB5riXP,fixed problem,5,0,6.0.0,2025-12-31 17:44:37,,,6.0.0,CBE
17848279-8875-4288-aff1-b89d7825b003,Shami Qafar,https://play-lh.googleusercontent.com/a/ACg8ocIN_61XOopdF9pNwdC4lvgXy24zM2X-SurlbuOWZFIgmrDGVw=mo,to use easy safe amaizing app thanks cbe,5,0,,2025-12-30 15:11:37,,,,CBE
65d18771-2cb4-4369-bd7b-ea9cdea3ea6b,Solomon Tonjo,https://play-lh.googleusercontent.com/a-/ALV-UjVQTkUUdolONeILeWJdnN5qg8XuRLTnpQmeUWPiFXsvu1e5b1lr,Please ! assume as the the custumers satisfactions 😂,4,0,,2025-12-28 20:57:23,,,,CBE
92e1cdab-a320-4b73-b6ff-833a55cb331b,ABERA TEFERA,https://play-lh.googleusercontent.com/a/ACg8ocLvSckxx5LRYBcSLbK8-cGX_NK_sdzhEq0qvx7FS-B8Beqr8A=mo,good app ! update it!,5,2,6.0.2,2025-12-28 10:29:06,,,6.0.2,CBE
bbc7827a-aac7-4003-b786-331c162ab2b6,Obsanii Qaallooman,https://play-lh.googleusercontent.com/a-/ALV-UjU16ooASdrbreKSKMg_pGf8HEpW1UiG_cLscxnEfP4ZwqwNajQ,no digital awrad through this app,3,0,,2025-12-25 21:34:56,,,,CBE
ac321c29-b3ba-45fc-ad68-a408d307ed9c,Temesgen Kasahun,https://play-lh.googleusercontent.com/a/ACg8ocIoAjctXmesOY3opUOh_e1lFoC1wzkmE6WnjcXW0fOg_wKuNg=mo,የዘመናችን ምርጡ አፕሊኬሽን እናመሰግናለን CBE we proud of you!,5,0,,2025-12-24 19:25:09,,,,CBE
1a938904-9391-4640-abea-b951ae2a61a8,Abas Johar Habib,https://play-lh.googleusercontent.com/a/ACg8ocJ9jsoFAqKc4svePOkSlZL2MgSA0XYq2F6CL5sFcnqK2-S7uJQ=mo,I want useful this app,5,2,6.0.2,2025-12-24 19:02:52,,,6.0.2,CBE
743ee5a4-ae00-47df-aac8-bfa5a3ecf10f,Abebe Abbee,https://play-lh.googleusercontent.com/a/ACg8ocI3GxH7uRqQjdSrnAaWzX9N8FfvZYl55l-s8fqpHNqJIRH4Ew=mo,wow cbe birr plus!,5,0,,2025-12-16 17:29:27,,,,CBE
b415af03-fe1c-4ddd-8eb1-c220b38ce6b5,Tadele Teshome,https://play-lh.googleusercontent.com/a/ACg8ocIcl0lR0pdO2d1r4lCvkkbNMJDZIm6ViVReR72pTVHN0vWQwNo=mo,very simple and fast app,5,0,1.0.0,2025-12-15 10:42:56,,,1.0.0,CBE
7b2c8134-23b0-420f-8b7e-26ec2b1bdb98,Abdella Mohammed,https://play-lh.googleusercontent.com/a-/ALV-UjUNWCkEnoQn8TNwyE3ljnmQkN5e-z817i25WY3UtU4I7mXb3zI6,It's a good app!,4,5,6.0.2,2025-12-13 20:53:31,,,6.0.2,CBE
efcb1d50-b2ad-4225-8ee7-ff0de94f056b,Anuwar Kasim,https://play-lh.googleusercontent.com/a-/ALV-UjWdDZapvqvIuDe2wV8SovuRBKU_k5DFhMGC-neWaVfSd7Kc6obY,Best app and very easy to use,5,9,6.0.0,2025-12-12 20:55:24,,,6.0.0,CBE
2711f037-0dec-4305-a2c3-c4a91f4e14d8,tewodros fekadu,https://play-lh.googleusercontent.com/a/ACg8ocIrrQulTFmphV6zfFjnakFwL6AC_iJbCP9zFXuJVvqTnrmPoQ=mo,micro saving ena micro loan le hulum ethiopiawi sesera I will rate full stars,1,0,,2025-12-12 11:11:36,,,,CBE
61c0ef56-34eb-4fbd-a64b-da64a0f8f739,Yinebeb Adera,https://play-lh.googleusercontent.com/a-/ALV-UjVE6bxDCNA1te5yWUjGslFSiQRjIDstgaK3Rq561F1dNFSa6Zyk,Great app but Please update transaction limit ???,4,65,6.0.2,2025-12-12 10:59:02,,,6.0.2,CBE
1fc5c4f0-e3d6-4557-9e7f-92e27882caf5,Me Me,https://play-lh.googleusercontent.com/a/ACg8ocIzj3dONUCXeQ-Sy_bo3L7BJ_gWCWIpUSAk1lG29HYD37nG=mo,review more public and include Account and devices info,5,3,6.0.2,2025-12-11 23:26:53,,,6.0.2,CBE
7470ae80-9116-42d5-9798-a8ad0ad7430d,GUDINA DEJENE,https://play-lh.googleusercontent.com/a/ACg8ocKz4LCVvgXz1XZ2KftY7JspZM2nrKu4cr96b-_G0JtNXEBBng=mo,it doesn't work,1,7,6.0.2,2025-12-10 19:23:34,,,6.0.2,CBE
8ac57e69-66fb-4e82-936b-976565877f50,NATHAN MESELE,https://play-lh.googleusercontent.com/a/ACg8ocK19vjJ_39cVKuoqm_VIz7s8BM2AZ7KtTAL-CYua9nvMtK3MQ=mo,"Why is there a mandatory upgrade everytime I open the app, sometimes twice per day. Is it only me??",2,33,6.0.2,2025-12-10 16:32:05,,,6.0.2,CBE
d01ca3fe-fe42-4f56-a867-6233d4cff0d4,Hailu mengistu,https://play-lh.googleusercontent.com/a/ACg8ocK_Oii7dGBnAF7fM-UjuQ1vW1XddqApP6nScoMseDIsSn99NUI=mo,I never ever seen this type of fast and free application,5,15,6.0.2,2025-12-10 05:29:47,,,6.0.2,CBE
c648b500-ad14-4fda-ad8c-7d0a010a0234,Kadir Amaan,https://play-lh.googleusercontent.com/a/ACg8ocKntCAWihMxk8qZ8NYwL4WFxHjXeam5cZTt3AvxIIJTqpZrPg=mo,Alloshee xilloo,5,2,6.0.2,2025-12-09 23:03:13,,,6.0.2,CBE
46cd3698-66b9-4d4e-9a34-23f99e1252e8,tadesse meserete,https://play-lh.googleusercontent.com/a/ACg8ocJ6LqTbL6lz9gkkyRyziKVQhgLncOejXEy9P2gr-0-4bZ_JRF8=mo,አሪፍ ነዉ በጣም። ነገር ግን በአሻራ ብቻ ለምን ቀጥታ መክፈል አንችለም የግድ Pin ሁሌ ለምን እናስገባለን። በተለይ አብዝተን ለምንጠቀም በጣም ያደክማል። ሰዉ ተስማምቶ ስለሚጠቀመዉ Please በአሻራ ብቻ Login እናድርግ ክፍያም እንፈፅም ዘንድ Update አድርጉት??,3,1,6.0.2,2025-12-09 20:08:19,,,6.0.2,CBE
eb14e479-1dd3-4a2d-b414-8a84e2415f9b,mathewos tadele,https://play-lh.googleusercontent.com/a-/ALV-UjU6MTw9LFGQiKUeEpOqtDCj3b-nK0HB3_tRQSQLfG-hjEYECR0z,it is fast,3,0,6.0.0,2025-12-09 11:30:54,,,6.0.0,CBE
89e2ee05-666f-4f99-8c20-b25494e6d93b,Desalew Wondmu,https://play-lh.googleusercontent.com/a/ACg8ocKrOPywhqHLLmFi2ZZP0h2sdUv6VVohE8MxSaDGSPT_wXcB=mo,አፕሊኬሽኑ አይሰራም //security alert//,1,4,6.0.2,2025-12-08 14:41:39,,,6.0.2,CBE
7a5e808f-d9a5-4f7e-addd-06e53dba4985,Desalegn Lejebo,https://play-lh.googleusercontent.com/a-/ALV-UjUnt4H1aLRTuurq4oX5gL8wNWXaNLOBq2WD4-UnwA9d23fFBsiu,it's Fantastic app.,5,0,6.0.0,2025-12-07 21:56:10,,,6.0.0,CBE
4fb235d1-e925-4373-bc33-a8b3e6e112c1,xasan cali,https://play-lh.googleusercontent.com/a-/ALV-UjVHgUCdZLBXiqSj2ZgfYPcnsxqPR9FXwnkp-iPatcK7Pn33ZA,apps open free,5,0,6.0.0,2025-12-07 21:24:13,,,6.0.0,CBE
76b626eb-8d61-41c4-beb9-1d433703b73c,Daniel Tadele,https://play-lh.googleusercontent.com/a/ACg8ocIR7kn6K0wLSfZNBc2l-cdHw7Qx_O_aNViNqsDWtWJCwRnPzQ=mo,It's fast and enjoyable,4,1,,2025-12-07 19:22:21,,,,CBE
7b50b6bd-c406-44b3-8111-b9d9bebb6d03,Abel Teklebrhan,https://play-lh.googleusercontent.com/a-/ALV-UjWjHqaLyNRkxHwk8kxlw_HqLzwY4ljg8BC3gSPnN1-tYklUZoxy,OTP (Message sending problem ) አለ እሱን አስተካክሉልን,3,11,6.0.0,2025-12-07 15:57:00,,,6.0.0,CBE
ec21d359-7c7c-4a04-b277-5a2857ad3df3,Firomsa Abdujelil (Xaso),https://play-lh.googleusercontent.com/a-/ALV-UjXDy8sprlgRjgNmGD5AlgGea72JQ8ffQ-8E2ncwASnOeR6xS6Nu,"Security Alert This device appears to be rooted, jailbroken, or has developer options enabled. For security reasons, this app cannot run on modified devices. Developer mode enabled C Clearing Data...Security Alert This device appears to be rooted, jailbroken, or has developer options enabled. For security reasons, this app cannot run on modified devices. Developer mode enabled Clear Data & Close App This will permanently delete all your app data and close the application for security reasons. St",1,1668,6.0.2,2025-12-06 17:40:51,,,6.0.2,CBE
1cc86400-cf7b-48e3-a084-80d8687ffe9d,Yo G.,https://play-lh.googleusercontent.com/a-/ALV-UjUeuPIBjN20dtB2t4Gk74O4Ly-FTfbuo53UzGG_j9Gzd6El7Wk,It's not so good for update when l try to update the app it redirect all previous set of data and also inactive to use agian stay on Security alert what shall l do 😭,1,12,,2025-12-06 16:36:20,,,,CBE
66782fb9-ab34-4ef1-a88a-3a27b1679036,Zeku Zeki,https://play-lh.googleusercontent.com/a-/ALV-UjXVL6rqMeweowS5PLm2cEnKmUnD0YOzWCuNxHefrPT1qYRRn54,nice i love it,5,1,6.0.2,2025-12-05 21:07:26,,,6.0.2,CBE
6fb50d12-5305-48dc-aee2-ab2b9aeda0c8,Asresahegn Tamene,https://play-lh.googleusercontent.com/a/ACg8ocIzpKKWW4sFWVoWjD4Z-onH9G4cAMchh891t2l21kEJrCnElw=mo,I Updated my application,2,0,6.0.2,2025-12-05 18:03:11,,,6.0.2,CBE
f42034f4-f401-4ed8-b142-b766e5312fc1,Ayalew Cherinet,https://play-lh.googleusercontent.com/a/ACg8ocLGa2e3rxEtf5BwPyl84STVNCML7CgMgQG2UWSrHin_4l4VuQ=mo,"Commercial bank is the source of banking to enable private bank to develop feeding financial and crew of bankers to get knowledge in financial institution, the digital service which gives service in different sectors urge businesses to flourish and encourage development.",5,0,,2025-12-05 15:44:27,,,,CBE
926fd400-1454-49c3-bc61-4ee1a6b3ee56,Girume Ashu,https://play-lh.googleusercontent.com/a/ACg8ocIF_iBVHNtVr4J2LVZL41kVDJHhaZWec-otqvOZpxhnqM3AwQ=mo,it nace app,5,0,6.0.0,2025-12-03 13:52:51,,,6.0.0,CBE
318c52aa-7af4-4f59-93d2-97b1c3323abe,moa biru,https://play-lh.googleusercontent.com/a-/ALV-UjU7n7_nFftmtF8-x9z3YIj1LbIMXn3zvJpNtAz3FoHeZ0__3q5n,great app simple and fast but you shouldn't have removed withdrawal history for faster navigation to frequent withdrawals.,4,32,6.0.0,2025-12-01 14:59:54,,,6.0.0,CBE
7c6c79aa-94c4-4987-a95f-d0262f09cb62,Alemu Zewude,https://play-lh.googleusercontent.com/a-/ALV-UjVppnNPWMjUOlFhOUEeuChOHhHqCVK_TTkA-OkmkbfdpZt8RDYW,CBE Beje/Loan,5,0,6.0.0,2025-11-30 17:35:28,,,6.0.0,CBE
e6875bd7-db64-4f3e-a0d1-8243cbffb30a,jemal fano,https://play-lh.googleusercontent.com/a-/ALV-UjUisuCe5pstxw_8CanhAR6AeawHGz1e063X_wqsBATr3USCZPQK,ani kana dura itti hin fayyamine mee ni ilaala,5,0,6.0.0,2025-11-29 15:53:48,,,6.0.0,CBE
6447de0e-cd7e-457c-840b-b4c6c606fa10,Alemayehu aga,https://play-lh.googleusercontent.com/a/ACg8ocJVDZmImPCW3K6_Ox4JBfFDyvwvzJbaugImXNrqFC_r6qjvsg=mo,very amazing app,5,6,6.0.0,2025-11-28 23:42:57,,,6.0.0,CBE
4f7e2d31-c42e-47dc-aaad-96f54e4cf7c0,Simachew Shiferaw,https://play-lh.googleusercontent.com/a-/ALV-UjWqm7tYGTaGZO8JtlWRXx8Gkk48jP69_2g_t2qxuYcHVnmfrfHm,this up is exceptional,5,0,6.0.0,2025-11-26 18:12:41,,,6.0.0,CBE
23a4499a-8687-44ed-8b2f-32f25503ff07,Shanqo Vipe,https://play-lh.googleusercontent.com/a/ACg8ocL5wF8XDpoQHn6qJ3ltWEomvl6VKIoMqJ83j6vp-nk-nXt8tA=mo,Wow I love this app,5,0,,2025-11-23 16:20:57,,,,CBE
80355936-7a5a-49ba-a3d9-d3e8d9ec405b,Kebede Balcha,https://play-lh.googleusercontent.com/a/ACg8ocKX6qUJ-d6-cJSYOIugi34IjXoUyoIkvgHpk1kntrFWteV4Ng=mo,very good app in Ethiopia,3,2,6.0.0,2025-11-22 00:08:23,,,6.0.0,CBE
b11c1d2f-f301-4e15-8b92-c9ae64a6ce41,Firomsa Kelil,https://play-lh.googleusercontent.com/a-/ALV-UjV8936MeF53BXlO0pqRwxx3CAeNm0zR2_dbVsaem5B2Rkgl1ZMK,it is good a,5,0,6.0.0,2025-11-17 02:30:23,,,6.0.0,CBE
c41007b2-9b0f-4ded-865a-a95265eba5b8,Mohammed Seid,https://play-lh.googleusercontent.com/a-/ALV-UjXyku8W6FkM0XZMQVe8jk32zGjG9G6XTTkgKMITjsldPoG7Prs,COMMERCIAL BANK OFF ETHIOPIA fantastic app ever,5,4,6.0.0,2025-11-16 19:06:14,,,6.0.0,CBE
7cad589e-90dd-4974-8b00-4ff513fff635,Sir Zeru,https://play-lh.googleusercontent.com/a/ACg8ocIxTKeUsJp7I7D50hrxQcaltVuwtCES0XLMwEIYE6ucBlZrtw=mo,why do I need an app if I can't use it. I can't pull money from my account 😭. every update has a problem. and they don't care about customers,1,85,6.0.0,2025-11-15 12:45:22,,,6.0.0,CBE
112e9149-7735-440a-a7d7-62289711ec86,Bamila Behailu,https://play-lh.googleusercontent.com/a-/ALV-UjXqX30Xg2m8vBYL9CTREJIVAyscbg4eqyDkGQZKJpxd-Asz_qUm,"Imagine you want money and ordered the vocher code, then No message nothing happened.After a couple of hours or even days then the message will arrive😡😡. I have edited my star to 1!! Trash App I hate it",1,483,6.0.0,2025-11-13 18:40:27,,,6.0.0,CBE
9c2e91c8-674b-41a4-958b-189e0eaa015b,Petrose Aklilu,https://play-lh.googleusercontent.com/a/ACg8ocKV-mS0DuevOsI-QBTmKEoTr7gHNYrDskzuKOMEOH572nSo9Q=mo,There is a network problem,4,2,6.0.0,2025-11-13 11:50:43,,,6.0.0,CBE
e9848481-22ea-4470-9f08-5ed74096825e,Kinfe M. Eyasu,https://play-lh.googleusercontent.com/a-/ALV-UjUL99ozbBwd4mnw6EObSbTFX45uRD4QXgnwd9woYKAn_5dXevP4,It is very great app. CBE is working great. I have this one comment. Could you please make the 'pay Merchant' option at the location where you put link account. This option is the one most users will use regulary.,5,11,,2025-11-12 14:59:27,,,,CBE
ef8c4f1e-6e5f-4b99-8fd5-14a43122be9d,Eyob Belay,https://play-lh.googleusercontent.com/a-/ALV-UjU4yj9jYqQKrroDGGEWhKf42YDKzzMJWbLsE8K7WmrHtl6RvEo,useless app,1,0,6.0.0,2025-11-10 19:55:31,,,6.0.0,CBE
ccf6a766-f64d-4d07-9ab4-379d3a7ec8f6,Abdi Kenesa,https://play-lh.googleusercontent.com/a/ACg8ocIEV3gmiAGEfJWlcRp472uiYUi5X0WTTGEeSBog1iw0Ib7Hnw=mo,Wow I love this app!,5,0,,2025-11-09 16:24:07,,,,CBE
d0abae16-0e3f-40e5-8305-2abe5d34fa40,Seid Abdulbasit,https://play-lh.googleusercontent.com/a/ACg8ocL4usF_rmfdOIGz62_01mkFbbu48ExAHROAJJrqvXmTBN50_A=mo,please remove commercepal from cbe birr that is not a real business app. I believed them because they are in cbe birr app but after I paid they said the item is not avialable..and they are not willing to return my money back!!!!!!!,5,1462,6.0.0,2025-11-08 12:21:14,,,6.0.0,CBE
de6fbfdc-28b4-46bb-9f87-f6e0699c59f3,Beletech Dejene,https://play-lh.googleusercontent.com/a/ACg8ocLbx3f53FBMO7WED3mQwDD-qEgx8JWWKR7WXXQ_QEkUmD2ZWA=mo,keep going i like it🤝,5,0,,2025-11-07 17:21:22,,,,CBE
f441d9a7-bf9e-4a2d-885b-dfc1e63d396a,yohannes “Jossy24” mamo,https://play-lh.googleusercontent.com/a/ACg8ocJriKCXeKA-A8Cn1TVo354HWXRVYq0J6ALtOVapL_lydnzZ-fw=mo,ምርጥና ለስራ ቀልጣፋ,5,0,6.0.0,2025-11-06 22:02:22,,,6.0.0,CBE
57efb21a-8e7a-416b-bb19-66ca06b65956,መሲሃዊ Mesihawi,https://play-lh.googleusercontent.com/a-/ALV-UjXjsB1JWJ1ikRwZqjRqE4dtG9vdSf5ss4DblM8SrvokaaaV-o2K,it's best app but sometimes otp not come fastly,4,1,,2025-11-06 09:11:11,,,,CBE
6c777a3e-0719-4ba8-bcf7-a871ee9cef3e,Tibebu Adimasu,https://play-lh.googleusercontent.com/a-/ALV-UjVQWIk7P7ExqDDFksWvGIwq2orazBnUIQFmyUO2-Q4koHw1jmbx,one of the dangerous app,1,0,6.0.0,2025-11-04 16:14:14,,,6.0.0,CBE
db3a9a93-09c9-4e8b-9edf-d6a9f3ac35a8,Leula Beyene,https://play-lh.googleusercontent.com/a-/ALV-UjU2Cgm9pKrRuvVApRkM9HAngtkIaDP37EmnAjPZGiT1TADE7qxO,thanks app,5,0,6.0.0,2025-11-02 21:01:21,,,6.0.0,CBE
2767aafd-2bc4-4b0e-b49a-031f9a8a006d,Marara Wakjira Mrr,https://play-lh.googleusercontent.com/a-/ALV-UjXYAsVK74JKlQqm323VwDvMa5HJv9KUmKYNCEJRvvhVg8SlRdPA,Tanks very much CBE 🙏,5,0,,2025-11-02 18:22:32,,,,CBE
42edd0d4-ffea-41b5-b690-597d624a8444,Getahun Tesfaye,https://play-lh.googleusercontent.com/a-/ALV-UjVlsa4WwtnFtvL482ybtWhqj3wW3vEIF0U52KgpFJjGyCR86Lo,very good but make pin more than 4 dijits,3,0,,2025-11-02 15:50:27,,,,CBE
3a38f49a-758e-408b-a358-3850f63a5000,Gemechis Abeya,https://play-lh.googleusercontent.com/a-/ALV-UjXBg0_J_a8gCTPEmp0mBeAGPa9za7AOvHOrZrs2pXpSp1w1B0E,please attach how we can transfare in our binance or bybit.,3,0,,2025-11-02 11:09:55,,,,CBE
cebc7f3b-3a49-4c1b-8f6b-32d129c95483,Hizkiyas Tekalign,https://play-lh.googleusercontent.com/a/ACg8ocKb_XnI6vy-IT1ch-IFYD8uS52_0b8FVf21VwERoXCniubDyQ=mo,"This app is extremely poorly designed. Every time I try to transfer money, it just loads forever and then shows a failure message — but when I check my balance, the money is gone. That’s unacceptable. It’s frustrating, unreliable, and honestly disappointing. I strongly recommend using a different banking app because anything related to CBE feels like a risk. they should fire the developers of this app",1,133,,2025-11-01 19:26:00,,,,CBE
e9758814-4cd7-42c4-a4a3-4edc5b89b9a2,Fedhasa Solomon,https://play-lh.googleusercontent.com/a/ACg8ocKrf3TvX9I5Wu6OtPscEK3pP8eSIaaVa6KmOZut3Fo-XlJMQg=mo,It's Very good app,5,0,,2025-11-01 17:22:55,,,,CBE
5ea24c57-37d4-499b-9739-7f89ceb6be8b,Abdulmejid Muhammed,https://play-lh.googleusercontent.com/a-/ALV-UjU59Ys1-mNnRjXTpkFWIMPxMhf9Mtzzarq7B-ISRYHrAvUCzWZl,ለምንድን ነው ከንግድ ባንክ ወደ ቴሌብር 5 ብር ሲተላለፍ 11 ብር እንዲቆርጥ ያደረጋችሁት,1,1,,2025-10-31 20:56:38,,,,CBE
57426d30-45a9-462c-bc6a-d52c568c52f4,Abdulaziz Mussa,https://play-lh.googleusercontent.com/a-/ALV-UjXo5ZdZucNzTU7XtYMS13TbSkLKuRkDuRbeYEvjViWsBki0NdnD,በጣም ጥሩ ሥራ ነው።,5,0,6.0.0,2025-10-31 14:48:20,,,6.0.0,CBE
c9193188-56c9-48d7-8d03-ac8510ee55b3,Bamlak Wasihun,https://play-lh.googleusercontent.com/a/ACg8ocIC3zF7974lTA16aqvDXtXNzKpUm53g4rVN5-0vGKDdZiFajQ=mo,ሌቦች ናቸው ብር አየር ላይ ቀርቶብኝ send ሳደርግ ደውዬ አስመዘገብኩ እንደሚመልስ በ 3 ቀን ተነገረኝ ከዛስ አንድ የተመለሰ ብር የለም አጋጣሚ ለ shopping የከፈልኩት ብር ነው ስጠይቃቸው ደውዬ ቀኑ አለፈ ያላችሁኝ ስል አረ ገብቶለታል ለላክለት ሰው አሉኝ እንዴ ወደኔ እንዲመለስ ነበር የተነገረኝ አይ በቃ ገብቶለታል ሰውየውን ለምነው ምናምን እኔ already payment በሌላ ባንክ ፈጽሚለው ena በአጠቃላይ ሌባ የሆነ መተግበሪያ ነው,1,0,6.0.0,2025-10-30 14:32:11,,,6.0.0,CBE
807aa528-b208-4ccb-bb3d-10c3ef29ca3f,Awowey Yaxya,https://play-lh.googleusercontent.com/a-/ALV-UjXWCbQGa0ucoFDGlXUvg6ucul4eD1X3PRuoVKFoZcL6kywyvRbs,I like thi,5,1,1.0.0,2025-10-28 21:55:03,,,1.0.0,CBE
cd6ee296-463f-49c7-9a1c-ea0f5a0122c2,Esse Mohammed,https://play-lh.googleusercontent.com/a/ACg8ocLkknInRgJzRsIYJbB4jPsHdjQL0OD97_YI9aMal69Ui_jF1Q=mo,why it need update hourly it was good but know it ask updating hourly.please arrange it.,1,1,,2025-10-28 10:54:59,,,,CBE
d83cd7b8-fc24-46fc-ba31-95445cc3a7b3,Abebaw Abebaw,https://play-lh.googleusercontent.com/a/ACg8ocLqDwrBoycVt4Qnv3RmdTPKx_BjLFxGSP5WxGL5O_1_zqVdGg=mo,Abebaw Zenebe,5,0,6.0.0,2025-10-28 10:08:00,,,6.0.0,CBE
73327de0-0375-46f2-b659-e2552864792f,Asefaa Dabali,https://play-lh.googleusercontent.com/a/ACg8ocJ-lGJbcPwS_nEZmVbFWVy1_AKmSz-80OdNk7dtWiJ7CJjscg=mo,dammee g0saa,1,1,1.0.0,2025-10-27 21:21:04,,,1.0.0,CBE
0a9b4c78-fcdb-4db3-a528-c9a95fd8e0b0,Biniyam Chaka,https://play-lh.googleusercontent.com/a/ACg8ocKmAepHSykfXxAOTKCvf9C1fTWRJvPFQZ_jiLJiicL6AMB3gQ=mo,more easy to use..,4,10,6.0.0,2025-10-27 15:23:59,,,6.0.0,CBE
530d73c5-3360-40b6-b7fb-511e73a00975,Kedir Endris Muhammed,https://play-lh.googleusercontent.com/a-/ALV-UjU7jJxKD0F40LvB7wHDPd8vOSvxOlwEfubnp_DNk32hMu6hAKI,"Good app. But ""Linked Account"" is not working.",4,2,1.0.0,2025-10-23 12:21:24,,,1.0.0,CBE
cf20f7eb-ecc4-41fb-baec-c246ca1dd2ff,Faris Amad,https://play-lh.googleusercontent.com/a/ACg8ocJDnrd8hUMlANdSoa8QURArNQ51Awv8MgxTtw-pxq--DB8_-mQ=mo,I love you so much this is app,5,2,6.0.0,2025-10-21 02:06:01,,,6.0.0,CBE
4cb0ad37-b1c6-4d9b-bbcb-9384303d608a,Abba milki,https://play-lh.googleusercontent.com/a-/ALV-UjXf6FoCxv050aGc4FPOp5hf3ImVBOkKARc3axGxQMgbjH0Tp4Zb,"i want to re installe the app,so how it does work when i download and reinstalled it",5,8,4.33,2025-10-20 14:54:24,,,4.33,CBE
9fb6ec6c-739a-4e54-a6f4-60b103c0d415,Mesud Mohammed,https://play-lh.googleusercontent.com/a-/ALV-UjUjUaGrAN1bj_3frZlJxeN4nnV9Gmg3NaD48wUUZCGGZfKn23JW,This app is Good. but This week it glitches. the app say stopped working.,1,5,1.0.0,2025-10-14 22:30:21,,,1.0.0,CBE
80a1c4e5-fd49-480e-b861-524800c5ae2d,Igraan,https://play-lh.googleusercontent.com/a-/ALV-UjUmLLQNcTBLdXweKy7gbps0LlTOOj84mwJG_nJlASjVUy1livnt,I like it app,5,0,,2025-10-11 22:41:36,,,,CBE
5d2d843f-be40-4900-86cf-98dec252fc34,Nesru Sidik,https://play-lh.googleusercontent.com/a/ACg8ocIFEkJKMR247auxrVJEsh0jMC6F219FtgqRo5r7uMFdNdZ73Q=mo,This is the most important and useful app in Ethiopia,5,2,,2025-10-10 17:24:47,,,,CBE
fc7c6ebe-5bbc-43a0-b06b-6ab52ced5045,Abdulwahid Ahmanuur,https://play-lh.googleusercontent.com/a/ACg8ocLIrs1L3N_ZSFdvl3r3nyXMnmhcCnJlQb5B07zgjKFFEYwwtg=mo,Abdulwahid Ahmanuur usmaan,5,0,,2025-10-07 20:15:29,,,,CBE
ba573f87-8dd9-424a-ab35-d6b7a57aed21,Dawit Assefa,https://play-lh.googleusercontent.com/a-/ALV-UjVTmQuVJkNGwaEL-FruY94BJThfTAhtJiNiWO7S5NdkwXRHOW38,"The link to the account is not working, and the transaction history only shows records for the past few months. It would be better if the full transaction history were available.",4,167,6.0.0,2025-10-05 10:34:10,,,6.0.0,CBE
9da1f36e-8cad-4a3b-882b-a989fc5555a9,Rahul Luhar,https://play-lh.googleusercontent.com/a-/ALV-UjVrp3HJlILQmQ-_Z_hMR1yCv_27AYd_h15yaoWKmDqqrnQ4uy8,I love it... cbebirr 👍,5,4,6.0.0,2025-09-28 17:22:32,,,6.0.0,CBE
f0b77a50-40d2-4423-82e2-4490c284d51d,Infoxchange Box,https://play-lh.googleusercontent.com/a/ACg8ocK1C261nk5H_ScJ3h9AVlqDgMYLKAu3P_NIcZJgKIw89xHXgQ=mo,very nice except for its narrow texts.,5,43,6.0.0,2025-09-25 11:10:57,,,6.0.0,CBE
f68f75c2-ecb1-4486-be72-15ddfdffb2fe,ASHENAFI BIRHANU,https://play-lh.googleusercontent.com/a/ACg8ocIt7V6dMf8A2SthLcQzNAWdVpLimAcLfBOt5fmHOzhmDfhnwT4=mo,it is very easy and comfortable to use currently dominating digital Ethiopia,5,824,6.0.0,2025-09-24 19:25:45,,,6.0.0,CBE
ef5c4f77-70b6-4e48-8329-0bed75d06adb,Palek Kong,https://play-lh.googleusercontent.com/a-/ALV-UjUzGo0GMGWwPy-OybxEMlA1JE8OWhkdMq7GVufd2QQTP43XTPVV,nice app and easy to use,5,11,6.0.0,2025-09-23 18:11:52,,,6.0.0,CBE
323a54fa-29b3-41f9-90d6-8a74d362291c,Bereket Baysasaw,https://play-lh.googleusercontent.com/a/ACg8ocJLb_U0mFdP0hrwop_lIjR0urKRGMIYUDgkaLNUsYBdSCo59Q=mo,that's the access is very simple for every one and it has fast access 😀 to use it,5,6,,2025-09-22 16:08:36,,,,CBE
ac27dd5b-8899-4890-b053-83d560b43143,Legesse Gidey,https://play-lh.googleusercontent.com/a/ACg8ocJKSAK7cjg-Pi9EK9R7Zv0dbns9_S8QNj84bU3fK_V16ZrkWw=mo,After recently updated it become one of the best app that deliver financial e-service.,4,23,6.0.0,2025-09-22 11:38:00,,,6.0.0,CBE
0358b0d8-3d0d-4564-82d1-6e0a911fd650,Bereket Gezahegn,https://play-lh.googleusercontent.com/a-/ALV-UjUQXFSypnDfbWsUi2tZpZh8jbqN7w2SGWgp-H4dwvxROeg_K_Q,Linked account session is not working at all.,1,26,6.0.0,2025-09-18 18:28:57,,,6.0.0,CBE
9c55e7e8-74df-493a-9309-2b28581a0fc8,Shanoo Hashim,https://play-lh.googleusercontent.com/a-/ALV-UjW8VbLUNOa6Fn4vYueiL_xR9vk9Z5na9Y5zjRwIUvzx1pEgaUA,shano hashim,1,1,,2025-09-18 01:37:07,,,,CBE
1cb14dd7-9f10-411e-85b0-fc5010a15872,Bewektu bekele Lodebo,https://play-lh.googleusercontent.com/a/ACg8ocLGXjsGQyQcMFfym_2uGD1R3ooc_tPA40LokmaBuMgZAPOgsA=mo,(best app),5,1,1.0.0,2025-09-15 21:36:28,,,1.0.0,CBE
774143ee-b85a-4ce8-b20e-99e36b3bd305,Ahmedin Abdo,https://play-lh.googleusercontent.com/a/ACg8ocLwp6JVQ8J6CroCRvdWoZ4WpP8V3gR3V5XYYtYC2zTXPAx6jw=mo,Myself spurts,5,1,,2025-09-13 14:08:16,,,,CBE
dafa27f3-d8ca-4caa-9af6-ff7359c48e3c,Filimon Hadush,https://play-lh.googleusercontent.com/a/ACg8ocIJfhPjhT_FN37DvdySmL0-SXoXT9vDMRfSXucteFySaIdqeQ=mo,haftu terefe,5,1,,2025-09-10 11:14:32,,,,CBE
8e83861d-ec14-48cf-a40a-44efc325953d,Amanuel Dina,https://play-lh.googleusercontent.com/a-/ALV-UjXNbDUyFTPE2O7AP_lclJEwTder6MXdtraf7h11pb-j0A04bmDk,Now it's not working on my phone I don't know the reason,1,9,6.0.0,2025-09-07 18:19:20,,,6.0.0,CBE
58cc9b39-31fc-45fe-b79f-1b2402f8dcac,Miracle Abayneh,https://play-lh.googleusercontent.com/a-/ALV-UjXo8G3mKJivFa7UQEn3vWuDWqhVLO30srQ9WFJp-HNtemVpg0Xa,please update it if you can or fix bugs until now linked account is not working in this app,1,42,6.0.0,2025-09-06 01:45:18,,,6.0.0,CBE
fb3ae78e-98fb-42ac-9bde-60420be6b9d9,Seefuu Girma,https://play-lh.googleusercontent.com/a-/ALV-UjWMHzXEoB1pnuZwTckTQuo3FEJiLTJqimQfBiUlk4GIcHCU3t0,seefuu girma hayluu,5,0,6.0.0,2025-09-04 22:51:48,,,6.0.0,CBE
2814dd56-0e87-4f26-a840-70b4ce373d31,derege,https://play-lh.googleusercontent.com/a/ACg8ocLpnIwmfcBCrMlsP75gRhVbEnOoBvjt5lADZY15dBKDyIsK9w=mo,stupid app,1,0,,2025-09-02 02:14:18,,,,CBE
bef5c4a5-3f7f-4ce9-9c63-b375d3d0fa59,Haile Gebre,https://play-lh.googleusercontent.com/a-/ALV-UjWizIIWaVvoaEfzucqMTwrdGTbNr7CPE0PEHIPbVNAnemnxO0Kx,allways cbe yes,5,2,6.0.0,2025-09-01 17:16:14,,,6.0.0,CBE
b4fd0df8-387f-4125-b75a-19d349f44314,lbrahim lbrahim,https://play-lh.googleusercontent.com/a/ACg8ocIEIHWErQc_eRWe7hCB19Bq9T_wsqdI0rkpprP26KF2rXNqWA=mo,sometimes it might not function as expected but it's gets the job done.,5,18,6.0.0,2025-08-29 20:51:33,,,6.0.0,CBE
f97756e7-f1d0-446a-a8c3-7829f558d87e,Marifa Zeila,https://play-lh.googleusercontent.com/a/ACg8ocIAUXnN0MpiYXg-CV3DjvGsS-ClTqNfF6aYF4SOBTf3cZNThg=mo,Cbe Birr digital leader in our country,5,0,,2025-08-27 20:40:13,,,,CBE
5cae0a51-297a-415e-8048-0f11b14b8b10,Nigussie Kifle,https://play-lh.googleusercontent.com/a-/ALV-UjW74DzfO55sYXJbyGrnJgFNGwsxG30diIQ7cwhB-QZgS-7aJlAFXQ,Showing the owner's name when paying utility bills is a big change.,4,17,6.0.0,2025-08-27 08:47:11,,,6.0.0,CBE
30d80035-e8c9-44be-ada4-62e12df3a314,Kumaadii Abdalla mamad,https://play-lh.googleusercontent.com/a/ACg8ocKUqKrYv935pP72Cpwd0PgFmmGNAsva9u0Bm1fgWfGo2-HLvQ=mo,kumaadii Abdalla,5,0,1.0.0,2025-08-26 23:46:08,,,1.0.0,CBE
5a45a373-f318-42b0-a3bf-f37a5a326451,Eshetu Haile,https://play-lh.googleusercontent.com/a/ACg8ocLK2ivqcfyGIcC6lLBg22ddrK23He5ERxcvkFcoVIeh2OwerQ=mo,our proud cbe birr provide species digital financial service for government employees well done,5,4,6.0.0,2025-08-26 23:38:32,,,6.0.0,CBE
364a159c-4046-442a-9dff-5f881b2f5015,Mohammed Ahmed,https://play-lh.googleusercontent.com/a/ACg8ocKC2pdIRiOR3TX9__o1JFWW80uJEDKFU71Eq0IXcLKkk5n69FQ=mo,it is very reliable app,5,3,6.0.0,2025-08-26 22:05:56,,,6.0.0,CBE
242abd6e-8ba3-4037-9e0a-fa2585847f04,Hundessa Mirkena,https://play-lh.googleusercontent.com/a/ACg8ocKxM2V_Tse2jYiLMYfSU4Iy91cNRilOblqohwZtAf33-Qt35A=mo,Cbe birr app plus is great and easy to use,5,12,6.0.0,2025-08-26 20:45:59,,,6.0.0,CBE
41511038-4012-4c1f-9b8d-0321fa869b01,alemu desale,https://play-lh.googleusercontent.com/a/ACg8ocLcaFB6zCGilcir4FBisRj7Cr4TdTES0obEmNpSCEsTfwoPJio=mo,cbe birr plus is easy to use and no limitations for inactive and pending account,5,1092,6.0.0,2025-08-26 18:14:52,,,6.0.0,CBE
6f42a0a0-5d88-48ce-bb72-10066465e018,Simenesh Yaboneh,https://play-lh.googleusercontent.com/a/ACg8ocJ7AcGbEwhMPP3Rp4rA5uUy76If_64K5SzjGbZLaUqQNCipOg=mo,everything is fine,5,0,6.0.0,2025-08-25 20:43:29,,,6.0.0,CBE
e3df893a-095e-45da-bf85-665cd41b6990,Estefanos Tadios Geta,https://play-lh.googleusercontent.com/a/ACg8ocIFxUMG4Lsf6BA_M5AoZp3bVdJkoFf-4hXwa3nQVyc3B3Pq2w=mo,"ESTIFANOS,TADIWOS,GAT",1,0,6.0.0,2025-08-25 20:04:38,,,6.0.0,CBE
6c50d985-a05a-4112-864d-266872f5046b,Addis Kalkidan,https://play-lh.googleusercontent.com/a/ACg8ocJIq92DE8zhzgEGq4Dw50GC-_W5R-OqzBmmiQWM49lKnikNaw=mo,it take more than a week to update,1,1,,2025-08-25 19:58:37,,,,CBE
6829f857-9f5b-4ae5-b7d4-027387c8acd9,Wolellaw Kindie,https://play-lh.googleusercontent.com/a/ACg8ocLUL7OZZJlwy8ZQLnTEDWz8hM2_XihNG4MGMQMA2tLyedyCKLI=mo,why this app is not functional.,2,2,1.0.0,2025-08-25 18:47:51,,,1.0.0,CBE
fb1b7274-bdcb-4a96-b96e-f37d0b21a827,Henok Gebrehiwot,https://play-lh.googleusercontent.com/a/ACg8ocK4j_pyPj1EGZSrMkuytJZQ449m5f6iHWbsd1wPFVnwiYtZ9A=mo,Its such good morethan CBE,4,0,6.0.0,2025-08-23 17:24:39,,,6.0.0,CBE
40276fb4-16b6-4e0a-928b-5ab07a9eee94,alex arget,https://play-lh.googleusercontent.com/a-/ALV-UjXNx6wedJ7xzOqkbsJldAzNIQ0fzQQcmXfu1Cs-R4WPrQekfHA,amazing Application,5,0,6.0.0,2025-08-23 15:11:38,,,6.0.0,CBE
eda1ef0f-f6aa-4634-94c4-a85e18d734aa,Dagne dejen Erko,https://play-lh.googleusercontent.com/a/ACg8ocLgHBZE2dGagrPGEo5ZtJfrpGK6yJjacQyiXLN_lESZDvgSSg=mo,really ethiopia commercial bank,5,1,6.0.0,2025-08-22 14:58:11,,,6.0.0,CBE
a07115d2-d589-4de6-965b-0d8dbdeee4da,Mesay Million tesifaye,https://play-lh.googleusercontent.com/a-/ALV-UjVto1RblSylAKPjbcPRJAPOTPS6KRpLsWVqf0yb3F6s7B3g4KoI,wow i like amesing,5,0,1.0.0,2025-08-22 12:15:30,,,1.0.0,CBE
0abc4400-a36a-4ad1-b268-d9367007a873,melese tsegaye,https://play-lh.googleusercontent.com/a/ACg8ocIOuNuwnxZxLDW7qjhWN3LVJRj4HTU41HIj_gbCk3tYo3AfiQ=mo,very good apple,4,0,,2025-08-17 16:39:14,,,,CBE
66786b66-bb47-4ca4-947c-1d762d544d4e,Abdi Salih,https://play-lh.googleusercontent.com/a/ACg8ocIbFGEMlO7SorcOSy79a_5ot6CNymcieoJqmGVpurPS1vlazg=mo,Best of the best app,5,1,6.0.0,2025-08-05 05:28:30,,,6.0.0,CBE
b41ed299-95be-42ad-a50f-2d84355dcd79,Desalegn Bezuneh,https://play-lh.googleusercontent.com/a-/ALV-UjUD-Wk2axSsQso1ALGQy3buzx4PhbTVB1OB-YsUeLpxII7y2moP,Very nice app,5,1,6.0.0,2025-08-03 21:07:43,,,6.0.0,CBE
81c079a3-137f-4665-bda9-34522cc7ad34,tesfaye abera (Abera tesfahun),https://play-lh.googleusercontent.com/a-/ALV-UjVJwknMlRm4Nqwyiu_DxRVzRQHBBrXFbOOKc9HLqDUspR9iPbDP,its very Good app,5,1,6.0.0,2025-08-01 01:47:38,,,6.0.0,CBE
7efe7f57-d278-4b82-8d5d-9e44b825b25a,Bisrat Yibeyen,https://play-lh.googleusercontent.com/a/ACg8ocKRX_6GbHFrT7nOMqeh_sjKUpsdGAbk5FsBuWF-C10NJ1t3kg=mo,እባካችሁ አፕሊኬሽኑ ጥሩ ሆኖ ሳለ 1) transaction run ለማድረግ በጣም ብዙ ጊዜ ነው የሚወስደው (due to crowded connection) 2) link የተደረገውን አካውንት በአፑ ለመክፈት የማይሆን ነው። በጣም ነው የሚዘገየው። እባካችሁ በተቻላችሁ መጠን እነዚህን አስተካክሉ ሌላው በጣም ጥሩ ነው።,4,2,6.0.0,2025-07-31 17:25:22,,,6.0.0,CBE
2e73c23d-6fa4-413a-b1f2-261eaa9c33be,حسين حسن,https://play-lh.googleusercontent.com/a-/ALV-UjW-cLbotuxICf1bzbDpfgmcMWwi7gHfGezYEe4oOFR4gHK78Kc,baay'ee baay'ee gadhee dha bankingiin cbebirr maalif yoo jettan 1ffaa dadhabaadha dafe hin dabrsu ariifanna hin qabu,1,0,,2025-07-30 13:56:04,,,,CBE
211a399e-e88a-4d8f-8e8d-1c36abf40691,Wendwesen Geze,https://play-lh.googleusercontent.com/a/ACg8ocK5tSzNRe9ww8RlvsLjfX8dOZaAvOFABikJOHjGsUKOh1mubA=mo,✅ By far the best finance app I’ve come across. I strongly recommend...,5,3,4.31,2025-07-25 19:09:29,,,4.31,CBE
b82bf111-ad3c-4a52-9497-5f45a1229a5c,Yordi Niguss,https://play-lh.googleusercontent.com/a-/ALV-UjVIeD8UF2DVNja3S6GXpygKhSDuSSQPpyprSjR9j6lu6ZF9w6Q,we need CBE-Birr Agent App,5,0,6.0.0,2025-07-21 20:26:44,,,6.0.0,CBE
fd64b7c8-cba4-4845-8a6e-69b6a93f9284,Aziza bint mebrahtu Azuu,https://play-lh.googleusercontent.com/a/ACg8ocLpwt6Sz6hNKL1eUWmQwsUI2dk6XYBhiT62iUcXLw1n7uC5uw=mo,this apo is good,5,0,6.0.0,2025-07-20 20:48:42,,,6.0.0,CBE
60bf079c-755f-4a36-9afb-296ff2a4e54c,Tesfaye Melaku,https://play-lh.googleusercontent.com/a/ACg8ocJyG2uYfWPndNkPMWOMntQ2q3dmi63-5NNnpmeM6S6gIVDy5w=mo,Best app for digital banking.,5,1,,2025-07-20 17:33:19,,,,CBE
44ec7312-610c-4e8f-9a42-31c1b9406d57,Zerihun Demere,https://play-lh.googleusercontent.com/a/ACg8ocLTwqMyiLULUHc_4fzTqA2WuE6KSQq5ik6-GSLr2lzra9QuoQ=mo,best simple and fast app,5,1,,2025-07-18 17:58:14,,,,CBE
5663fa86-0119-4574-9be3-0dd34193f426,Haylie Adugna (Adminstrator),https://play-lh.googleusercontent.com/a-/ALV-UjUohypwd05ITRDbOMr__RhcrMB2j0bnYqoDsvQNTH_FYI5rWGiY,Not user friendly,1,3,6.0.0,2025-07-16 19:23:07,,,6.0.0,CBE
2ac1d223-4063-466c-93e6-c149d9efa2d0,Zinabu Shimelis,https://play-lh.googleusercontent.com/a/ACg8ocKSglkGcbjME9gyKPbLjW1JvmTrqobZbkIhoS7xyk-rS5KDUA=mo,very nice and good app,5,1,6.0.0,2025-07-15 23:09:01,,,6.0.0,CBE
c2459c86-5b9a-4736-aed8-864f484ce234,Endale Talema,https://play-lh.googleusercontent.com/a-/ALV-UjVkKg0qxQBDnf-poX-KSUI7SrcjGKzVlEERAcXffQSqE4v8gus9,አመሰግናለሁ በታላቅነት ቀጥሉ,5,1,6.0.0,2025-07-13 00:04:51,,,6.0.0,CBE
7886e315-0a81-41b3-9d1a-2c3e907c96a6,Amogne Tsega,https://play-lh.googleusercontent.com/a-/ALV-UjXYKq5MyL-hzQZi_CxoZipN1XfjOiMpDRo1O3pzwzYwiQzKlzN-,best and good security,5,2,6.0.0,2025-07-09 20:41:48,,,6.0.0,CBE
fc3c28d5-20a3-43d5-a18f-05b275809770,Yonas Dagne,https://play-lh.googleusercontent.com/a/ACg8ocKVFkVCy_i71N_MGRoBDOlTPHKkT5PKsxeeT4VZ7PZKzR_TLA=mo,i think its wrong promoted cbe birr,3,2,6.0.0,2025-07-09 12:03:04,,,6.0.0,CBE
4b272549-2962-4f16-9d49-8f0796b3c98a,Demissew Shibabaw,https://play-lh.googleusercontent.com/a/ACg8ocJstvK0M6qToaJDqIJWvqeY3NY4rA1uR1aI2gtarrEihbh4mA=mo,i have one question .why don't functional at the moment ?,5,0,,2025-07-09 06:26:32,,,,CBE
436709fa-44c6-4dde-8e3f-36bbc9e5b476,Teddy Teddy,https://play-lh.googleusercontent.com/a-/ALV-UjU9WFmXOMO_HcfKLAhFMpOKKZi7tBIR_R17g1fw-0xQ4kRHeIzu,everything is there enjoy it.,5,3,6.0.0,2025-07-06 20:11:34,,,6.0.0,CBE
947ab165-51bb-4b9c-be06-3f46e69dab21,Asrat Fenta,https://play-lh.googleusercontent.com/a-/ALV-UjXKizsfMLPIPnxcnELGY1_rBk1Bl9N2tPajM7Ze-JklgW9w6oBU,impressing,5,0,,2025-07-05 08:05:33,,,,CBE
aff43f9d-c205-49fa-b1ab-d8706f0baf54,FIKIRTE GETANEH,https://play-lh.googleusercontent.com/a/ACg8ocK3unFF6kn7ylTfLCluawU49mMrVLi2S6503BkWg6k3v9GTSA=mo,easy to use. i love the cardless alternative way of withdrawing money.,5,8,,2025-07-04 20:46:36,,,,CBE
f023379d-3c14-4132-acd9-7cba777e35d6,Nuradin Ibeahim,https://play-lh.googleusercontent.com/a/ACg8ocLfESYF8XIx9x0e6A2rR9De904ZPNGS7lGVhHOV4udPstr6vA=mo,all the best,5,0,,2025-07-03 22:12:47,,,,CBE
b7fb0c3a-5077-42f8-b68c-df9ef4e94701,Dereje Yeshitila,https://play-lh.googleusercontent.com/a-/ALV-UjV8yGAldmFE7SINg1whEejVbD5PDw4PVgCQYAX1Kx_wnbECsDEW,it is just a marvelous app,5,0,,2025-07-03 20:09:00,,,,CBE
0b746af1-f907-4656-bcc0-0521fc8493ca,Mahadererigetu Mahadererigetu,https://play-lh.googleusercontent.com/a/ACg8ocLz08XEVXzycGckcCbw4Hn3mNIwSuIJ5kKEO-ckbJ-SeH4CZw=mo,very nice 👍,4,0,,2025-07-02 15:10:10,,,,CBE
c835758a-511c-46f5-951a-c81160386c8a,Kira Teshe,https://play-lh.googleusercontent.com/a/ACg8ocILX9nYwrnydqfkhOgcQVNiaFwJKtj58h6tF1srrh5TSDmliw=mo,it doesn't work most of the time.,1,1,,2025-07-02 09:27:34,,,,CBE
eebb6bb0-2974-451a-a811-7dc1a70ecf5a,Amiha Amde,https://play-lh.googleusercontent.com/a-/ALV-UjU6gh46isCsPjgQnaC3YoEXn7cWfo4NuyDg9Y7JZ6ts70hlDXvU,I use over 6 year,5,0,,2025-06-30 21:19:23,,,,CBE
aab9b607-a575-4549-9e46-5e00bfeff947,Sam A03s,https://play-lh.googleusercontent.com/a/ACg8ocL1m5hAX9dfZpMnMbM3KKiJEgEOkW6WtM9m-YEmXitr3zJnhQ=mo,besteofthe beste,5,0,,2025-06-25 15:51:25,,,,CBE
4acbc7a1-14b2-45aa-a56d-e3ce39dec407,ALI Mahammed ALI,https://play-lh.googleusercontent.com/a-/ALV-UjWYMAfJXUXPDSv7qq6Wm1PB6GM68mkiK59zYVaDduOaNU4DXrBS,pest of Pest cbe birr,5,0,6.0.0,2025-06-23 15:48:13,,,6.0.0,CBE
a7ed3c9a-5923-42e3-a6e0-6199acbaf97d,Tigist Nigussu,https://play-lh.googleusercontent.com/a/ACg8ocJmddTmm9-NpLXE3DFNKjW66E18PcKG3n9djvtNa0GhLHm3Pg=mo,very simple easy fast,5,10,6.0.0,2025-06-18 13:45:40,,,6.0.0,CBE
01d4e6cd-b0a0-401d-a351-a5046a7de38d,Kibru Samuel,https://play-lh.googleusercontent.com/a/ACg8ocImFayjgh0cBwzDrt2HN0cRceQ62QwHRyBvxBYD9EJJOVXQ8w=mo,cbe birr app is super in Ethiopian no one reach mobile money for future this ap will control east African.,5,2,6.0.0,2025-06-18 07:24:14,,,6.0.0,CBE
5de937aa-a4ba-4d5a-9c06-b6f731899cf3,Biniyam Daniel,https://play-lh.googleusercontent.com/a/ACg8ocLUFOz6rrAFAq-lFihDM5Ch1ZBRkPk5hd_LMVHbeF2yp2cG=mo,it's good for me,5,0,6.0.0,2025-06-17 15:02:19,,,6.0.0,CBE
e070bde9-0cdb-4af9-8ebc-14858cdb0434,Wubshet Tsegaye,https://play-lh.googleusercontent.com/a-/ALV-UjVAnnUFLdLo3TJOP974lsKyx3ac6Ul45Uzq-hhUOmg5hw8nO6Q,በጣም ደስ የሚል መተግበሪያ ነው,5,0,,2025-06-17 14:49:20,,,,CBE
b01beabf-52d6-4786-8083-43b7b9da1ff1,zemicheal tamene,https://play-lh.googleusercontent.com/a-/ALV-UjUSAAw2daMCEviKD5hLxKVhD-ceBOHv2QMxxXFy7uIy77Bl_fBU,the application is progreesively improving and becoming the most complete,5,3,,2025-06-17 13:13:09,,,,CBE
540aeba5-536e-4818-a22f-d5d8f3c80dbe,Nebiyu Ermyas,https://play-lh.googleusercontent.com/a/ACg8ocIwxZchvGubU4SoVKsXfdfVWegSGSMkbmVc6QElNupIujdE=mo,Difficult Login and Glitches,2,7,6.0.0,2025-06-17 11:49:32,,,6.0.0,CBE
bdc489d4-2a05-4af9-9664-78d88528fe1e,Tilahun Getaneh,https://play-lh.googleusercontent.com/a-/ALV-UjWhlTm3iVtrcnBYzlIklvjr7xsGVJkcenOJfUHp_YqDnNtaOEA,I TNX for that you are introducing this app. Further I might familiar how to use it and can ask your's help.,3,3,1.0.0,2025-06-16 14:51:55,,,1.0.0,CBE
32104475-d318-4951-a908-79977ddf9958,JSSU AMEN,https://play-lh.googleusercontent.com/a/ACg8ocKW9Vhx5NUJdRbs0zqT5azQfA585RELEXb_IBhvlfMjJApZkg=mo,Nothing working 5 🌟 back to 1 🌟. even it doesn't open.,1,25,6.0.0,2025-06-16 09:42:03,,,6.0.0,CBE
1e6f3759-0b6b-40bc-af24-e38d2c735728,Eyob Maru,https://play-lh.googleusercontent.com/a-/ALV-UjWoHRcfEQXHLE_Zt4DU4POL4vqeazsk3UW4eyHIvhw9WYWKKwCh,great app the only issue I found is when the customer name is too long it displays the last name of the customer which is confusing and transfer to telebirr should be included,4,157,6.0.0,2025-06-15 23:33:43,,,6.0.0,CBE
6d8adc90-6214-47ca-9e40-347a3f337b01,Lomi Tube,https://play-lh.googleusercontent.com/a-/ALV-UjWDcLFoV_Ps42fOK2yZw4FSXypHEvMx3sWh5rIFYDm7RfuBIII,Thanks Plus one,5,0,,2025-06-14 13:32:28,,,,CBE
5a2944a6-8172-4a8b-89dd-d0d617b26894,Fikru,https://play-lh.googleusercontent.com/a/ACg8ocIrtbcc17sZJIMaWJfuYb1GbuqZiwrMXHYKgUQUonzEfgsVlw=mo,"Sorry, the pre-validation request is Pre-Validation. The reason is Pre-Validation confirmation is Timeout.",5,2,,2025-06-13 23:44:28,,,,CBE
dea6e8fa-82f4-4966-b9dd-a66c3a3c9aae,Kalid Arife,https://play-lh.googleusercontent.com/a-/ALV-UjUuLVkdkueeCK8kZVv--9KqlAsjyPIN7HNmrTqq7Ij9hXRCWlg,arife love 💘 speed App,5,0,,2025-06-13 19:01:14,,,,CBE
2b44ea50-f3fb-42ef-94ea-00ece91c3e3e,Husni Dh,https://play-lh.googleusercontent.com/a/ACg8ocJtypkvIBdFYbe6ku2ifwFbQUsKqi97QQwqaJGk7L2IHNrvzQ=mo,It is fast and advanced app. for all related business processing,5,50,6.0.0,2025-06-13 00:08:58,,,6.0.0,CBE
55e00a11-4115-4308-a9c4-d7bf96cd5185,Thomas Tesfa,https://play-lh.googleusercontent.com/a/ACg8ocJsnLCu8u4n9oe9bFEAqAchXjxlR91rNnYHwDFC5EBzwFYx2w=mo,best of our bank product,5,0,,2025-06-11 10:03:05,,,,CBE
e5efaf90-f8a4-4aa7-a472-4e064196cfc2,Yikeber,https://play-lh.googleusercontent.com/a-/ALV-UjWh5iVRd7LBSwthxdDWtF886uk4p5c-3QuAnfbMdLh6kSvwu2K7,i hate cbe at all,1,0,,2025-06-07 21:01:06,,,,CBE
eca518b5-648f-4016-9758-e9af1b273868,Sitota Gudina,https://play-lh.googleusercontent.com/a-/ALV-UjW7FAIOM1Alwzt2gry_iayp54Rb4VrnQPfpf37HJfwEVS0brfg,Best app I have ever seen.,5,0,,2025-06-07 19:43:38,,,,CBE
a80df13f-7d68-46e7-bdec-ca1af9e1a316,Bereket Blessing,https://play-lh.googleusercontent.com/a-/ALV-UjUnA4VWDkpcHGMlP50_Kgbt9mvCyxRRdJJ7MHokcGHHTe0X87AT,it's a cool app.. but this last version is not working check it out.,5,25,6.0.0,2025-06-07 17:49:27,,,6.0.0,CBE
8fb51a09-6420-461d-a94c-884f85b59984,Mohammed Hassen,https://play-lh.googleusercontent.com/a/ACg8ocL0L-tLV7D8qtb7km8OYFG_Yck8p3vi0O5LrURIpVvBLND5Tw=mo,all in one,5,0,,2025-06-07 09:24:20,,,,CBE
42e5a479-3787-44cd-bf78-ec2802c337cc,John Mak,https://play-lh.googleusercontent.com/a-/ALV-UjUYMbdOr9cfCxYpS68iGuEou__JgjMeO6L7dGdEXS1bijPduQRm,can't buy internet packaging 😕,5,2,6.0.0,2025-06-06 07:45:30,,,6.0.0,CBE
e707a79a-0e09-48c7-8803-448113e3b4a0,Humne,https://play-lh.googleusercontent.com/a/ACg8ocJCDE6tzMq5EryaQh2gFz4aK-k1GKIsiHb-RMq-c_h4xF8gqA=mo,disgusting,5,0,,2025-06-06 07:22:44,,,,CBE
e59caef5-279d-4639-93a5-db4b9aa10181,Hunter Exe,https://play-lh.googleusercontent.com/a-/ALV-UjV-GhMm3BgbZmgdcVY0ZsPykLDYBXwZMOxZwdRRhrrrhYauleWI,after v6.0.0 its not working it keep saying network problem in the login page 🙄,1,26,6.0.0,2025-06-05 16:51:46,,,6.0.0,CBE
bbeaa263-1305-4443-be13-3ba25ac266ef,Amanuel Abebe Lenjisa,https://play-lh.googleusercontent.com/a/ACg8ocKHTqBPuCb-xFrE6KVVggj9E8D4rattdfyURf3YEUI4Go42xw=mo,the most disappointing app,1,0,,2025-06-05 11:41:08,,,,CBE
62efdf38-8ecf-4074-823e-93c7737e8ba6,Awushe Tesfaye,https://play-lh.googleusercontent.com/a/ACg8ocLCAvfQpQYyTueXbqyAsZE-EKBdvCBityzW0X2Rb3Quu6RHZok=mo,our cbe-birr is good app,5,2,6.0.0,2025-06-05 09:57:17,,,6.0.0,CBE
989c9929-e653-4ffe-95d4-7d1f0d359b35,Adugna,https://play-lh.googleusercontent.com/a/ACg8ocLOg2k8VKoWvXK1MSboDAgWmWSHWrsd4kiJ16Iqjs1oPjs1tQ=mo,በጣም ቆንጆ መተግበሪያ ነው። በተለይ ደረሰኙ ደስ ይላል። ትንሽ መሻሻል ያለበት ብዬ የማስበው ቀጥታ ደረሰኙን ማውረድ አለመቻሉ ነው። ወደ google chrome ወይም ወደ ሌላ ሳይሄድ ቀጥታ ማውረድ ቢችል መልካም ነው።,4,0,6.0.0,2025-06-04 22:21:42,,,6.0.0,CBE
d225a6a9-60cf-4aca-9e15-ce43fefe71b1,Guan Jiech,https://play-lh.googleusercontent.com/a-/ALV-UjVXoO1JI4ip4UjmYQVo0GNzZaaQiRmUfzrktEpyJIYQ_-Eqr6U,It's really good 👍 👌 😌,5,1,6.0.0,2025-06-04 20:22:21,,,6.0.0,CBE
99b0d943-7a63-4184-b6d5-660fe8930e02,Bamlaku Berassa,https://play-lh.googleusercontent.com/a/ACg8ocJOezrawyYCJS2OcubjPbO2hFqKM9jfHk_YV6aqq4M8HylW8w=mo,loved it it is easy to access also gives direct cash withdrawal service,5,29,6.0.0,2025-06-03 15:29:08,,,6.0.0,CBE
f7dabe87-cac8-498a-b9d0-5a962e353781,tebikew tarekegn,https://play-lh.googleusercontent.com/a-/ALV-UjW1RUoJoGkriu10jvNyDdOc9FIfLovwPR66BaKmmqLzzeDrm02j,It is good app.But it requires strong network .Please make it like Mobile banking app Which is functional with lite network .,3,22,6.0.0,2025-06-03 12:01:22,,,6.0.0,CBE
6e3a93cf-b78c-400b-ac0b-5b76929ad1bb,Samuel Desta,https://play-lh.googleusercontent.com/a-/ALV-UjWidaveX1yRIw9xokxDQr1RCPCqUJh73KqNqKOdiu4zYqBVWfM,"the new update have network issue,pls fix it.",1,3,,2025-06-03 06:43:46,,,,CBE
674727ab-7a30-468e-b004-118eb8006e8a,Onuchukwu Chima,https://play-lh.googleusercontent.com/a-/ALV-UjWAhixeY7O-LjCyOQZpJVvFPlFWhX5bJiY-x4w2sHHw8fTz8TYP,very much good,5,0,,2025-06-02 23:26:11,,,,CBE
bba6bf57-8757-4da0-b697-532d65f0f655,Talegeta Ayalew,https://play-lh.googleusercontent.com/a-/ALV-UjWDZXYr2Ze5ZkdC8RzBxLso3nCdJ1qN7UFQZC2BJRvcOk9g0V8o,It's CBE commitment for Digital banking. Great feature app!!!,5,60,6.0.0,2025-06-02 14:22:36,,,6.0.0,CBE
10397e12-f0ab-430f-8f9e-8ddbd4dcd114,Akililu Salfore,https://play-lh.googleusercontent.com/a-/ALV-UjXylRqwNUVGiUCFImj9FDP5xmdBRj2doW2BCQrgmkp4BNyi4T_-,"low level for saving level 2 75,000 why not 750,000???",1,2,3.1,2025-06-01 21:23:00,,,3.1,CBE
c3bb042c-844b-4580-98b9-df418622b2fb,Hamid Abdella,https://play-lh.googleusercontent.com/a/ACg8ocKxYO7gSAW0PgoFvwbHi4RxuoH8jHuTKOA20Pv-CtODfkn93w=mo,it's very good app,5,0,,2026-05-12 11:50:32,,,,BOA
400ce769-3726-43b2-ac4d-755b3a15f026,Eyasu Dawit,https://play-lh.googleusercontent.com/a/ACg8ocL6ua4ASGLRmSTGQZ0CJlxuf156jH8O76CYg3jTwZMfLiPGBw=mo,this app is good but the speed of app is very slow,2,0,,2026-05-11 18:18:54,,,,BOA
e77089b3-aecf-45e2-a64a-ce917fc4233a,haileyes beyene,https://play-lh.googleusercontent.com/a/ACg8ocJ4yxj8_l8M5xlCT3LezAiVgAKnlqyn8whZgXpDGUG4VRbKWQ=mo,boa the best,5,0,26.02.21,2026-05-08 13:47:07,,,26.02.21,BOA
41c64c67-b81a-4326-83c4-e95044aef7f6,Feya Ahmu,https://play-lh.googleusercontent.com/a-/ALV-UjX4HtYL0JECk4gDJ3kzOF1ofn_stjupY_18YwRBOi8nt9hA4TE,bank of absiniya is best bank in ethiopian,5,1,,2026-05-07 10:33:06,,,,BOA
59c55c58-88d5-4000-bdb3-fe95ece44a44,Yankee Serra,https://play-lh.googleusercontent.com/a/ACg8ocI8vBck9wmfjh7kIUs3FlXnM2VMA96AlZstzpMpLB3pZ4TrroY=mo,አስተማማኝና ዘመኑን የዋጀ,4,0,26.03.13,2026-05-05 11:03:08,,,26.03.13,BOA
31476ccf-eccc-4f13-9576-286a3857232f,Fanuel Abush,https://play-lh.googleusercontent.com/a/ACg8ocLVJWvGRUs61sWMECMbWHvgLFdW-QQNNfDTep9uIoixj-S0UQ=mo,extremely slow app and unreliable for most payment i have stuggled to much with this,2,0,,2026-05-03 13:40:13,,,,BOA
cbf55621-3ea4-4a60-9eef-2c76df81c961,Yechale Gedefaw,https://play-lh.googleusercontent.com/a-/ALV-UjUiIHkmRwcEJZRGfoQ30ESy8ZSHuG3ns1ZL8mGpn7hT9Vv4WcE,Amazing app,5,0,,2026-05-02 15:48:30,,,,BOA
63ebb0e3-90cf-4ac2-b914-226871e5f4eb,OLANI SIYUM,https://play-lh.googleusercontent.com/a/ACg8ocI1-IR0oA9xKGNMcAcKSIIXqtzRkp562iYJbKJU69xhC60gUA=mo,"I tried to oppen mobile app of BOA, but it can't work on my phone after activation. I can't login to it. the staffs tried their best and asked me the android version which is 16 and clear the catches, reinstall the app but the same restult × close the app. disappointing",1,7,26.03.13,2026-05-01 09:20:45,,,26.03.13,BOA
5d3e596b-be66-413e-acbb-56b52ca2f131,Yafet Muse,https://play-lh.googleusercontent.com/a/ACg8ocLT82bKULCpJQFxp4EGUWoUWuceMpEpBdSHcE2qrHC4J0omaQ=mo,nice app 👍👍👍,5,0,25.09.03,2026-04-29 18:17:22,,,25.09.03,BOA
cbf4c2e9-4dbf-4e46-adee-dde9833769e6,Michael Ding,https://play-lh.googleusercontent.com/a-/ALV-UjVUfQZARRlpkUycN0IuRdQkcoztgo7rZEs3SMxvgYPdhWiVpvbq,easy to understand,4,0,26.03.13,2026-04-28 15:22:31,,,26.03.13,BOA
41b7680c-8f5a-4362-bc9f-36fcfa90d3bc,Abraham Moges worku,https://play-lh.googleusercontent.com/a/ACg8ocIfkJL-FNGBO_yOrEJV36AjBLtrnl7s9kRafzkHLuAORdPTdA=mo,a wonderful Bank success app in Ethiopia 🇪🇹,5,0,,2026-04-25 14:47:59,,,,BOA
8bdfd084-1a9e-4c88-a20d-4fba6d5f71cb,Turuk pal Chuol,https://play-lh.googleusercontent.com/a/ACg8ocI5Ky9Ro8761c5-j6JLwecQXbomoA66xqsUdvOlaKK0R36oxAA=mo,there's an error in app i don't ever know what's the case,1,1,26.03.13,2026-04-24 16:25:47,,,26.03.13,BOA
52b2fb80-53dc-4ad1-a877-8d353523d6b8,Tadele Tilaye,https://play-lh.googleusercontent.com/a-/ALV-UjVWF6IrlI8IG1pUiPaMw4pasqYRvrWnk_yu1WCzfXYERcaEiILA,BoA always❤,5,1,26.03.13,2026-04-24 12:11:08,,,26.03.13,BOA
ce3d6043-773e-4267-9ac0-c2d997f4871c,Samuel kerie Alamirew,https://play-lh.googleusercontent.com/a/ACg8ocJEsQcZ2qBn4itJoLEei0O6uYBq7A_RzE2TfR9Xvgll9Rw80Q=mo,what an amazing service,5,0,,2026-04-23 15:06:45,,,,BOA
86598e4c-f5c5-455c-ba69-dcd6053ac182,Endale Lemma,https://play-lh.googleusercontent.com/a/ACg8ocJeFkebuICgZrmKvOSdSbzvEZSRDUxxos4ZBfyBN3nfobDnMw=mo,Not working,4,0,26.03.13,2026-04-22 14:23:02,,,26.03.13,BOA
6815e98d-fbc3-4f5c-9244-b704ad223cdf,Mohammed Siraj,https://play-lh.googleusercontent.com/a/ACg8ocJfKFXUZxqnrqq4ztcpJvGU170BORPnKQ8U-peZSDJ7P9hQyw=mo,everything new that other banks started abyssinia started it but this one year have been a disaster the mobile banking crashes everytime please do what you do best,1,1,26.03.13,2026-04-20 13:53:23,,,26.03.13,BOA
d843f70e-e0c5-485c-8f0a-46eb550794e1,amirajm,https://play-lh.googleusercontent.com/a-/ALV-UjVByIEE1JzERfX4H8MYDv2bXBsl7Rb905tCmjTOlt1RJLlcgeY,"the best applcation,, how can winning byd car 😭🤣🤣",5,0,26.03.13,2026-04-20 08:00:57,,,26.03.13,BOA
94d4c6ee-67e6-454f-9744-a5c495d30d1f,Hannes Garben,https://play-lh.googleusercontent.com/a-/ALV-UjXlwcrH9-wSIht_fPSyXNL6hU42h-xn3gEOIDxh2ikTqX-7ViVryA,"the app does not show my account balance correctly compared to what I get with the SMS notification. Again and again I am not able to make transfers because the app has issues. The app has over years now frequently problems, doesn't load, or is sometimes not working entirely and I can not open it. Even to the point that I question the rating of this app if it's true or distorted. I am not sure how it can be 4 stars something, when in real life the app just doesn't work a lot of the time.",1,16,26.03.13,2026-04-19 13:43:52,,,26.03.13,BOA
908ab990-5c9e-4e4b-911e-13926f92a28f,Kassa Sefiw,https://play-lh.googleusercontent.com/a/ACg8ocJ1i6D8LJ8lwM6FH6XFn1X7FzoHNPxeUlQiIVTFECYkRKJ6xA=mo,excellent service,5,0,26.03.13,2026-04-18 18:38:37,,,26.03.13,BOA
dfc4cf71-ecc3-47c8-b74f-36394f2e65a5,Adisu Ayele,https://play-lh.googleusercontent.com/a/ACg8ocJAwqawlAH4ec2n0RVJ8fllUO2bTxKGG9h8NBQOs6qJsJF_7Q=mo,it very slow to access the app when urgent,1,1,,2026-04-17 15:21:36,,,,BOA
3981e2e8-ac8c-44e6-8209-d1ec3c4ac776,Kibrom Amine,https://play-lh.googleusercontent.com/a/ACg8ocItmsyl1YvGEkU-C4Dvq7-UpfuR2RZ7beBaPGAK-bRh75QGmg=mo,very Good app,4,0,26.03.13,2026-04-16 13:13:02,,,26.03.13,BOA
22fe4ab6-af03-40b1-80ef-5b133704c61a,Ab Rising,https://play-lh.googleusercontent.com/a/ACg8ocIJCsWmMz4SDgPDmZkr5XRQwW5KhDZXWEH-PVOm3N1OaX63vw=mo,best i ethiopia,5,0,26.03.13,2026-04-16 00:34:57,,,26.03.13,BOA
19a66c57-4319-47b3-9f2e-44ec05dfbf63,Hamza Ali,https://play-lh.googleusercontent.com/a/ACg8ocJFus8yph3rhQaUghoNMUq6Uq3h7VXlnm9OnuYdBqibUXW_DA=mo,when i try to see my balance the app logs me out.i try to uninstall the app and install it when i try to login again it says login expired.the worest mobile banking in ethiopia. fix it,1,0,,2026-04-15 22:27:26,,,,BOA
9f7cd635-f2b0-4f15-9b58-c6dd91c6941c,Melkamu Mamre,https://play-lh.googleusercontent.com/a/ACg8ocKcaxKL17gByQd3eOy6H4fv5MMarj99QwMuPmzJ0xdYqt7kFQ=mo,Why transfer to telebirr agent doesn't work?,3,1,26.03.13,2026-04-14 11:43:34,,,26.03.13,BOA
01ba3c51-8d90-417b-8fb8-e64ac6756b45,Fiseha Alehegn,https://play-lh.googleusercontent.com/a/ACg8ocLUfXdzHHoXMwNu8Wa-hIiMpmg9NMFeztNk22gMw5CHCOdAiZg=mo,best 👌 app in entire industry,5,0,25.09.03,2026-04-14 11:31:05,,,25.09.03,BOA
14eb0357-cfd2-43d1-8944-abc17e05f6e3,Kesanet Hayle,https://play-lh.googleusercontent.com/a/ACg8ocLJZVL_0bYK-5CR0ta7TGUVvlQPlPc9SEO0Z2GvJuNlep6C8A=mo,ksanet hayle,5,1,26.03.13,2026-04-11 15:27:27,,,26.03.13,BOA
22851df9-cdae-4a17-b9d2-088a97c3a797,Shegaw Mulugeta,https://play-lh.googleusercontent.com/a/ACg8ocL5pRsN8oxsDQHhPQ57ER9A_Yzw06RIB6V0tlVuRm4d-JjFuA=mo,this app is not use my pbone android 16 and not fix boa nearest branch how to use this app,1,2,,2026-04-11 13:14:32,,,,BOA
105fd159-c2b7-42ff-b37a-c81a59af201c,Tsionat,https://play-lh.googleusercontent.com/a-/ALV-UjUo_jWUNB0L2g3nzzH99_SN6mf0XRGl4WZ8T30Ro07GwfgOcmM,"disappointing experience .couldn't even do transactions ,so slow .you should check and update it please",1,6,26.03.13,2026-04-09 15:06:03,,,26.03.13,BOA
8e9ddf9f-a6b7-4056-a345-b7c0489233c8,Fitsum Getu,https://play-lh.googleusercontent.com/a-/ALV-UjXQbWJ9Y7dA_DTM_8mHxCyaRb-elJyhCehyTAaZcuDLUI3AG5Ta,poor functional and also very interactive customer service at branch,1,5,26.03.13,2026-04-09 11:51:02,,,26.03.13,BOA
50d68ed5-19d2-40f1-a948-c1a072fb98f8,girum belay,https://play-lh.googleusercontent.com/a-/ALV-UjW3Svq7ug3YNzrox8fyql72lBzger67bVbleCdkkklxaDEmkENR,low networks,4,0,,2026-04-08 08:58:34,,,,BOA
10230d63-8070-4eda-85aa-5782d88da114,koricha nigussie,https://play-lh.googleusercontent.com/a/ACg8ocJDJONxtvQbntVxfdb-JeCIu4qg3pzmaklP3Imb45-vzvMJsQ=mo,Fast& Modern,5,0,26.03.13,2026-04-08 03:29:24,,,26.03.13,BOA
407c37a2-de47-453b-8da7-841df078cb72,Samrawit Tasew,https://play-lh.googleusercontent.com/a/ACg8ocKfDWKM5m-w2Q4v0cAlBDgfx_tx9UvceJA7Xcp5T7L9B3sSKg=mo,very nice service appreciated 👍,5,2,25.09.03,2026-04-07 09:00:42,,,25.09.03,BOA
038d7a37-ffff-414e-8541-1eb631e12831,Yared,https://play-lh.googleusercontent.com/a/ACg8ocKm3vqBGJdjBpMqDoAyb4Sg7gxFSQcCFZ6FeLUPm_QwBIeDKA=mo,it's not working always says error occured,1,6,26.03.13,2026-04-06 11:39:36,,,26.03.13,BOA
31582f65-c3f8-484a-9722-7d05056f3b03,iSRAEL girma,https://play-lh.googleusercontent.com/a-/ALV-UjUN1N9S05Rp2bqzUrkRCPgCe7D7Oz9AXuVOeuYUlef0rpwBaHE,fast and reliable app,5,1,25.09.03,2026-04-02 19:29:36,,,25.09.03,BOA
a5f24e46-f662-4b0c-bfd9-201a1ffae051,Jemal Ahmed,https://play-lh.googleusercontent.com/a/ACg8ocKwrm9bKOjnOJlg-E_71E81nl7jLBqRUZieIbRBgbBiqgVs6Q=mo,"Personal opinion: If Abyssinia Mobile Banking allows you to use data from the SIM card where banking is activated, for example, if the connection to the WiFi router stops, if it is possible to use the SIM card where it was activated, and if the password can finally be re-entered 🙏",5,16,26.03.13,2026-03-31 12:54:21,,,26.03.13,BOA
a5b1aa5a-9e3e-4813-9c49-38294b57bb4f,Tsegaye Solomon,https://play-lh.googleusercontent.com/a/ACg8ocJfvDjgf-CiS6vz3F1NlwbjsXzhSVLqd1q-mjzUlLl2O8Jj-1c=mo,stupid app! when i try to send money it says error occured,1,5,26.03.13,2026-03-31 10:49:46,,,26.03.13,BOA
dda71594-6f09-44f4-8548-72582165fda5,Halefom Gebremedhn,https://play-lh.googleusercontent.com/a/ACg8ocK0u0V3nk371D-VqFVCEuDYo2ybGrKsgpjQtdI9KW1kGVHs0w=mo,Boa yleyal,5,1,26.03.13,2026-03-31 05:30:53,,,26.03.13,BOA
d06616dd-798f-44c1-ba1f-348e1ff3e9bd,Efrem Hailemariyam,https://play-lh.googleusercontent.com/a-/ALV-UjVVNmscUMpvhZzYY_DFwfMu86qhGSyCsEoAgYCZHDHwmBedmqg,other bank is very slow,5,1,26.02.21,2026-03-30 11:45:41,,,26.02.21,BOA
76a456ed-ff72-4dac-80f9-125290fbb623,Tsegaye Terefe,https://play-lh.googleusercontent.com/a-/ALV-UjWvD5dU585QYPJ6WyrQDm-CSjn6m4X1E6IhTsz5-4nc02ouqtQ,When transaction done form BOA to Other Bank accounts the receipt does not include the name of receipant(the who receive the money),4,1,,2026-03-29 17:22:33,,,,BOA
1de03aee-6087-48b7-9c16-833a1db513c0,Ayichew Demeke,https://play-lh.googleusercontent.com/a-/ALV-UjX4y0ApscO4SIxwBQm03xcs47LIk_EdkUMLTqR6W9jKkcmkMG3V,my choice BOA,5,1,25.09.03,2026-03-28 19:21:32,,,25.09.03,BOA
9cba03ec-5bab-4f70-b81e-c02e5fe2e97a,Suleman Mohammed,https://play-lh.googleusercontent.com/a-/ALV-UjXukMnjcqE20tly1njW8ZuLw9Y5IMvtLdlCU58uhDs4Tt51K44,emails connect to pone numbers link all the city banks by location naw,5,2,26.03.13,2026-03-28 14:00:36,,,26.03.13,BOA
7bf62829-1879-44f0-a4d4-356779e762d7,Henok Aragaw,https://play-lh.googleusercontent.com/a-/ALV-UjXAKonGJlKEZzD7EuUIdlgWBVE7l4Lb9fsQ2HIDuT040tOtLK9_,My favorite app,5,0,26.03.13,2026-03-28 11:55:13,,,26.03.13,BOA
9e0c8000-1334-4a4d-b365-135f5bfe19f1,Alemayehu Alebachew,https://play-lh.googleusercontent.com/a/ACg8ocJnZOlS9CPMK6_v6WiwZkpjWtHfWEgrgVKrXQ00CBAxA4MkOA=mo,smart app smart bank,5,0,26.03.13,2026-03-27 15:38:41,,,26.03.13,BOA
497be43a-22d6-41de-b1b8-25b6a9828edb,Beky Mesfin,https://play-lh.googleusercontent.com/a-/ALV-UjVHhu3jV5NwGU4_zF1gFDEmmW_6_G83BxS_y7mW8tGNURKJ7xg,its the the bank of bank,5,0,26.03.13,2026-03-25 10:33:59,,,26.03.13,BOA
a65f4039-7ba9-41e9-9134-f6149caf042d,Wahid Haftu,https://play-lh.googleusercontent.com/a-/ALV-UjVBytRcO89HeNF1rvv5othFXJwEWC9OqLLQUwEEsCU0WPCmCgsm,beti araya,5,0,26.03.13,2026-03-24 17:17:35,,,26.03.13,BOA
d31fdcca-49f2-463d-bfbe-820880299924,Mohammed Nasir,https://play-lh.googleusercontent.com/a-/ALV-UjVhCqjwOqsH6-Uk0WBMpUen3B9RHQ63ohr_plJTfl3tcIJs9sZz,something is wrong,2,0,,2026-03-24 10:45:40,,,,BOA
00b7b233-2a55-47e9-9645-7fb550289103,Nizamu Awol,https://play-lh.googleusercontent.com/a-/ALV-UjW2EYn-iE5HhMryCXAhRaVsH-vIS5UgWana9h6849igZE5SHB86,abanamu boriifuu hindhabamu horiinu ajiraanu woliinuu,5,0,,2026-03-24 06:43:54,,,,BOA
9fd15475-73a2-4719-8f0d-7189419e1f3f,Desalegn Desu,https://play-lh.googleusercontent.com/a-/ALV-UjUkbHbA-Bxoj10hCona9lm96l6dEFiIEZ-fjITCYXB8CguzW_I,good up except some sluggishness,5,0,26.03.13,2026-03-23 20:49:38,,,26.03.13,BOA
a91a45f2-b0c9-4bc3-91ea-4ce2443d4cc5,Kebe M,https://play-lh.googleusercontent.com/a/ACg8ocK4MR2rNZiOpnPmD-zGYvzQRunWx9XZQMOxSzwEsu985C6e_A=mo,i can't transfer money to other bank. 😒😒,4,0,,2026-03-22 18:05:01,,,,BOA
604814f0-010f-4950-b333-613f0105bc15,Tamiru Dejene,https://play-lh.googleusercontent.com/a/ACg8ocJJtxMaS6X7HLPS7G6NLSYLeKBMoKwSdIxnyul0z-8aGcqhpA=mo,doesn't work,1,0,26.03.13,2026-03-22 15:34:33,,,26.03.13,BOA
8d34cfb6-9bcb-4912-aee0-aa2a2b1592de,Cheru Brihanu,https://play-lh.googleusercontent.com/a/ACg8ocLRFoJWrpdGNlyYtQLlhUsFNh-T9ONWcDtC8TAeNZIA7FfCFA=mo,cheru birhanu,1,0,26.03.13,2026-03-22 15:27:34,,,26.03.13,BOA
1cb1105a-67fe-458a-9743-5d34693acf56,Mesfin Gulilat,https://play-lh.googleusercontent.com/a-/ALV-UjX9M8nVRKVLdFtFiIvoRX032Vr0lcaJzcznoSZXV5mpIDqWdeiT,This app good b/c reduce my time,5,0,26.02.21,2026-03-22 13:01:24,,,26.02.21,BOA
ecdd5515-c1f8-41a4-9803-6d0d7052c621,Sileshi debebe,https://play-lh.googleusercontent.com/a-/ALV-UjU3y5ZammqSVHgy5VyO5iDIzJTF7DRh8ueesnAPxVEw0tcOACA,Machin tecnoloj,3,0,26.03.13,2026-03-22 09:08:21,,,26.03.13,BOA
a80ce3bd-0391-4df1-9df2-9c0bcc7394fa,Bayu Tigabu,https://play-lh.googleusercontent.com/a/ACg8ocJNuFdxnHjhm5CguxujmMGB0o_ENqmAUJgKjb4QQL_E1LPzTg=mo,developer option offe,1,0,26.03.13,2026-03-22 07:13:54,,,26.03.13,BOA
a366f66f-c0a0-425e-add1-7e71b1610e2f,Radwan Houssein Aden,https://play-lh.googleusercontent.com/a/ACg8ocKWZGYcAlFuj47LaAKz7bmHq4bwoCPkdXWc4mWeYhXLXlSSnA=mo,"Bank of Abyssinia used to be the best for me, but now I don’t think so. I spent the whole day at the branch trying to fix my mobile banking, yet nothing changed. I was asked repeatedly for my ID and signature without any real solution. It’s disappointing and frustrating to see such poor service. I expected much better 🙏 Please fix this urgently 🙏",1,19,26.03.13,2026-03-22 01:37:47,,,26.03.13,BOA
ce641b2b-d040-4aad-b192-b315e92b28aa,Nesredin Mohammed,https://play-lh.googleusercontent.com/a/ACg8ocIbwZ8Fq19vJmnthox32IMua01nJX36UN9rVjHX3c0MCnGXhpY=mo,BoA Mobile app,5,1,26.03.13,2026-03-21 20:44:51,,,26.03.13,BOA
21fc9272-5122-48ca-bc6d-a291f71620fc,Dire Direhussen,https://play-lh.googleusercontent.com/a/ACg8ocIsSz6LcIzUBuv7ls1hD2VKrQmlW653bXJtE3Be32VYj-V-Xg=mo,it is simple and fast app,5,0,25.09.03,2026-03-21 15:46:14,,,25.09.03,BOA
4c1ebf7f-b18b-4ce2-990c-70a55af4970f,Melese Tesera,https://play-lh.googleusercontent.com/a/ACg8ocLq9WLFF5hMDSMFHcln0PaxgGeHPzaxJchwBh7QhUorOEYsKw=mo,ቤጣም ጥሩ ነው ግን ኖ ፍጥነት ብዙ ስታክ ኦኬ,5,0,26.02.21,2026-03-20 19:52:11,,,26.02.21,BOA
5e708cce-69b7-450d-9483-a7f2fd282d17,Haylud Amare,https://play-lh.googleusercontent.com/a-/ALV-UjUvqz9V2PZrU6LeRGndDI4wL5hOkkdsUvu0nwUnadZiRqM-gMk,awesome and fast app it uses to do my work easier..🥰,5,0,25.09.03,2026-03-20 16:34:08,,,25.09.03,BOA
c431d0dc-49fa-40a4-8191-062c7fdb5c88,Seyfe Mekonenn,https://play-lh.googleusercontent.com/a-/ALV-UjWed3VYyHdNiDSWTSwnbwXg2ozxcaoRkp2tuTElHr31IB84EbRo,simple and fast,5,0,26.03.13,2026-03-20 10:22:05,,,26.03.13,BOA
c16f4d45-4e69-43f9-9203-b16d8b7a6692,THE KINGDOM OF GOD,https://play-lh.googleusercontent.com/a-/ALV-UjVlvxvpbXEtKrOfRqv-PTvXPLWZ5rWBHICBWM9wYoPjI-Wl74wK,very good appreciation trusted,5,0,26.02.21,2026-03-20 08:02:57,,,26.02.21,BOA
cf575ba2-ee28-4c66-9f8c-60c988dad388,Dessie Taye,https://play-lh.googleusercontent.com/a-/ALV-UjWrK7aBCEtdSYcpn6lMDMOc4GRzoVJjuitmj076PyxhNfR7BgP7,very nice app u love it,5,0,25.09.03,2026-03-19 20:41:26,,,25.09.03,BOA
9954a863-cf04-49b4-9bbc-01d2d643502e,Teshome Gonfa,https://play-lh.googleusercontent.com/a-/ALV-UjV_QvCWnezDKr5ggWfg9iLTnS13wExpm-3e86eGX_3W2Rs96Ern,Secured and rely on BOA.,4,0,25.09.03,2026-03-19 11:59:18,,,25.09.03,BOA
c6200fcc-33ca-46b6-9ce5-4aeb040c5da5,Zelalem Birhanu,https://play-lh.googleusercontent.com/a-/ALV-UjXBwYzuHWHQg9wnW8idT-CS4ioMIJ80U7sHmJsTP4Z2w73XCaE,very good app,5,0,26.02.21,2026-03-18 09:31:21,,,26.02.21,BOA
f816839a-36b8-4b5a-b5af-21f1913111ea,seid Abdurehman Edris,https://play-lh.googleusercontent.com/a/ACg8ocLDygfclbSdAsOLjHD_PnKarMonCdBicckzyBrZpOet9Mtj_Q=mo,good to use,5,0,,2026-03-18 09:14:55,,,,BOA
bfe58ba2-47aa-465d-a20d-155b0881e459,Mesfin Getachew,https://play-lh.googleusercontent.com/a/ACg8ocK0AfGB74pDxPuLROAQ3sAcblSYqxeWYcojqTRvZwI3OlGq=mo,excellent!,5,0,26.02.21,2026-03-18 08:44:45,,,26.02.21,BOA
4d566296-4a24-4bbd-9c34-5d1ea6b165ed,Rahul Luhar,https://play-lh.googleusercontent.com/a-/ALV-UjVrp3HJlILQmQ-_Z_hMR1yCv_27AYd_h15yaoWKmDqqrnQ4uy8,Thanks bank of Abisiniya,5,0,25.09.03,2026-03-17 23:02:36,,,25.09.03,BOA
4e61715f-d0e9-4bbd-8421-f40d7b4b7f0c,Edget Shimelis,https://play-lh.googleusercontent.com/a-/ALV-UjWIasUElxi2ywLo1biy1DBZdyip1W4mCKIJOBvUHUmzaoGceTYt,Very nice application,5,1,26.02.21,2026-03-17 21:33:30,,,26.02.21,BOA
f58f914c-0ffb-4628-85f9-bf8a1b437f91,Woretaw Tadesse,https://play-lh.googleusercontent.com/a-/ALV-UjV3C6OCV_Qft-_owUkUPtAtbq_cF4usv0jYciae6ImIHaRE7LrX,the BoA is the smartest app,5,0,,2026-03-17 20:04:57,,,,BOA
030395b6-8973-46bc-af95-d79fa6fb7fec,Remedan Shame,https://play-lh.googleusercontent.com/a/ACg8ocLUtU9jG-5jPIZ6WBCslN6Ew8D-sO_WEsTlh-lNnUWZNcXbTNI=mo,very excellent and truth application.,5,2,26.02.21,2026-03-17 17:09:01,,,26.02.21,BOA
f0660042-ece9-4c99-904f-b3dbd6911219,Iron Lady,https://play-lh.googleusercontent.com/a-/ALV-UjUVXaplADwnGT0vZ7YNVi3GGd1at8pilJMU0xwdsBg8KW4cBJkl,"All problems are fixed now , easy to use recommended.",5,50,26.03.13,2026-03-17 15:28:29,,,26.03.13,BOA
37e22804-5a4f-41af-a915-8e1fe824b423,Ahmed Yesuf,https://play-lh.googleusercontent.com/a-/ALV-UjWm6CckD6SkF87PAu4_j4H4a2QI30o9SNvn8dck_F7_8yJ10hsc,it is slow app pls update more,5,0,26.02.21,2026-03-17 14:51:45,,,26.02.21,BOA
ab97e88f-949d-4afa-8d55-1d3550cfc1b4,Behru Mensur,https://play-lh.googleusercontent.com/a/ACg8ocLrgYXXV2LxEpz3pSCCSBSoE9VlU82H3-Wm8mBHatFxFfkqMQ=mo,amazing app ever,5,0,26.02.21,2026-03-17 13:17:29,,,26.02.21,BOA
96e99b1d-3f4e-493a-81d8-e24d64fe9917,Tour Ur,https://play-lh.googleusercontent.com/a/ACg8ocLXBGyZlk_BSr9qXiOrYZk1XxgSrNCd_ihEOvT-8qMqOO02nA=mo,It did not work at all for me,1,1,26.03.13,2026-03-17 13:06:11,,,26.03.13,BOA
6f7469d0-92a9-4c1b-a681-7d05865f2c73,Petros Gebrehawariat,https://play-lh.googleusercontent.com/a/ACg8ocJhwoAAE2eyCaTXXn59NgMuP0phD1g1v542g6aSkIzO5OGx_A=mo,amazing 😄 service I appreciate it,5,0,25.09.03,2026-03-17 08:56:41,,,25.09.03,BOA
4c486849-a97c-43c4-a07a-784aaca084eb,Abdu Hasen,https://play-lh.googleusercontent.com/a/ACg8ocLv6trlxynjt4m_qrz6JwFOAj-moyhqG9DlmaGcGOXeqC2pTWM=mo,no limit app,5,0,,2026-03-17 00:22:38,,,,BOA
b158b82f-2480-410c-bce9-f745033367ee,Semegnew Vergo,https://play-lh.googleusercontent.com/a-/ALV-UjXXPVIkHIpkI5EtgWK7Ac1ipyO61PTecx9KX05k6Ki4sksBW-I3,Very excayeted and degjetalization more accecing to any markate enabled servece also hamble so more atande,4,6,26.02.21,2026-03-16 23:29:33,,,26.02.21,BOA
771ca16b-78f0-46bb-ab16-0c79fd487527,Eyob L. Getaneh,https://play-lh.googleusercontent.com/a/ACg8ocKW3pjcaViV6dlSgHGJfpwFRjW1rM1yLj7u5IJoJQwyOunBPWg=mo,the app is always full of bugs and I don't know why they don't even try to fix them it's been like this for years it's always unstable,1,2,,2026-03-16 17:35:33,,,,BOA
591b2055-caa1-4f65-9b4a-a982f7d08a6e,Digafe Alemubirete,https://play-lh.googleusercontent.com/a-/ALV-UjVKkyovJHCJZnRF5dD5tpzPftkZKHdc5jhB6kirElGd6V54EXE,very good service,3,0,,2026-03-16 15:27:55,,,,BOA
abefc5fe-bb89-461a-8e18-92f1d056fafc,Alemayehu Aserat,https://play-lh.googleusercontent.com/a/ACg8ocIlf41i4a1KMjCosy6HXd8TBA9dQi6Q5Qn2vBcFcHpp0WwHpw=mo,lovely app,5,0,26.02.21,2026-03-16 13:33:30,,,26.02.21,BOA
880076f1-597b-43f0-a72e-b2d551a85413,Nigatu Asfaw,https://play-lh.googleusercontent.com/a-/ALV-UjVcDKqH6Y4--wFPDQMl1mqQPfnRLqb_C7TR_copC4E70cPXzGTL,"BoA easily accessible, fast with best service, Go ahead",5,11,26.03.13,2026-03-16 13:19:54,,,26.03.13,BOA
e2cee706-7312-431b-bcd1-e2fdb7b8a67f,Sami Katira,https://play-lh.googleusercontent.com/a/ACg8ocKzMrRNk6MJGvMoPdWJRs2epideQbhS5Rfg0dI01RCiSOq2gw=mo,its so amazing,5,0,25.09.03,2026-03-16 10:05:14,,,25.09.03,BOA
e72809bb-85c7-470d-98e9-48f3600af1aa,Mickey,https://play-lh.googleusercontent.com/a-/ALV-UjUSoX72rlWYinu7act7LMGI1nTj03_3KZsPfxBnc3lv6DRb7ls,Now this bank is among those Ethiopian banks with best mobile banking. N.B I will give 5 star if the app asks a PIN before completing transaction.,4,11,26.02.21,2026-03-16 09:04:48,,,26.02.21,BOA
b060812c-af12-411e-a626-a07bc4b24f5f,NEZIF MOHAMMED YASIN,https://play-lh.googleusercontent.com/a-/ALV-UjURsu-7Lx2DO_D_3S_J_SVPn5PUXWY7aC3_xoK1pByJgw-08uVn,it stucks and jumps out,1,4,26.02.21,2026-03-13 16:50:45,,,26.02.21,BOA
b74e2378-9d8f-4517-a7d6-79984c8fc1c6,Dawit Abrha,https://play-lh.googleusercontent.com/a/ACg8ocK8K2Esm1DweIOU7grw5ibSuwIlCVjZVBMWvbY_KxQE8w0s9g=mo,fast security 🔥🔥🔥,5,0,,2026-03-07 12:38:41,,,,BOA
90bd6cd8-0f2a-40e8-a6fa-26cb0c45dc80,zukurudo mifune,https://play-lh.googleusercontent.com/a-/ALV-UjUT8SFZshjo_4i7nlo25p_8w_3nNT4Y3muaCXv9eV1d7v6qBqU,doesn't work.,1,5,26.02.21,2026-03-06 02:33:39,,,26.02.21,BOA
269bf571-95ad-4fa1-ba20-82102be383ec,Andargachew Ayallew,https://play-lh.googleusercontent.com/a/ACg8ocJB7871JeQ44srGjulUUZSCSNSV7B1PP7xRDXfPPzn-yMKybQ=mo,Its so boaring app I ever had....please review and fix z deficulties,1,14,26.02.21,2026-03-03 02:47:23,,,26.02.21,BOA
e763cbeb-416d-4a76-9dcd-1f4139eb794f,Adisu Tabor,https://play-lh.googleusercontent.com/a/ACg8ocI4dN42EMlKpDQLFOtnMyzpsmjt5UiEvbfx0e2ZqSfOkBPP5A=mo,profesionl,5,0,26.02.21,2026-03-02 12:03:39,,,26.02.21,BOA
8d47e2b8-571a-49e7-8b7e-3a25c87f7f52,Jafar Husen amad,https://play-lh.googleusercontent.com/a-/ALV-UjUrZr6aS_iH3j5uHBd7YAbUgNty2AILyDgI3GPbqFkFx_UCyJj5,BOA mobile app,5,0,26.02.21,2026-02-28 00:58:15,,,26.02.21,BOA
0b1b9aa3-78f5-45bc-973c-925f33baa3ff,Ibro Taha Mohammed,https://play-lh.googleusercontent.com/a/ACg8ocKPF7jfPvCDZ7cGKzLfyrLy6NgzMjU74LS5k_8AbCmch1d2Ag=mo,"Good App But big problem with Trasfer to other Bank im send some money to other bank still not reach it ,it's take time around two days",4,33,26.02.21,2026-02-27 16:46:37,,,26.02.21,BOA
ac798833-2852-4806-b49c-0870a2ca8021,Nahom luel Luel,https://play-lh.googleusercontent.com/a/ACg8ocL9YJvuBQJyELJLWLek18Tvr3ktaIM41tknhgVK36Ulh-c1Kw=mo,Use the best bank account ✅👌👌👌,5,0,,2026-02-25 04:16:11,,,,BOA
e1556dbc-4ca8-4d4f-a9e5-f2bf4a8559a5,usman mohammed,https://play-lh.googleusercontent.com/a-/ALV-UjVqanI_BJJa7Vy9JqMD_EjFpG5fyY9UeQtxZcvKDfM6Ga5JQU3X,"balance sync is working after 24 hours, frequently stop working for the last 4 yrs, boring update released, very poor service",2,31,26.02.21,2026-02-23 08:12:09,,,26.02.21,BOA
41416c47-1d5e-4b6c-8a1d-695bcdb3beab,FIsseha Abadi,https://play-lh.googleusercontent.com/a/ACg8ocJAW50_XNxajqyHgZ47Wz-sItGXRnPQImQicKVYZy8OECC6TA=mo,Excellent service thanks,5,0,25.09.03,2026-02-20 11:34:26,,,25.09.03,BOA
df20cbb3-6c0a-407b-9b4c-c761713ce51e,Yohannes Tariku,https://play-lh.googleusercontent.com/a/ACg8ocJ8Po9_xjssDTFQ1Kk7keUSxmQgsjsUPY8i0sTlNE_ZlKfa8g=mo,it crush every time you opend it it is hard to pay quickly or to access,1,6,25.09.03,2026-02-17 10:27:49,,,25.09.03,BOA
c15244f8-25e1-4fca-9ed1-daf0e9ac0e2e,gadisa worku,https://play-lh.googleusercontent.com/a-/ALV-UjVd0vgg_Iw_-MiNoApuAhsYL397EX68vW22Kh2O-kOHT8gM6GDc,it is a best app,5,0,25.09.03,2026-02-16 02:05:31,,,25.09.03,BOA
5bc9361c-080d-46e3-8671-94ac9f69c029,Fitsum Alemayehu,https://play-lh.googleusercontent.com/a-/ALV-UjWXYOotZQSORDtvUGpSA62PXGPXLaCO0BrGWWPUBMuTpLX6_jjX,"this app is useless, i try to use it but the app crash and log me out and this is happen again and again. i thought they will fix it on update but there is no update.",1,9,25.09.03,2026-02-15 07:50:01,,,25.09.03,BOA
2b184e78-5b24-4948-af50-ea702dc35ebd,Yemaryam lij Yemaryam lij,https://play-lh.googleusercontent.com/a-/ALV-UjV7LccYbo0UKbFjJZYMz7hkNuuRUr8tqlgNmkPTvzrAt2HGe14,"It’s very hard, it’s not working.👎👎",1,0,25.09.03,2026-02-11 16:55:01,,,25.09.03,BOA
199f8774-a008-4b97-9981-35d7ce1cfb64,Abraham Asrat,https://play-lh.googleusercontent.com/a-/ALV-UjWB9UwMyyIINPvbZbeW8-X4x_TPJuULuiTyrdRH3Mw4dDDtOHAf,some time the app would have been a problem to open,5,1,25.09.03,2026-02-10 22:46:44,,,25.09.03,BOA
3e3f5f99-6936-4e16-8758-22e9e2162f87,Yohannes Berhe,https://play-lh.googleusercontent.com/a-/ALV-UjWOkCSCZwYBVr8QjvrJdCGOyb5NDZO3MqSaiyua3VEnZ55Zat3U,Its not work accurately please improve your mobile banking,1,3,25.09.03,2026-02-03 09:19:03,,,25.09.03,BOA
16dea464-9d5d-4ba1-9daf-6be0f1a9fd88,Utopia perfect.,https://play-lh.googleusercontent.com/a-/ALV-UjX8CRdngC1XTO_x_9FZq1Yr-9h4AKaKo_4T3eemN86CTfnq08PU,the most doagusting app from ethiopian banking especially on weekdenda🤮🤮🤮🤮🤮🤮🤮,1,0,,2026-02-02 22:36:33,,,,BOA
13071770-c8c6-433e-8b5b-fb756d545a5c,Wendo Mechesa,https://play-lh.googleusercontent.com/a-/ALV-UjVVOOoj1_T1cmgEzRkUgPq_ZXoUix367eZWGZMHcVW0mnRHaH0,wondo mechesa,5,1,25.09.03,2026-01-31 15:48:52,,,25.09.03,BOA
20309f7f-db6b-49b2-92c4-07edae1f8db5,Miki E,https://play-lh.googleusercontent.com/a-/ALV-UjXk9jc9mf_ksGHFc5nwXpPj5lpbecaYm3VHi07QdOkmvlUDqS17,good but the user interface and animations need some upgrade,4,3,25.09.03,2026-01-31 12:31:47,,,25.09.03,BOA
3da870d0-98d9-473c-ab31-6d2c9cad7f39,biniyam getaye,https://play-lh.googleusercontent.com/a/ACg8ocLeVTMPWAgO6i2X7Vl0fyOTH62yZDl_FGuZiqB3hHoa8O89uw=mo,what is wrong these app ?,1,0,25.09.03,2026-01-30 18:46:57,,,25.09.03,BOA
f8f9ec99-ef80-4ac6-8be4-5743e1f6f0ab,Shewaye Lema,https://play-lh.googleusercontent.com/a/ACg8ocLci84YNGntpSRk8SOlawC3ozZThG3trwxD-sPrx5VBcI7CaQ=mo,unsatisfied to your mobile banking application,5,0,25.09.03,2026-01-28 01:41:02,,,25.09.03,BOA
4ca9efb2-a8af-40a6-91b8-1899645f7582,Kedir Abdelkadir,https://play-lh.googleusercontent.com/a-/ALV-UjUJjjZsY6qqt0qpgpRpzooLXTV8yPxT4BEmamenxDBMwetXE3A,"Whenever I want to see my balance, the app says “no” and logs me out. Looks like the developer doesn’t want customers to know the truth 😄! This app really protects my money. It logs me out before I can even see my balance. 👉 Honestly, this app doesn’t reflect the quality of Bank of Abyssinia.",3,15,25.09.03,2026-01-26 18:50:33,,,25.09.03,BOA
71d207ea-ad18-4a76-a093-a890e82b454c,Koang lony Gatluak,https://play-lh.googleusercontent.com/a-/ALV-UjXLoUdbp5GnO_FLWnTiivMORKB9W_5JGynohB3w-obPrQWkPmLv,"BoA Mobile is boring, imagine if you install it to your phone it crash when once used and require reinstall. I downloaded ten times but it still crashing.",1,11,,2026-01-25 17:13:11,,,,BOA
4c8f5859-cf60-422a-be30-863ba8bf565c,Tatek Kindie,https://play-lh.googleusercontent.com/a/ACg8ocKdjIGfYEGbbVpzRZkeG7hW6mUys0boVTPIcbYlm4B7g15B6No=mo,very clumsy application. it sucks alot.,1,0,24.07.04,2026-01-23 21:47:52,,,24.07.04,BOA
a15ff5a3-ad7a-4327-b1f1-9e7fb56a2dd1,Ruth Mulugeta,https://play-lh.googleusercontent.com/a/ACg8ocKRBqs9jlqOCB7Yi_lC52L4svYSkI5RtW7719NlgcpYMEEs9w=mo,so perfect in everything,5,0,25.09.03,2026-01-22 20:08:57,,,25.09.03,BOA
dcf9e453-1fa8-43b1-ac74-ffb3698e6fb3,Ab Man,https://play-lh.googleusercontent.com/a/ACg8ocKgF6D6iQ10XMtb2YuvLN9kTE-zSqD2Z8510C0eAUnAMBx0mw=mo,yse good ap,5,0,25.03.07,2026-01-22 16:19:27,,,25.03.07,BOA
55d85e25-9e55-4a44-8cea-69036e375391,sisay Berga,https://play-lh.googleusercontent.com/a/ACg8ocLGT9YhTjQ7FV3DwkKDo9MdblUAWGajU7H88gd0FlxhSuY81Q=mo,እየሩስ ፣አይለ፣,1,0,25.09.03,2026-01-20 22:09:01,,,25.09.03,BOA
5df19f53-99d4-403f-a50c-4988e895fc45,legesse wedajo,https://play-lh.googleusercontent.com/a-/ALV-UjWkb5ZP9L9Mxo_FKiroCRkUhlSyu_qJ1SWLSZzSKvglqcm9Ejsd,very Good application,4,0,24.11.22,2026-01-14 22:19:32,,,24.11.22,BOA
49624e4a-3ed8-460e-8845-b5ecd6c1c407,Wondewosen Alamir,https://play-lh.googleusercontent.com/a/ACg8ocLqpuxlHxXgYmQLCjEKPhfRbbeVObAFPjgyWrO6NBacxEKb3A=mo,app doesnt work,1,1,25.09.03,2026-01-10 17:26:50,,,25.09.03,BOA
2388f131-7757-4160-92a6-8cc9c7fae515,biruk king,https://play-lh.googleusercontent.com/a-/ALV-UjWoL3uVnEDO_XPZ1JOtx-dSAvHnBeldDzIWp3XqgfaOlR2ca3z7,it's too slow and when you are in a hurry don't use this app,1,2,25.09.03,2026-01-10 15:56:11,,,25.09.03,BOA
e16cd6e0-4177-469d-9eb4-4e64cad960bf,Nebyou Teshale,https://play-lh.googleusercontent.com/a/ACg8ocKxsYZxz0Eu2iAkQWERR1GR_1IOkmBTQTBTdHpQ-6bxhCg-qA=mo,The worest app ever .work hard and do betterthan this,1,1,,2026-01-09 19:57:36,,,,BOA
b8b7a5c7-1d72-4cc3-9d5b-b7d741ffd5c6,Tadele Tekeba,https://play-lh.googleusercontent.com/a-/ALV-UjXDwiyMBjP7zQWPAIBlVchdNDluYFKiTQjzb5llsrHRrcUnJxYR,The app is always glitch seems there's is significant issue from the backend. Can someone take a look on this or just remove from appstore this trash 🗑 🙄. Thank you.,1,9,25.09.03,2026-01-07 07:16:09,,,25.09.03,BOA
eff1b654-1253-40cb-bbf3-1cf27f397053,Brhane Welearegay,https://play-lh.googleusercontent.com/a/ACg8ocLsB6v-w1GRf58I1TgU7tmyxrUqcUpDDhQlKDmGKWAU4lo24A=mo,my app is not working .,1,3,,2026-01-06 09:36:21,,,,BOA
a2ee4948-9c2f-46b0-9891-5fdd918cca0b,Jal Keat Tuach,https://play-lh.googleusercontent.com/a/ACg8ocKTS4JF28TSpB1Mn5u8NYkeOCHHD9i3XMcBDepz5JnBdPcHYr8=mo,"Problems with internet, the app sometimes says there is no internet connection while Internet Data is on. this needs to be fixed, it's unacceptable not being able to access your bank account when you need it.",1,1,,2026-01-05 20:39:22,,,,BOA
1e3d61ab-ef9f-4c7e-8532-1ab52f6c8b30,Haileloul Hulumyfer,https://play-lh.googleusercontent.com/a-/ALV-UjVbjxNfhsd_1mUOxHzcKT4hnc9brOQnL0iWM55wM8usnidvyhM,not good update it again,1,0,25.09.03,2026-01-04 09:06:33,,,25.09.03,BOA
34f12fdc-1db2-4568-9028-65e1a7ccc4eb,Abdulaziz Mohammed,https://play-lh.googleusercontent.com/a-/ALV-UjXK6pIiiOrXbcFUPve7EeosXSYWNPfkj0YI2a2nENMcirVvMEan,the app not works on samsung galaxy A06 models it's directly kick you out of the app whenever u want to use it amd and then it's says the app is not working i hope they fix it soon,2,2,,2026-01-04 00:52:21,,,,BOA
c96ffbcf-0e9e-4289-8e2e-f3a5a1bef402,Firaol Abera,https://play-lh.googleusercontent.com/a/ACg8ocIWAYfxigUZS8V3NoY4gpGtuKWlHvsFZl8ZT1yqiGWJOamHBg=mo,The worest banking app i ever used,1,0,,2026-01-03 18:02:34,,,,BOA
62e8408b-81ea-4aa2-85a8-24ddfcc98eac,Ori Can,https://play-lh.googleusercontent.com/a/ACg8ocLIWHnBSqxxN0l1WM0pxcu46xC_MAleCfauxj1vcANg5daCPA=mo,yetemeta app nw cherash nw apk west maygebawu beza sebeb absiniya tesenabichalewu,1,0,,2026-01-01 07:48:18,,,,BOA
e288bbda-1f49-4a62-aa3f-275967a1d655,Degefu Zepir,https://play-lh.googleusercontent.com/a/ACg8ocIN_L8-XtHofS2NFiREp4U4BA1lg7LT1nWtz0rnBkem3upB-w=mo,ደገፉ ፈፊኘየየከ ወግወ ደገፉ,5,0,25.05.03,2025-12-31 17:16:39,,,25.05.03,BOA
f12acace-3ad9-446d-889b-7a8a4684a2be,Kaleab Tilahun,https://play-lh.googleusercontent.com/a/ACg8ocJdvMZHLovWw78--DStFBeV5MXHhjYpfimpi38SEZPl5hsU8g=mo,best digital financing app in ethiopia,5,1,25.09.03,2025-12-26 21:57:11,,,25.09.03,BOA
19dd9e16-9865-4e08-bb5e-6a2a064f01cc,DEJACH WORKU (DASH),https://play-lh.googleusercontent.com/a-/ALV-UjUcdaODNNHvmKVe87_vmY30UauiRoRyCLpPvARYKuVKF1YityI,very good to be continued to update,5,0,25.09.03,2025-12-24 10:15:21,,,25.09.03,BOA
bc2f17c2-f67f-4aa8-adf0-6764009508c2,Hadi Nasr,https://play-lh.googleusercontent.com/a/ACg8ocLyByfqeOulov5DX2uSH5x3BPcto3acHlWtvEEaCD1CG7LMeA=mo,የአቢሲኒያ ባንክ app,5,0,25.09.03,2025-12-22 19:26:26,,,25.09.03,BOA
d4e85391-d3d2-4665-80f3-22d0c04f7209,marken Medhanye,https://play-lh.googleusercontent.com/a/ACg8ocL4kGzQ9acDz6BszAZuzpAgGA2qRokAogZWYM9nwKieAhwb9w=mo,አፕሊኬሽኑ መጨረሻ ቀርፋፋ ነው:: 2G,1,1,25.09.03,2025-12-21 18:34:15,,,25.09.03,BOA
a710825c-f27e-4bba-8266-2217729f050d,Mikiyas Girma,https://play-lh.googleusercontent.com/a-/ALV-UjV1w1CEo0bjm9UVz8DXEdG0GHB-9ymfJ3bpUM2CZV5jaeqg6n0,"what is this the 19 century 😡,we can't even see our balance,this app is going backwards 😤",1,5,25.09.03,2025-12-21 11:11:45,,,25.09.03,BOA
7e528717-d026-4ebe-a624-ab98945b511e,Grum Legu,https://play-lh.googleusercontent.com/a/ACg8ocJMpev0i1SgIsseqwG1-ylhRC2jery6v_WSZZNpT_qusVddNA=mo,Applicationa kerem delile,5,0,25.09.03,2025-12-18 01:05:07,,,25.09.03,BOA
5723b358-c596-43e6-ab8b-65078effe1c1,Gashaw Nardos Yohannes,https://play-lh.googleusercontent.com/a-/ALV-UjVwwJr62C9A6j7kiG0zZcdFmL2JzLGCPqvtVTKgwwLyaI28O5UjZQ,WE EXPECT IT WILL BE MORE AND MORE FASTER THAN EARLIER!,5,2,25.09.03,2025-12-13 08:21:22,,,25.09.03,BOA
ea371900-511d-48de-8dea-c6addbf4eb16,Abraham Yizengew,https://play-lh.googleusercontent.com/a/ACg8ocJMR9aIW4869t_DwotBipMuZGsMx5ibVQ1bP9cT87PjZa92Yw=mo,Amazing App 👏,5,0,25.09.03,2025-12-12 20:12:54,,,25.09.03,BOA
f1db2116-2cd4-4706-a634-e5a9c6a3b8f6,IMRAN Abdulhakim,https://play-lh.googleusercontent.com/a/ACg8ocIFEXVaBLkw7uql0Rx63EF1qJq8gEMGnF3AuT2B0IJn3ddsqg=mo,best app of the year,5,0,,2025-12-12 12:37:25,,,,BOA
6f88a64c-ca26-4c95-9f18-d2ede6aebae9,Selam Haile,https://play-lh.googleusercontent.com/a/ACg8ocIUw7yImNgLc9GL-t13QPE70QOwCtMLZgSSeDIEf7_xkVKSpCo=mo,it constantly bugs and doesnt open what is the purpose of mobile banking app if i dont use it when i need it?,1,6,25.09.03,2025-12-12 10:56:13,,,25.09.03,BOA
65eb86df-c336-4035-bd1d-a014d89f4f67,ayne abreham,https://play-lh.googleusercontent.com/a/ACg8ocLK2--Fk1R67bH6wRjXHDX91b9qQC-1ZcqrT1N4Clon4srEErk=mo,"please fix the bug this app does not work, it says Error The request was not successful. Please check device connectivity or try again.",1,9,25.09.03,2025-12-05 20:26:55,,,25.09.03,BOA
46d3beb9-1d2b-4714-b79b-b7727d5a6200,behaylu assefa Getanhe,https://play-lh.googleusercontent.com/a-/ALV-UjWll93DQaY20p9SNt5L1nOfeI48ZnXnm89DLI5kuVxLqoqaFwM,nice banking,5,0,,2025-12-02 12:39:41,,,,BOA
d27d3172-fb10-492e-af66-8923ee7a2cfb,Afomi,https://play-lh.googleusercontent.com/a-/ALV-UjW_pZNZFSCkuHtfwbx-kgSLC02Dlqc5AQPpMnJIX0PRiaTCIw5q,it stuck everytime when i use it . the app won't budge to even open,1,2,25.09.03,2025-12-02 07:43:05,,,25.09.03,BOA
1f812386-c485-4fd1-8299-3ffe264668c7,John Thh,https://play-lh.googleusercontent.com/a/ACg8ocLTPUcW2bOR-XinqAgScr5XDK3uzdgoH8QbhheL95qANV3S5A=mo,i don't find it good and now it is not working!,1,3,25.09.03,2025-12-01 20:46:47,,,25.09.03,BOA
843256e6-6275-4ae5-adaf-a01889b8a49f,Abraham Wolde,https://play-lh.googleusercontent.com/a-/ALV-UjW-W9I32_FNEipCTjWrWdjHifDWsoqd7U9vE9TEnahJC789xz0,Make the reason we wrote visible on app transaction.,2,0,,2025-12-01 09:20:30,,,,BOA
60e84fba-4730-499d-8f5b-88e52dda8db7,BEKI Movie senter,https://play-lh.googleusercontent.com/a/ACg8ocJSOZNSE11GisohleK9NCHtjKvzNvryimpmyAqC2vo9noK69w=mo,app is note active working crash,1,4,,2025-11-30 21:57:28,,,,BOA
4ed89e8c-16dc-4763-94ca-04d05cf799a5,Tsegaw Fikru,https://play-lh.googleusercontent.com/a-/ALV-UjWCy-dg7aQOsuemZe680KgCqgHM0x4Y0wlIYNRGSTemhkxFL0Xx,not user friendly at all it requires a huge connectivity and also lags many times 😑😑😑,1,6,25.09.03,2025-11-26 22:52:50,,,25.09.03,BOA
f5bfd792-bc81-4d06-99c9-06c7743d3e09,Elsai Tesfay,https://play-lh.googleusercontent.com/a/ACg8ocJ97iD-fJHR5G4_eTTFwwsQxc9P5dcrUYp0qAaPGNxGLvbqpiU=mo,ምንም የማይ ሰራ,1,0,25.09.03,2025-11-26 13:08:10,,,25.09.03,BOA
896ee9aa-a483-4b1f-b73c-0a26c4b54790,ashenafi endale,https://play-lh.googleusercontent.com/a-/ALV-UjV1zfpVEX24R8_8zdjG2T4ph5y9ALUUusXUb97upzVlF9WZro0,most of the time is not working properly,1,2,25.09.03,2025-11-25 08:23:20,,,25.09.03,BOA
15c3586b-e672-48db-b3c0-09508375763f,Muluberhan Berhane,https://play-lh.googleusercontent.com/a/ACg8ocIqMnjvUSNvLTwHkOprAkUFBAmaON0KK8yp0p201BNcGtRnkA=mo,good service,5,0,,2025-11-25 02:10:24,,,,BOA
6f7113d8-180e-4f3d-83d9-fbe55f9edd69,Kemal Mahmud,https://play-lh.googleusercontent.com/a-/ALV-UjUvc-zrkYJsorLHy-wWTki4DdnsCq2RP-Ky3PmIljb2VOyloVPD,not use for me,3,0,,2025-11-23 18:23:59,,,,BOA
d36fbdcb-b57e-4384-8e5b-ae549e25b33e,Eyosias Adane,https://play-lh.googleusercontent.com/a/ACg8ocJ3qaZcUZK1E7k6JGetjsOAHb9pqwvEb6JDdOM7QNi-SLQalA=mo,It keeps notifying me to disable developer options and quiet while I'm not enabled. always bring another type of problem with new updates.,1,14,25.09.03,2025-11-22 14:21:32,,,25.09.03,BOA
b9fa948b-07bc-41f5-9e49-5e612b9a9db6,dani boy,https://play-lh.googleusercontent.com/a/ACg8ocJdRUCHPmBjhgVXOvNr4mHza-hyb8NSUs76yT-FdVWTwNBcCQ=mo,the lag is unbelievable when you need it the most this suks,1,3,25.09.03,2025-11-19 13:04:40,,,25.09.03,BOA
afad642f-39c4-4db0-adbf-5fbe7143f960,Ashenafi Biftu,https://play-lh.googleusercontent.com/a-/ALV-UjXNyg7frD7wnHiwKd0WFe-Uy-N_OhXxUbN2WsUv6G4aB6CBEDKX,it is a good app,5,0,25.09.03,2025-11-18 09:47:47,,,25.09.03,BOA
9fb5fdaa-6172-43c1-ba46-2fcdfcd84c13,አጋፋሪ ሚዲያ Agafari media,https://play-lh.googleusercontent.com/a-/ALV-UjXe3BxyUrS9uxJU1hG85KM3U7PwpCV7FCWA7qiiGkuUOR8_eZxE,it is not working at all,1,2,25.09.03,2025-11-15 20:42:13,,,25.09.03,BOA
58ccb5e9-0cf7-413c-8bb4-6515d4863bc1,Amenti Tesgera,https://play-lh.googleusercontent.com/a/ACg8ocIBJtgc1kHpipmikiyzbCLgwuhDlQGo6Ln0mKP0qekfUcTM1g=mo,🥰🥰🥰🥰🥰 app is good but i was live in abroad and when i enter my otp code it didnt make me to write my code it the app want it self write thats not fair so please other wise i like it why,5,67,25.09.03,2025-11-15 19:29:15,,,25.09.03,BOA
0ed79d57-a54c-4541-9df0-67e1e8c72be3,Barecha Ashenafi,https://play-lh.googleusercontent.com/a/ACg8ocICLDpQKm81djgJw0kkYY9lk2-kT-J-I8Zg4BamGxxoZC7Plg=mo,when trying to activate the app it keeps on loading on the security questions page. It has been two days,1,3,25.09.03,2025-11-13 09:57:58,,,25.09.03,BOA
f38caf5b-4580-4a9f-819f-f4cd3d789176,Mebrate Teklay Negesse,https://play-lh.googleusercontent.com/a-/ALV-UjX4QtoPPia-N5haXewaea_GvZflvdW0L21YhThd8zwv9D0gXhSM,fast and simple,5,0,25.09.03,2025-11-11 03:23:24,,,25.09.03,BOA
6a7a5c64-4056-404d-b37e-60bf1d6ee90a,Hailay G Hailu,https://play-lh.googleusercontent.com/a-/ALV-UjU19fW7-uzzzSXj_cWk0phwCXM2XiDA6qeeYHvlIYplcDH2gwDt,best of best,5,0,25.09.03,2025-11-10 19:25:19,,,25.09.03,BOA
c6661ae9-95ab-4a2d-be7b-ad93bb48f278,Melesse Ayehu,https://play-lh.googleusercontent.com/a-/ALV-UjX2L3h9IYAp4Oj6QlIns9QtfMX2T59QUeOUzBmDqkg7Jdti1Tx1,"I would like to share feedback regarding the application. It frequently experiences disruptions and does not function properly, often freezing or failing to load. This issue is affecting workflow and efficiency. Kindly review and address this problem to ensure smoother performance.",1,188,25.09.03,2025-11-08 13:11:33,,,25.09.03,BOA
493dc1a0-1d88-4d43-93ab-9b3c9d7426d9,Yeshambel kebede Melese,https://play-lh.googleusercontent.com/a-/ALV-UjUt-NmRVac7o7lNsQIKmSe1La7Hzgj8vQQfNYSVW1WvtIp9c20,Meet you genuine.App I tried is not functional.Helping.welldoingwith BOA Ethiopia .fastandrelevant.morconnecting Digitalyworld.Digitalyworld. thanks.,5,1,,2025-11-08 12:18:43,,,,BOA
aa74e8f9-67d1-486a-a601-761ce0c79a4e,Navicii Entertainment,https://play-lh.googleusercontent.com/a-/ALV-UjU3XcmWF_HMcWIHI-SyP8JlCkDccE4MmrH1XD9ZN3lEGdn4wls,"Barely works, it always fails to connect",1,2,25.09.03,2025-11-07 16:33:56,,,25.09.03,BOA
8fa4d905-fcd5-4124-8745-0014e9e746cf,VORTEX,https://play-lh.googleusercontent.com/a-/ALV-UjWxUTgUynT2Ml2PjVJ8bvF8CnS0aMP3yGhEZmOU9K_87aBc_vPM,this app launch time is so long also has dozen bugs in addition it's has been long time get update,1,13,25.09.03,2025-11-05 12:22:49,,,25.09.03,BOA
e7e0dd5b-59ee-4ed8-abe8-821ed28c1a6f,Micheal Behailu,https://play-lh.googleusercontent.com/a-/ALV-UjV0DwXrW_hO5xaeSn18M6JgRBgumnWPERyZOzQvYFLwgWkuUbZK,"Your application is very irritating to use, some functionality doesn't even work like on the card management. You need to do better than this and it good idea to reference other banking applications.",3,40,25.09.03,2025-11-04 15:26:13,,,25.09.03,BOA
a64c9c77-83d3-4e1b-b264-4bd5e2d3d349,kidist workalem,https://play-lh.googleusercontent.com/a-/ALV-UjXmNJvSP4xuZQLZeiKQH-9TKryyk2c3ONFGCnYoybdg7Zs8mBQ,ወይ አሻሽሉትና እንጠቀምበት ያለያ ብታጠፉት ይሻላል። በቃ ምንም ነገር አይሰራም መተግበሪያ አለን ብላችሁ እንዳታወሩ ለማንም የማይመከር ቀርፋፋና ተግባር የለሽ መተግበሪያ,1,0,,2025-11-01 14:12:12,,,,BOA
a2d5bdf0-ff92-408b-be55-a4bfa7b61fbc,yeshiwas Dagnew,https://play-lh.googleusercontent.com/a/ACg8ocKsOqJboXs5vKICPPj32rgSrilXUJR_b0Y5ZlzeEUDB8k_3WAA=mo,i m sorry but it doesn't work for my android it is too slow but other bank are very fast please update,1,5,25.09.03,2025-10-30 22:18:43,,,25.09.03,BOA
924bdf3b-0b78-4402-9aaf-d1cbc39cc6af,ttss gulugulu,https://play-lh.googleusercontent.com/a/ACg8ocIMmsxKTOxHRRaeVLOMX_j0Fce4XEgLq9TH-CR-CGp9gYTcrw=mo,"I kindly request that Bank of abyssinia address issues with its mobile app. It is very slow, has numerous problems, and frequently experiences downtime. The user experience is also poor. Thank you.",1,11,,2025-10-28 20:07:21,,,,BOA
426191d1-9b6d-4582-aeae-55633c041d3e,Khaayyoo Birkii,https://play-lh.googleusercontent.com/a-/ALV-UjXrtBVBObylXEN1wMd1QK9wJCQjfmyTwKMsMMtYBnrtE730hXod,this app can't open? what is problem? please solve my problem?,1,3,25.09.03,2025-10-28 02:44:21,,,25.09.03,BOA
f787c8fe-c207-4c5a-8156-e8cfa0f6652d,Aseged Tamere Aseged,https://play-lh.googleusercontent.com/a/ACg8ocLjvb8nZvHn_zaFHVljS1reY93n3vv3yNVAbvPjZrNlaIiYtA=mo,kiyaa makonn,5,0,25.05.03,2025-10-27 22:28:55,,,25.05.03,BOA
1f73f73b-a5e4-4114-a45d-992a360ebb87,Libanos Seboka,https://play-lh.googleusercontent.com/a/ACg8ocKeRW9fechRXhzgQkzMpVz0gkd5BZiIDWto4E7hICVrjb_qxg=mo,very very lazy app,1,0,25.09.03,2025-10-26 23:12:22,,,25.09.03,BOA
b9b28cc3-4563-4f09-938c-b1adcc27bbf3,Kedir Musa,https://play-lh.googleusercontent.com/a-/ALV-UjW0jiJTlH0RednkzyPkKoSWIAH87aR5TiXB9XzJuRMEt3B2hQih,telebirr remittance,5,0,25.05.03,2025-10-24 16:04:33,,,25.05.03,BOA
6606f3a3-dbc9-4032-a905-37c737501776,Kefyalew Ol'anna,https://play-lh.googleusercontent.com/a-/ALV-UjUTBnUeNEITOrqK6Uhfr4Oty_OgAIxhZwJBwXwTt5UbKfqfLbIt,The best bank in 🇪🇹,5,1,25.09.03,2025-10-23 20:01:50,,,25.09.03,BOA
29295b2c-ebe8-4dfe-9cd3-c3a5806b810b,Zerihun Senbeto,https://play-lh.googleusercontent.com/a/ACg8ocJhGIbbxIysm9nb2PhyTSHtAKrZ5TIzXcBvD9UrauYSIukIrzg=mo,good for mb appliciation,5,0,25.09.03,2025-10-21 17:22:18,,,25.09.03,BOA
1776b9e9-95d8-4811-bb94-61d28a7c19d1,Abduselam Mustefa,https://play-lh.googleusercontent.com/a-/ALV-UjWMCJqsROaV-QPqeieB2acFU9HOxF16-GZ_QEoq_XOWERTeHQE,try to easy network,4,0,25.05.03,2025-10-17 15:56:04,,,25.05.03,BOA
d81ca31a-2ecd-4f0a-aab7-0a6f02da0696,Hussen Hassen,https://play-lh.googleusercontent.com/a/ACg8ocLr2aftU5-w6KWKzM1_LehhvPFBEZwj6fTRK2AL9PY6OPwP_cA=mo,hussen hassen umer,5,0,,2025-10-16 20:05:56,,,,BOA
6725eae9-b141-4a7c-abcd-90125d0fa3bd,Twaf Tech,https://play-lh.googleusercontent.com/a-/ALV-UjXqiXtj9kYClLC8LrTSEzHvm4VSrdPe8psXJd1jyjkleSlymQ,"The app is not suitable and lacks a good UI design. As a large bank, you must update your app with a professional UI that is fast and appropriate.",2,6,,2025-10-16 11:53:31,,,,BOA
cdc789cd-c2e6-415e-906f-0bde3fa850b1,Gatluak Yiey Mayom,https://play-lh.googleusercontent.com/a-/ALV-UjVYFXoBRK_RZgfac1yW1W0Zsh6VirBF-iGv_yzpKm_NcC1fups,an exceptional banking app.,5,0,25.09.03,2025-10-16 09:51:09,,,25.09.03,BOA
da8f72ca-3f4b-41f6-937e-c626b8240c8b,Toyba Shikur,https://play-lh.googleusercontent.com/a/ACg8ocJ8WvSOTC94y10Lq5Pj0HCDXa5dYNst3CMNaR2RPuSTldbu5g=mo,alhamdulilah,5,0,25.09.03,2025-10-11 09:38:31,,,25.09.03,BOA
32133348-ecd7-47e0-9e98-7f1702419599,Daniel Kassa,https://play-lh.googleusercontent.com/a-/ALV-UjVFctpx5rwKKAac14YUI-x1N22Sv6vH4EibsR3x3tmWnmW09vhU,Best of best,5,0,24.07.04,2025-10-09 09:31:41,,,24.07.04,BOA
68b7a597-8133-4584-9c3f-1e26fa21184e,WASIHUN GETU,https://play-lh.googleusercontent.com/a-/ALV-UjUzSc02s7Q-n3CMTlDg-Lb4citjJYlJWSGuk-WwipydtZHF2XdN,from the last week updates the app is not working Please check the problems,1,3,25.09.03,2025-10-08 20:21:32,,,25.09.03,BOA
546df11c-e603-4f04-963e-ae1cd2be9561,Fuad Art,https://play-lh.googleusercontent.com/a/ACg8ocJ_hJ0-6Esp1M7d1LEN3BSh9s5JA_7APaBMn4JPKkHjPx0ehA=mo,It's always crushing,1,0,,2025-10-08 10:28:55,,,,BOA
147dc910-f84e-4950-9cd0-a6ce1ca0b070,Daniel Bekele,https://play-lh.googleusercontent.com/a/ACg8ocJRI5-AiJhoXDoEgon0xrizPD-lsZ3xBe2ST6_8q8HVEx5gMA=mo,office branches have to improve their services please,4,0,25.09.03,2025-10-07 07:22:58,,,25.09.03,BOA
7345b274-906c-4bfc-b37d-8131020ad13e,Amlakendalew Dubale,https://play-lh.googleusercontent.com/a-/ALV-UjUGt4kV50pZC2LYmkNtspDnNTm9twkoGs69YRzwvX1eY0fQLow,Why does it keep crashing? I can't even use this. BOA should do better. You have many customers and how to deal with this. I can't send money now.,1,16,25.09.03,2025-10-05 19:04:02,,,25.09.03,BOA
4587385c-78c9-4310-b8aa-da0bce565a91,yihenew mulat,https://play-lh.googleusercontent.com/a-/ALV-UjWLF_e8QNR2AkqdQBgNcj2tnTo6uVvgwymy4ydrKzu0FFRFckoe,it needs a timely update,5,2,25.09.03,2025-10-03 09:39:36,,,25.09.03,BOA
1310296e-3850-494f-83bc-936ea27684ab,Yonas amare,https://play-lh.googleusercontent.com/a/ACg8ocIsRPUyVv74JbC_m5AtylctXsYu8VMxEell8YHy28aolp6MdQ=mo,"It does not show the name of the person who sent the money to request a receipt. This has become very difficult for us. When different people transfer the same amount to me from different banks, it is very difficult to identify the account or the name of the sender.",3,105,25.09.03,2025-10-01 22:45:17,,,25.09.03,BOA
baad5c11-63e6-4b64-9006-c4cb1481036d,Alemayehu Fentie,https://play-lh.googleusercontent.com/a-/ALV-UjWjKx_m80lOsvVQrTaiTbYqKzHdAnwrCCov8FLRmje82vc3sec,I can't type my otp on it.,1,1,25.09.03,2025-10-01 18:42:50,,,25.09.03,BOA
7481b511-72a1-4592-8087-c029fc656e67,Nat T,https://play-lh.googleusercontent.com/a/ACg8ocK_342VUm21Lwm-tNTIvS4tJIOEBJ055qTq2YFe70lHHSAqotsJ=mo,"most of bank apps in Ethiopia are linked with ethiopian phone number, I live in US permanently so when I open BoA account, I told them where I live and to link it with email address instead of phone # as ethio phone number is not working where I live, unfortunetly my fear appeared and now when I change my phone device, it send the code to the ethio number which is not with me now. so please when u develop bank apps consider the diaspora community to use ur apps",1,3,25.05.03,2025-10-01 15:30:39,,,25.05.03,BOA
b768c25c-bc3a-4d57-8c45-97e489546662,Tsegie Shewarged,https://play-lh.googleusercontent.com/a/ACg8ocIFlVYN54SiKc5Lm8yq244hyGT8M2lYfHZjnyBBY7UPAJ8XuQ=mo,I love this bank the best experience ever.,5,7,25.09.03,2025-09-28 04:17:38,,,25.09.03,BOA
c90fb60a-ea63-47f0-aa65-fcb41b6534e1,nathan esayas,https://play-lh.googleusercontent.com/a/ACg8ocKdptd6_Nl8dj5bqSXfa1lzXH3QO5vpU4jMyjeT-LBiBxi5-w=mo,"Nothing has been improved, it doesn't work like the previous version.",1,3,25.09.03,2025-09-25 20:41:02,,,25.09.03,BOA
eecf4f77-29ed-40cd-a228-b325ee459350,Tahood Bossy,https://play-lh.googleusercontent.com/a-/ALV-UjWavosLIwgnPMVq0S78sTkxQTacGvj2KITabKEgC3c3hXCPFgDz,mobile banking,5,0,25.09.03,2025-09-19 18:43:07,,,25.09.03,BOA
a05681a9-b69a-48b6-92c5-79a7d916bd61,Amir Ahmed,https://play-lh.googleusercontent.com/a/ACg8ocKZVCt4RgvwL6-ApTJLXQm2Ld0RL8_pYKX1RyzPcOtaXvyj7w=mo,"need alot of connection, chooses device, very lug even when there is connection",1,6,,2025-09-17 13:50:17,,,,BOA
7cedd008-b817-442b-9da0-76ea15713450,Osman Ismail,https://play-lh.googleusercontent.com/a-/ALV-UjU3DkiozQiZnXZBOl4P8TzSk1S4LaWSELm8z5p3Cp7SW_OVbRyEgg,On my ios it's perfect but on android it barley works and don't transfer and after a while it crushed and totally stopped working. Please fix the issue my beloved bank of abyssinia.,1,189,25.09.03,2025-09-15 17:16:36,,,25.09.03,BOA
4bf673d6-7d6f-431c-8844-a6c7eb4c65d3,dula tamiru,https://play-lh.googleusercontent.com/a/ACg8ocLmEkCx1Bllw-MWiL4VMiYqcK1Y8MJNHTgGGOYMkgZeOGdOxw=mo,very good app i ever used,5,0,,2025-09-12 08:25:40,,,,BOA
dfad5025-20f7-4556-bdaf-294785947fa3,Astec Phonetastic,https://play-lh.googleusercontent.com/a/ACg8ocIWjmv3jemWixcIqv1C7-MHiBzce4S5K0ksqR62DvMQ-h73BA=mo,its nice app especially the transaction limit is extended but We face that BoA m.banking app doesn't respond at the activation stage strictly at SMSNG mobile phone. please try this to make safe.,4,26,25.09.03,2025-09-11 19:48:42,,,25.09.03,BOA
a56b1202-a6db-405b-aba1-586a16bc417d,Alayu,https://play-lh.googleusercontent.com/a/ACg8ocLEe5O07rCvsNRDyIrS8R22gLcrc4edYgQu-ggc3bWQfZ8M=mo,please open my mobile app,5,0,25.09.03,2025-09-10 15:43:30,,,25.09.03,BOA
d876a31d-e463-4340-a67e-9a950e182865,Yasmin salah,https://play-lh.googleusercontent.com/a-/ALV-UjUJwsAngpkP-I2S0oVRLAW7ubmH7Xaya4EIESmCgtiQeHTrfAU,it doesn't open,1,0,24.07.04,2025-09-10 12:38:37,,,24.07.04,BOA
dc3c97a2-0fe6-4a49-a2d3-9cc949380a0d,Fitsume Tebarek,https://play-lh.googleusercontent.com/a/ACg8ocJl4rqpXa0pJAkb81PLdKKTPHkkVSBCECCAei1M6b6caBYtdQ=mo,Best banking transaction application in Ethiopia !,5,1,,2025-09-05 17:24:28,,,,BOA
516af455-a65f-4ddf-94e0-03cceae923c6,حسين حسن,https://play-lh.googleusercontent.com/a-/ALV-UjW-cLbotuxICf1bzbDpfgmcMWwi7gHfGezYEe4oOFR4gHK78Kc,السلام عليكم ورحمة الله وبركاته ماشاء الله تبارك الرحمن هذا التطبيق ممتاز جدا,5,0,,2025-09-04 18:02:58,,,,BOA
613dff98-be45-4f37-8feb-01e382393e26,Tamaam Kamaal,https://play-lh.googleusercontent.com/a/ACg8ocKJ5QhocM6Z4gJq7TqrH5dNHtdFFlOfCTHkQpdpnYjyLaZSGg=mo,tamaam kamal,1,0,25.05.03,2025-09-04 01:55:34,,,25.05.03,BOA
0e665f33-628c-4799-a991-53cf66b89ed0,Mohammed Ahmed yuya,https://play-lh.googleusercontent.com/a-/ALV-UjUprHR0jNZxJa322G3Tdswd7bAKc0uCD1hWlmsZCzjQ2Xh06dU,absiniya banki,5,0,,2025-08-29 18:14:45,,,,BOA
3e8a43b7-e4a5-4ba0-850e-332a7dad3a24,Miki ele,https://play-lh.googleusercontent.com/a-/ALV-UjVyHBdtGMwKNKjuWJ1C-Y06Owx9iVmMvUjlKQGp7MhAOIbeWVo,has issue after installation and i think it doesn't work with tecno common 30,1,5,,2025-08-26 15:05:33,,,,BOA
abb3b6f4-ed3d-4013-b997-0efb664037a5,Dr. Yasin Mohammed ALI,https://play-lh.googleusercontent.com/a-/ALV-UjXQ4yWCIAB_E7RdWO-4ejp6gmH4coyu8sK60_N3Ebh-lDTxCfu5Kw,One of the best in this business,5,0,25.05.03,2025-08-25 16:34:55,,,25.05.03,BOA
bc8bfdb0-596e-4ed3-a07d-c3ac71061fee,asaye alamneh,https://play-lh.googleusercontent.com/a/ACg8ocJxwoPzU4ynWWDllApTWa0FqZAbVncRBayqZBvttgXZtBMk7A=mo,unlimited experience,5,0,,2025-08-18 09:15:44,,,,BOA
ec30627f-c9a0-48f6-8fd2-38fcae3ab112,Aman uzmaki,https://play-lh.googleusercontent.com/a-/ALV-UjWRQMIGM61G2EOqo82KDgiOwwR9lKHgxdDN3Q_FThKA_duznvk,"as bank, u should at least hire someone good at their job bc this a joke nowadays I can't even log in or even transfer without it crashing if u fix the app I will update this review I am counting on u boa update: so they atleast fixed it but as suggestion can u put password when in final step of sending money it will feel more secure that way",4,15,25.05.03,2025-08-17 06:44:58,,,25.05.03,BOA
656865bb-7ee3-4fef-9f23-b6728b2b6ab9,Yesuf Seid,https://play-lh.googleusercontent.com/a-/ALV-UjWtsVsrPmUkt_olWPyyQgYhtQ7ZX3s_70QAAS64TN6n_kHH34Sibw,very nice mobile banking app my favourite,5,1,25.05.03,2025-08-16 13:58:54,,,25.05.03,BOA
ac500ef1-8d40-4c19-b862-c5f47b165e97,BIG MOUNT D ll (B.M.D.ll),https://play-lh.googleusercontent.com/a-/ALV-UjVJSpaASVnpKEjC2sYHHiZ2B04DKSmOG6iR2a4JvtThWDsUZew,"it almost never boots up!!! and even if it did, it crashes immediately",1,3,25.05.03,2025-08-15 14:12:02,,,25.05.03,BOA
161dbde7-f447-412e-abf3-8ae5e7ba5012,Chaltu Habte,https://play-lh.googleusercontent.com/a/ACg8ocKGvwaC5ALHDPbs0eD7HL_wB4dcVhhUa0IxOUa8GcNFQr79vw=mo,Best mobile app in the country,5,0,25.05.03,2025-08-14 07:04:30,,,25.05.03,BOA
bffe6663-e88f-4a08-97bc-e6ea6b2d8227,BESUFEKAD ROBEL,https://play-lh.googleusercontent.com/a-/ALV-UjX5vkaF5OZoJ2dZYm2Add6F50MD5Q9v2kQOjOwQR2i7UkfxfRdR,keeps freezing at the front page.,1,3,25.05.03,2025-08-10 17:35:29,,,25.05.03,BOA
6dd324c1-79ef-4935-9c87-ad0fd8fd1635,yusfo 1,https://play-lh.googleusercontent.com/a/ACg8ocKSVs1PovJSQsCPHyNd_4Yb1ePPRBk4VDTV41Z_roNQ7Yc5dw=mo,it is not working on redminote 11 pro+ pls fix it,1,3,25.05.03,2025-08-08 07:03:06,,,25.05.03,BOA
aefe5a77-71f4-4efa-92e6-b4a1b4a48e9e,Rabbi Tokkicha,https://play-lh.googleusercontent.com/a-/ALV-UjX9mvl_OEGnExOH1mjF6geG-A9vokGd5Qags6WkamPnHYbyD8zn,abseniya bank app,5,0,,2025-08-08 03:00:41,,,,BOA
e6ec7d3b-beb3-40ac-a615-9a0bae85e39d,wasil jemal,https://play-lh.googleusercontent.com/a/ACg8ocLY_QjmtkZwsp3uluE4fvmo4wmDzl_qs1Zjy6rEQe3l98ZDtA=mo,yes goode app,5,0,25.05.03,2025-08-03 23:19:34,,,25.05.03,BOA
207adaf3-2705-486b-846e-1f95c4d7f049,Petros Misganaw,https://play-lh.googleusercontent.com/a/ACg8ocKU7JP-SrIwfLDbynsAMG32MWnRqe53jNkpSqo0sak5okUrDQ=mo,best bank in ethiopia,5,1,25.05.03,2025-07-29 19:00:02,,,25.05.03,BOA
5e5817ce-8960-4e99-9bae-3e9059357303,Abadi mikiyas Etenesh zenebech,https://play-lh.googleusercontent.com/a/ACg8ocIFj9IDwD5NuFkV9OpW6rBnXfEpajFJ7IePfF2-G6EbBN8N3w=mo,please is not working,2,0,25.05.03,2025-07-27 20:25:36,,,25.05.03,BOA
b27ee212-10ec-499b-b36d-ff667d7b7085,Kalid Abdulkadir (Kalikam),https://play-lh.googleusercontent.com/a/ACg8ocJYbF6w8uMSmvTnTbaIUrJx-1jvK-z-RgeX4kokgp_Z1M-dfw=mo,nothing when I need to install the Apk it say that re-up date,5,3,25.05.03,2025-07-25 09:42:43,,,25.05.03,BOA
94e809fb-94f8-4e0a-b3e8-1c4113c19f77,Richard Mengistab,https://play-lh.googleusercontent.com/a/ACg8ocJjWSsnWDHO664z9xqEGsOXzd0_zkVvHCAR1-IxovrnviaLuQ=mo,I can log in from any where,5,2,25.05.03,2025-07-23 03:05:42,,,25.05.03,BOA
a6c71862-00d9-491c-928d-f557a845da4a,Ali Saed,https://play-lh.googleusercontent.com/a/ACg8ocLTOBIWpFkdX3wrYrYM5V6iXXLYtylsooBcvbrihGbeqrRHIw=mo,no proplem,5,0,25.05.03,2025-07-20 17:52:05,,,25.05.03,BOA
2b131440-f01a-468e-9314-095ae0b77601,Biniyam Eyob,https://play-lh.googleusercontent.com/a-/ALV-UjUQJZWqkfKf8XbZSrvcNr9WlpbTe6nMgEM0QyOETseTwxJEnKE,excellent app,5,0,25.05.03,2025-07-18 16:05:21,,,25.05.03,BOA
f2774304-2650-4e10-8854-25fe8d6de09e,My Mobile,https://play-lh.googleusercontent.com/a-/ALV-UjUwEcRHpHVzIcnDmZzsatdOCdRHh5c92-52-MpX0Lv5xLPCGPz5,not working,1,0,25.05.03,2025-07-12 12:26:49,,,25.05.03,BOA
fe2fcc2e-a065-4210-a48b-4ea4e93f383e,Bemnet Teshome,https://play-lh.googleusercontent.com/a-/ALV-UjX60rZzVUz_JablY8clPJdCCIw1q_QGgJq2hxkfzdC-nUmwysg,This App is Getting worse and worse with every update,2,3,25.05.03,2025-07-11 13:03:44,,,25.05.03,BOA
285a819d-f45f-4f6f-a280-23588282f8b0,Minayehu,https://play-lh.googleusercontent.com/a-/ALV-UjXtQ14TA-t2ycmQrRsylbC7phyHSxmWFAnfxyQ4GJjS8lax_ug,awasome app go a head,5,0,25.05.03,2025-07-04 08:18:24,,,25.05.03,BOA
5caae1bf-1a44-4370-8c45-19b8c0481d65,Elvis Rukerandanga,https://play-lh.googleusercontent.com/a-/ALV-UjV6t33saIEUoMYUCF6wrdmvvhPi3RKscYPvbSo8mC0W8H_jKlU0,it sucks as hell. it crashes most of the time and takes a long time to load .,1,10,25.05.03,2025-07-03 03:31:08,,,25.05.03,BOA
d713bd24-8fc6-48e4-ad53-aeafeda8babc,Hadush Berhe,https://play-lh.googleusercontent.com/a-/ALV-UjV8j4h7eBEF7eq57KIYiDT35p-2H-TLeOz7gZW9jjOls8WOwEU,Easy and very nice app to load more than the previouse but in recent time some loading problem detected.,5,191,25.05.03,2025-07-01 16:08:48,,,25.05.03,BOA
f27a8118-3cab-43a4-a0c4-8d6e235d05cf,Amir osman,https://play-lh.googleusercontent.com/a-/ALV-UjVF0vwKuWjnrln69VIdsrHUvgzWfNkVZ2ceNpxd_Y8TL0qLVy3I,amazing Banks App👌👌,3,0,25.05.03,2025-06-25 17:35:00,,,25.05.03,BOA
84ef704f-9293-4fcb-a0fc-8a8dafd2d9ed,Habtamu Tenahun,https://play-lh.googleusercontent.com/a-/ALV-UjWwHduVvv2sWobpdltNoJuCExdyrl0qx_WAwOCEB-FvWTkH1H8N,good App fore me,5,0,,2025-06-25 15:12:00,,,,BOA
8b9c0316-a505-4e36-b2c3-844d7b9d209d,Mu Kee,https://play-lh.googleusercontent.com/a-/ALV-UjWJckjxlRCpjUkibV2eaDIuHfJsz1E5w8-ntYY7QdcLC5skEivZ,"very uninterested it's not working when the ""developer mode on"" i haven't off the developer options i preferred to uninstall your app .....",1,4,25.05.03,2025-06-24 12:27:26,,,25.05.03,BOA
f8b0d764-37b1-475e-bcda-03bd153eb20b,Rahel Tadessr,https://play-lh.googleusercontent.com/a/ACg8ocIeK5q1iCOfD8GCnB--kcJ67rpEF8BZewbxRvN8X-PjZhVexA=mo,it's nice to use.,5,0,25.05.03,2025-06-21 09:34:30,,,25.05.03,BOA
e4976dd0-7be3-4353-b6bd-5df3eb322f61,Amanuel,https://play-lh.googleusercontent.com/a-/ALV-UjWSND0brmUDsleshYOKGXAsKlMDvlMbaZt-QHk7JPpZs9jvUlr8,app doesn't start,1,0,25.05.03,2025-06-21 08:48:21,,,25.05.03,BOA
2da4265c-ec1c-4460-a1d2-5e23b5539034,Fentaw Kefyalew,https://play-lh.googleusercontent.com/a-/ALV-UjVegnXujG2XuMR7hfFXBINX5tbVtMuHZKoxf7tWOU40BhnGGC4N,Excellent application,5,0,25.05.03,2025-06-18 11:24:46,,,25.05.03,BOA
9d73d4fd-005a-4232-a1b3-ff967998969e,Bizuy Shewaye,https://play-lh.googleusercontent.com/a/ACg8ocKjmUD7_ly7jKHVQHub4twmHuhZdhJ4aMFT9bArzYMMCBpIGQ=mo,ብዙዬ ሺዋየ በለጠ,1,0,25.05.03,2025-06-15 19:26:48,,,25.05.03,BOA
45d80ec5-3db4-4b45-af64-095a9fd0c355,SELAM MESGANAW,https://play-lh.googleusercontent.com/a/ACg8ocJaZ4K2WX8KF9tjVXnbUPco7MHa3hcp7w2BEKPjv6G0hbUR-A=mo,best financial app.,5,1,25.05.03,2025-06-12 09:53:43,,,25.05.03,BOA
81589db8-6bd8-4b68-816c-ec9e01408b97,Biniyam Daniel,https://play-lh.googleusercontent.com/a-/ALV-UjWmoEK7mPgql_vee4Ov-x_7MsvI1KdLnGJbTo1QDzPlk974P1O-,ቆንጆ ነው በርቱ,5,0,24.11.22,2025-06-11 21:19:48,,,24.11.22,BOA
937102c6-ae88-419c-994b-80e520faacb8,Phillmon Haftom,https://play-lh.googleusercontent.com/a/ACg8ocJUHD1VlowMkpu5Ud6IlrkId8h-uGAlDtJtFS8bLkxHA1gDeA=mo,it's not working,3,0,25.05.03,2025-06-05 11:57:36,,,25.05.03,BOA
3559b91c-fad9-4032-bebe-cf99974b9628,Robel Alebachew,https://play-lh.googleusercontent.com/a/ACg8ocKc3cWFE6DB-KelsfBZrSQ5KjVQ7TztXXm7wELqjMcFMLChYw=mo,"Hello, I’m facing a problem with the BOA Mobile app. Every time I enter my phone number and password, the app crashes and shows an error that says “BoaMobile closed because this app has a bug.” I tried updating, reinstalling, and clearing cache, but nothing worked. Please fix this bug in the next update. I really need access to my account. Thank you.",1,45,,2025-06-03 16:21:34,,,,BOA
10e85f30-540d-4810-ba89-85a7e004480b,Haymanot Anberber,https://play-lh.googleusercontent.com/a/ACg8ocIwmyIbpn174q-SvjF22qALayqXshfNd2A-CAp6EcVs5j7mYg=mo,exceptional,5,0,,2025-06-03 10:32:35,,,,BOA
d7f07898-4ba1-47b4-9e8c-a3cc10b1bf0f,Mahamed Abdulahi,https://play-lh.googleusercontent.com/a-/ALV-UjWjpFDGs7v19_pZmUMCMtVR2F8pWgFtnQdx_Pau33zI25ducLU,BoA Mobile good bank,5,0,25.05.03,2025-06-02 14:25:12,,,25.05.03,BOA
2ca9480b-ff5f-4b59-952c-5921db83dab2,Ahadu tech,https://play-lh.googleusercontent.com/a-/ALV-UjWOhd6tDkB5D0Ws9KjbNiDZMM0fSVJ0ykgIWeFwpaPTgsqmNCU,this is worest app 24/7 loading,1,2,25.05.03,2025-06-01 15:51:10,,,25.05.03,BOA
d9172c66-a605-4626-acc6-e1dbca0685cd,Mansour Abdulkadir,https://play-lh.googleusercontent.com/a-/ALV-UjWBTOX_W3soQM62Qu5aC_OP2GP0PBmwc9J0vULfT4FccoQk0E8,BoA system is confartable,5,0,25.05.03,2025-06-01 00:47:32,,,25.05.03,BOA
c3f2810d-cf99-4600-90ac-bef47adb9e7a,Ethiopia,https://play-lh.googleusercontent.com/a/ACg8ocKgfyrWh_dWm13iUdnsiv6Y3B_9hY_rTiI67hppjky8hpEOBw=mo,"this app, for me , is a waste of time. It doesn't work . I can't even long in, and it really piss me off. FIX THE PROBLEM",1,1,,2025-05-27 21:16:27,,,,BOA
512f8c2b-8fac-41cc-978a-b58e39a1ea5c,Gizachew Tesfahun,https://play-lh.googleusercontent.com/a/ACg8ocIix1Gtm5fb9xKlhypyXzFWtmAP2d4b16CGzSD-l_wk2w6Beg=mo,Good service.,3,0,25.05.03,2025-05-25 19:14:52,,,25.05.03,BOA
76089146-b1c7-47f4-ab9f-44b6a1092225,Tewodros Regasa,https://play-lh.googleusercontent.com/a-/ALV-UjWFdK2_RF3rbaPiwkRygKeobIf-Wu3NRloIJKctPROqaAuyebQi,the app crush frequently,1,0,25.05.03,2025-05-24 12:24:56,,,25.05.03,BOA
2e219268-96fd-400c-8632-0b0d1044f487,Natty Solomon,https://play-lh.googleusercontent.com/a-/ALV-UjVvOqNjcmiFvpg3wf626ccS0Kal2mOq6hxjoSjCb0xVC1fsg2cR,"This app is a joke. It crashes more than it works, takes forever to load, and half the features are just decorative at this point. Can’t log in, can’t transfer money, can’t even check my balance without it bugging out. To the developer: Are you actually trying to make this work, or is this some kind of social experiment to test our patience? Did you build this in your sleep? Because it definitely looks like it. If this is your idea of a functional app, maybe consider a different career path🙏",1,258,25.05.03,2025-05-21 13:49:15,,,25.05.03,BOA
8ddf5c9f-f866-4817-ac5e-85c67bfa870e,Usu Elemo,https://play-lh.googleusercontent.com/a/ACg8ocJ3LWDmO2wgBE2qYNAOEsApqJSSpf0CbI28bSeOHIZF5XJo9zY=mo,but not opening on android,4,3,,2025-05-19 17:19:32,,,,BOA
b640cc87-df88-4b6b-9b9f-13fe0bdd5dfa,fire biru,https://play-lh.googleusercontent.com/a/ACg8ocKGXwSjfQH8MlM1J14zYWoc7q2nqnsFcm6waB-R2fWUuE51Ag=mo,"this app does no work on Samsung a51, it just gives a preview of the logo",1,3,24.09.30,2025-05-11 19:07:08,,,24.09.30,BOA
301f6927-9395-4cda-bb77-041a36323875,bogale abunu,https://play-lh.googleusercontent.com/a-/ALV-UjUNALB1lGxqtlz7jPNG4uUMSvz5nifHfGqRn0KvjbgpsHkaWYg1,"i entered incorrect security question by mistake boa app lock pin forever, why is there no other options? ?? i contacted different branchs more then 4times but they didn't able to solve this issue .",5,353,25.05.03,2025-05-10 12:44:44,,,25.05.03,BOA
857bb685-6f7e-4db0-af37-eb2f1c1c6fd3,Abdu berHanu,https://play-lh.googleusercontent.com/a/ACg8ocJjoZv87agxo3zkbYHkpDgp5LOsmx4bjWgO6tAxzjQT0bJbBg=mo,liking this application good 👍,5,0,25.05.03,2025-05-07 18:34:10,,,25.05.03,BOA
62fa097e-3fd8-4522-a3a3-9b13f17f594d,Ahmed Abdo Bedaso,https://play-lh.googleusercontent.com/a-/ALV-UjVskSAmT2ssPhP_eVaTgOhXTop0J4YEM0Lw6dgqrB2sT5B2LU5u,"This app future is good, but there is problems with apps to reset and activate it, which is difficult even to the branch staffs, and it takes too long times to active at the branch plus most of the time high expected failure of activation after process at the counter and OTP sent not work",1,5,,2025-05-06 18:06:33,,,,BOA
e255b972-0d40-4de1-99ff-44dbada62a16,Parish Duop,https://play-lh.googleusercontent.com/a-/ALV-UjUm1sZ3jg3ZaGsXJ1QtSgcuH-vlxWHt-Ci60zdy62M0gOOJOzg,it's really good 👍,5,0,25.03.07,2025-04-23 19:44:14,,,25.03.07,BOA
8a4d9c01-9e5a-4732-a8ab-9341930b30c8,Nahom Abebe,https://play-lh.googleusercontent.com/a/ACg8ocLRFdZ5Nv2Vc17s9gmMXS_GfT3mVhKlWyxrIP49GsiyGHihcZQ=mo,"the app isn't working after it asked me the password it starts loading, but it doesn't open",3,10,25.03.07,2025-04-20 21:05:21,,,25.03.07,BOA
3271d45f-2900-41b6-878c-669ac563e60a,Abel Hubena,https://play-lh.googleusercontent.com/a-/ALV-UjXntbwaXsZjrryM7cvQuWMFymDlD0f5l5_XDVLg9iElR9a54qMnvg,It keeps showing this pop up to turn off developer options even tho it's off! I had to turn on and then off to make it work! This is a horrible experience and needs a fix asap! Plus kinda slow.,1,34,25.03.07,2025-04-19 07:15:54,,,25.03.07,BOA
497345df-10e9-402a-bb96-88e16f8a803d,Tsegaye,https://play-lh.googleusercontent.com/a/ACg8ocKJgt9omU_YpOsh3V5D8W98OWGiLim0TjaQWbSUYsKnY2esZsU=mo,boa of mobile backing,5,0,25.03.07,2025-04-09 14:32:34,,,25.03.07,BOA
f68ed25c-79db-4a9c-85e7-aaccd1671555,Joni Eden,https://play-lh.googleusercontent.com/a/ACg8ocLYmkXyF2huI_gR4t2Ra9sD2OqyiXutrjMLreLDsNRSaSL26w=mo,faster bank of Abissinya,5,0,25.03.07,2025-04-08 16:36:23,,,25.03.07,BOA
94ef86ef-6437-4c31-96c5-efeb7f32829f,Yared Getachew,https://play-lh.googleusercontent.com/a-/ALV-UjXStUgSCFhTrcRyNDiKuvnzNtvi4hky6vzgOcFx9fZ_GA_vBSxd,i would have given it a lower if it was possible because it crush so much and it take the bank so long to fix the bug,1,10,25.03.07,2025-04-08 10:12:19,,,25.03.07,BOA
3b48fff7-6b38-4099-9c7c-cabc1bbbd92b,Bezawit Wondmagegne,https://play-lh.googleusercontent.com/a/ACg8ocLMgtPAMJRBpYNB5jBVqf_d7ufK7SYjVpTqT1k9W2KLdWLR1g=mo,it just doesn't work...so frustrating,1,0,,2025-04-07 18:04:17,,,,BOA
b10d3c9a-d5c8-422c-9bca-82a40310fb5c,Teddy and Fli,https://play-lh.googleusercontent.com/a-/ALV-UjWmwyTMeD9quS8mnVL-8WsUjWicNmU-FPOtffGrcwObiYaPRalW,it's not work correctly... you must have update it,1,7,25.03.07,2025-04-06 11:01:42,,,25.03.07,BOA
8eed1a6d-6902-45fe-abc4-48dcbae22f85,Esubalew Yismaw,https://play-lh.googleusercontent.com/a-/ALV-UjU-kJX0DEbtrWM_594xDdLac8BzdVyW-l0Zr_4gVsX4g8ggjJXw,"the app gets a considerable improvements like language , QR scanner and unlimited transfers survice. but BOA Please do alot on its fastness and convenient when we login and making a transactions.",5,19,25.03.07,2025-04-04 22:57:29,,,25.03.07,BOA
b3a22053-e2b9-47e6-8083-a2e73a7c6bed,Yonas Gebre,https://play-lh.googleusercontent.com/a-/ALV-UjXE7RfDi8eySDco2807b_hHR0-GAtMA29WYI7qd0R_kjITHUfxy,after i typed in my password it says successfully logged out ...and goes back to the first page,2,9,25.03.07,2025-04-04 12:38:08,,,25.03.07,BOA
53263f41-9dd6-4165-a24a-a41fda4c390c,Nati Kasahun,https://play-lh.googleusercontent.com/a-/ALV-UjX_oJS20sQqMojAKhqZSlSXTSSs7UpU4a8wSc8B1SFWw_Dg1lX5,good but they don't update enough don't add new things,3,4,25.03.07,2025-04-04 12:24:06,,,25.03.07,BOA
6eec96bf-b4c9-4dde-9814-059cf54b3f86,Abel Getachew,https://play-lh.googleusercontent.com/a-/ALV-UjUkaycJeMeh_DqBMOGrF_SIv-5Cdunku3YbxuMtFpRYbjrZYfA2,it doesn't work period z slowest mobile banking ever i would rather use *815#,1,5,25.03.07,2025-04-01 00:27:34,,,25.03.07,BOA
1197ad29-5063-4999-888c-589582754caa,Hone Boy,https://play-lh.googleusercontent.com/a/ACg8ocJ94dBkQntspJfmKqbrM0zmMry5oAXsC9mSxVdmbgf1GAu49YE=mo,"after activated the application it not allowed to sign , automatically it is turn off In my phone, why ?",1,6,,2025-03-31 23:55:06,,,,BOA
2ac5df83-d25c-41c5-ae60-64c7a77159c5,Aklilu Keshura,https://play-lh.googleusercontent.com/a/ACg8ocJO895hHxP5vfWjxyYMTHGNYQ4pxOg7nTBzQLJgFxjT65RqVg=mo,good application,5,0,,2025-03-30 21:56:40,,,,BOA
e9072e9a-76dc-49d1-b423-cb64c4656802,Yohannes Assefa,https://play-lh.googleusercontent.com/a-/ALV-UjVwg9_NSPfIIi3K1l82YSlh3LDv-GSIaUQrd94qff5J0xwY0sQ,this version is not working for me I cannot even buy card. I cannot send money,1,2,25.03.07,2025-03-30 15:27:26,,,25.03.07,BOA
e52a6ccb-dc16-472c-84ef-2969c08a9318,Nahom Tesfamikael,https://play-lh.googleusercontent.com/a-/ALV-UjVveTeQ6XPqN5H-xh3iSI9D_GsCtnA_6Yir0g1onFPOMjddS58V,"It can't actively on initialization, it says incorrect OTP getting the exact OTP",1,4,25.03.07,2025-03-29 14:29:38,,,25.03.07,BOA
34f5b18e-0a79-40bb-94b6-4430d08e0c17,Michele Graffi,https://play-lh.googleusercontent.com/a/ACg8ocI3d-EFmZlyL2EB-DwxLVU5JxMULic6PXmnkDmSCUfEEXGvOQH4=mo,always problematic hardly works,1,1,25.03.07,2025-03-26 13:28:25,,,25.03.07,BOA
6b5a5455-dcd0-4a2a-8cbb-f0deb5706498,Rakeb Mulugeta,https://play-lh.googleusercontent.com/a-/ALV-UjX1VVX2AC5KbOYILSBO_pFAdZNJCxr-eZ04qJ0OD5Y00RIVDaLO,i have went to the bank so many times because i couldn't make any transaction i can only see my balance nothing else so what is the point of having mobile banking if i can't make any transaction with it please work in that,1,7,,2025-03-21 10:49:11,,,,BOA
376f374a-f480-46e2-bb4a-90e938ab3a59,Mickey Justin,https://play-lh.googleusercontent.com/a-/ALV-UjUf8oSe2sn7dlDbNMS-H7541KC8NlHCBlcNIpvIhS0pT1QJ_W4,there is no speed,1,0,24.11.22,2025-03-19 19:12:01,,,24.11.22,BOA
c5cdb617-4335-491d-89ce-9c1aab9b0b2f,Noah Daniel,https://play-lh.googleusercontent.com/a/ACg8ocKQpSKVHU0UhCOeoZsA99QNxGYpR939DTIZgtHM2eHNlocFJw=mo,"For anyone who wants to download it, just don't!!!",1,0,25.03.07,2025-03-19 16:02:57,,,25.03.07,BOA
7d475f3a-15b4-4e56-ae4b-1fc451749e61,Beamanuel Tesfaye,https://play-lh.googleusercontent.com/a/ACg8ocKzKtslIb7CKU6wDNHKr93Lw3TklYJ3fl8TQ34Amh5n6SwhmSI=mo,"Edit: New bug, app not letting me type in my otp codes. Shameful Why does this app not allow me to use it while having developer options on? Did y'all consider that I might, perhaps, be an actual developer? Why am I expected to toggle the option on and off just to bank (restarting my phone when I do)? Why is the message labled as somthing that will ""smoothen"" the experience? This is like the most ""security consultant"" thing to implement in an app. Please invest in actual security, not this mess.",1,137,25.03.07,2025-03-12 22:41:25,,,25.03.07,BOA
e68af2d6-0770-4110-b3dd-167bb54cd017,Fanuel Gebremedhn,https://play-lh.googleusercontent.com/a-/ALV-UjUokUV5tiiptS8Elef8L13BqiR4oknZ7-8FX6b8sMN4tDPORlHa,Improved to be the best,5,1,24.11.22,2025-03-11 12:32:31,,,24.11.22,BOA
0e5e093a-1cf1-4c49-87ed-046888b8afa9,Nati Man,https://play-lh.googleusercontent.com/a-/ALV-UjU87NmM3afostHvy3sFDg8gPpucnnDcZaUlxfvPW-kqLzoUapMR,"Decent, but there problems sometimes it says error When i transfer money but infact it transferred because of this bug i transferred 2 times instead of 1 and also we can't transfer money to others telebirr acc we only can to our self BOE Dev fix this !!!",3,3,,2025-03-11 09:22:01,,,,BOA
35ea7b31-46fb-47a7-b9c4-8a5e06161abd,DAMTE BIRU,https://play-lh.googleusercontent.com/a/ACg8ocKxLXqX9zh6ZR06K7_JNE8Rlt-RNCh2keZJkBXvSqwVMk69SQ=mo,BoA Greqt Ethiopian bank.,5,0,24.11.22,2025-03-11 08:31:05,,,24.11.22,BOA
c9f8ff21-b8d1-400f-bb94-c98399a25ad5,Bamlak Sintayehu,https://play-lh.googleusercontent.com/a-/ALV-UjXB-UU_XEeGfWyHcMVo0jwChi13gQnx_cZFC_nJCgsn80kG8d8,"The bug is still there,the app crashes every time i try to log in, especially in old phones like my Galaxy A32",1,7,,2025-03-10 20:11:15,,,,BOA
df027023-1b65-40e9-b2bf-de6fedc17c5d,Biruh Alemayehu,https://play-lh.googleusercontent.com/a-/ALV-UjXNdeQHylEjfVen2210bIAp7s82tnb3tIa9U5HJo-eyi86Mnqlb,Almost better compared to cbe where it is not qualified for,4,0,24.11.22,2025-03-09 11:50:02,,,24.11.22,BOA
73ce76e4-b7a2-4ed8-b6fd-f9b388bdb4a6,Teddy Abayneh,https://play-lh.googleusercontent.com/a/ACg8ocI5qBqlzQdwbrO7evldVwAEBPArhIptGQfqyv2yv7D0NamS8r8=mo,what awesome apps. it is very simple to use and more much important apps.,5,4,,2025-03-09 11:34:30,,,,BOA
1cfcfa11-67f5-4315-9f2d-f47ab27f0910,abrar yasin,https://play-lh.googleusercontent.com/a/ACg8ocJmoxUxnQnUu1NsBnzsMh1LLP82J5L_liHoGXdhHgrQZWSCBQ=mo,Wonderfull app,5,0,,2025-03-08 10:23:26,,,,BOA
c292d2f8-1e0d-46ae-97f2-f3215a0bdf50,Djejaydh Sj4ydudg,https://play-lh.googleusercontent.com/a/ACg8ocLDFf0usIQRhKCSPmprfRA1RrysZMFslhcIIXZYY1Nj5BngXA=mo,i can't use this app why?,5,0,24.11.22,2025-03-07 14:28:00,,,24.11.22,BOA
ab512ec6-2eaa-496c-b0a9-ee21a2d810be,GENENE NUSI,https://play-lh.googleusercontent.com/a-/ALV-UjU4Q3v16iBmjuG23kwnQ2mvHm-oSXuG5VqmujALWhPKF_jhhxVhig,AGA B Girja Miss language of admin Afaan oromo & other Itoophiyaa languages,1,0,,2025-03-04 20:03:40,,,,BOA
49b877c9-5536-4be5-8674-e3ae975fa0ed,Cyber boy,https://play-lh.googleusercontent.com/a/ACg8ocICFlKeHKgnvkHobS5K0iNiXYmssT2ABsjVhtrH69xcfpTi9g=mo,"I downloaded the app for the first time while reading other customers reviews and as soon as i installed and opened the app it closes back automatically, what unserious bank, now i uninstalled the app immediately",1,2,,2025-03-03 09:24:29,,,,BOA
529fe570-b1aa-48b7-b349-444b98c1fce7,Merkeb,https://play-lh.googleusercontent.com/a/ACg8ocKcytEOjJsrdcVRlevcycaEiUKgHpYh4-bDOcmBPqGnVUaRROA=mo,It has good features but sometimes it doesn't work...0,1,2,24.11.22,2025-03-02 17:02:17,,,24.11.22,BOA
12f08f68-da19-4974-8086-304a40091d72,Mahlet Fassil,https://play-lh.googleusercontent.com/a/ACg8ocI23URqXuBrZrgoQb2CtETeidXWmsVUP1qw0hrzisNzjh7yV5jX=mo,Very poor proformance,1,0,24.11.22,2025-03-01 23:02:44,,,24.11.22,BOA
b7206c5f-267e-44f1-b044-8f6f9392701d,Wedi 20,https://play-lh.googleusercontent.com/a-/ALV-UjXDxbPokOspU9ZXpiPWTBjoENmSXhJzBiuziLIuwpMu6lcbBgqh,It's not opening. Really frustrating,1,4,24.11.22,2025-03-01 17:18:34,,,24.11.22,BOA
d5e46c35-6bbf-4ce7-b184-cdc4c1e0eab1,Diriba Desu,https://play-lh.googleusercontent.com/a/ACg8ocLzVquDctCl9qLs03VhIUZaDxDKGX7Fp7386_tYK5kcKDeEPQ=mo,Verry Amazing App from all IB,5,0,,2025-03-01 11:35:08,,,,BOA
99172a2f-926c-48be-a1b0-3971b984b6b2,Zenebe Abebe,https://play-lh.googleusercontent.com/a-/ALV-UjXbc_yPmYGPor7cZPdkgHwjBMamb8VWNye-nuI4I7EZ-pUe6D6C,Not working on this days,1,0,24.11.22,2025-02-26 13:29:28,,,24.11.22,BOA
781ff61a-6f89-4bb1-a455-9b66400b0cd7,fitsum tesfaye,https://play-lh.googleusercontent.com/a-/ALV-UjW4SdXTIqFftZVn0b73mUtJ1ifHezluMhPN0LZ6u3NhpaYs3nD3,Thank you BoA,5,1,24.11.22,2025-02-23 11:06:47,,,24.11.22,BOA
cf026bee-94e7-4b9c-8a46-034354f9d171,Eshetu Amsal,https://play-lh.googleusercontent.com/a/ACg8ocJgBXUHl168hc0VgZuc-0dKkWOAheUO7UmfoWCfeCkXlwZZAg=mo,best banking app in the wworld,5,1,,2025-02-22 19:58:17,,,,BOA
9035f28b-9646-4fe9-80e1-6b6926b0289e,Yebelay Getnet,https://play-lh.googleusercontent.com/a-/ALV-UjW5pVVdDFWClMf9cm_IPXFlkOfZYfnRT-XiHocDNStHofXtXN8,Nice app and it's easy to use,5,3,24.11.22,2025-02-21 12:41:42,,,24.11.22,BOA
25b7eec9-d1ef-41be-8bb3-3fd1b1cb8068,miki,https://play-lh.googleusercontent.com/a/ACg8ocILvBTtCBgtXCBfDg6l4_1_4BmDhiBmyJUK4YisbPleDz5T7g=mo,"please add language in the apps setting(amharic afan oromo, tigniya,and others) sometimes bank to bank transfer is not available through time and even if if it is available not reachable…it is serious issue!",1,4,24.11.22,2025-02-15 18:15:50,,,24.11.22,BOA
5e94fa10-612f-4422-8183-00d5050e8d98,Teshome Tesheberetu,https://play-lh.googleusercontent.com/a/ACg8ocIfhs794nd8VWpxrbMsv8srRJcmthWj0lTS1RSkGHd7YQgy5g=mo,This is help full i like ittttt,5,1,,2025-02-14 21:09:06,,,,BOA
8d82d36e-ff01-40ab-83e7-cdb44af38a8e,Fisseha Legese,https://play-lh.googleusercontent.com/a/ACg8ocKUimuiQJWJlQ77iHgs0-jzNucDPBIyYW9UhleSU6yXfjSYVA=mo,The is not functional at all?,2,0,,2025-02-12 11:31:48,,,,BOA
fbca52ab-3c9e-4199-83bc-ef1cb7cbb1eb,Frehiwot Bekele,https://play-lh.googleusercontent.com/a/ACg8ocIOL-Hr2TjQHwlrcXnXwNUp_pFsIpuXFlPkaPvP9lJ9aL6Q8A=mo,this app is amaizing,5,0,1.9.09,2026-05-11 22:11:19,,,1.9.09,Dashen
3ac00147-9251-4c11-a6fa-35579bcd67d5,Gizework Marye,https://play-lh.googleusercontent.com/a-/ALV-UjUUHE9uxhMUaby1X4wt9CjR-i8vDjrRFVNIfztwHHek3086Hm4jxA,fast and very easy to use,5,1,1.9.14,2026-05-11 15:47:09,,,1.9.14,Dashen
15e7f782-ce40-4927-a035-f0f73b2b5631,Natan Messy,https://play-lh.googleusercontent.com/a/ACg8ocLJ09EJu8BG7rKgZ_E6ciQZtSAgl9Wqu0zphEKO-G5iLdB3GAc=mo,good but it takes forever to load,4,5,1.9.13,2026-05-11 14:48:42,,,1.9.13,Dashen
2f3c3a25-5022-4e2b-8090-0be0fda09f74,Abel Yenework,https://play-lh.googleusercontent.com/a/ACg8ocJJIr423gspOcRORTLFTpBGU_UK9ZYJUk82FeYa20vPBw8_2w=mo,easy tp use.,5,0,,2026-05-11 12:37:14,,,,Dashen
c95d64b1-557b-4695-b66b-f2315d55c48c,Yebeltal Beyene,https://play-lh.googleusercontent.com/a/ACg8ocJ0W8_TMk_tY3Nf45De4yeYW8tko_pFqV0CWM8724hvIBoo-w=mo,best app i ever seen,5,0,1.9.09,2026-05-11 10:21:04,,,1.9.09,Dashen
1bea6573-ccee-42a9-8625-1d78536db154,Eth mikias,https://play-lh.googleusercontent.com/a-/ALV-UjWwGW_m_KlNsAXPI-HAzhIvW65ZEZLghxch8ssIHHxHSh6mmSk,it is best but sometime when I need to sign in it request update,3,0,1.9.09,2026-05-10 17:55:20,,,1.9.09,Dashen
681ad5dc-07e1-460c-bc79-84bdcbc080bf,sitota tomas,https://play-lh.googleusercontent.com/a-/ALV-UjU1JesXUZF1sj9FqkJVEEktHUu8AxgO8UQ_8F-KlJk5c_OkOUGy,nice financial app 👌,5,0,1.9.09,2026-05-10 14:24:43,,,1.9.09,Dashen
29676917-abff-45ee-b8b7-ad4df0673a15,Dagne Zegeye,https://play-lh.googleusercontent.com/a-/ALV-UjXdVuAucEd8XR-oOtJbZEPPZpC7QOn5SD1gJtCv8Gtmy0xEqno,Dashen super app is the latest mobile banking.,5,0,1.9.13,2026-05-09 13:17:28,,,1.9.13,Dashen
ff65a1e6-08ab-4b69-9519-898af730d7d3,Sami Son,https://play-lh.googleusercontent.com/a/ACg8ocJ_JnAlZa2IZFD8-t9IeC2S7rJmscl1sez-x3OfyIZfFJTeVA=mo,best but not staple suit and not fast,5,0,1.9.09,2026-05-09 12:24:55,,,1.9.09,Dashen
267bc779-3955-45e6-9924-3ca9258c740d,Hasan Aliyyii Abdurehim,https://play-lh.googleusercontent.com/a-/ALV-UjV1Yzo6hx6olECE6trgL1IN0ILGIKLLQSHaCzLedMLETvltEjg,appn keessan kun daddafee update gaafata yeroo gootee garuu password block godhaa maallifi,5,0,,2026-05-09 01:09:54,,,,Dashen
1ed4529d-195a-4aea-94ab-322951a0f5ba,Maru Kerebet,https://play-lh.googleusercontent.com/a-/ALV-UjVgXTuVUrqIP1eUWSSYEQu-D7tBzzYBeFmOHaHbuh5AcxTTggFc,"Dashen Supper up Dashen Bank ,Always one step ahead!",5,0,1.9.09,2026-05-08 22:46:47,,,1.9.09,Dashen
56411fd2-d30b-4196-963b-c01446fd0cb1,shukra folgeba,https://play-lh.googleusercontent.com/a-/ALV-UjWMmkEHUZgerYanrkn6Q7J44GX8phbRVTQcn3jNUEdVObH9Oq8,top mobile banking app,5,0,1.9.09,2026-05-08 21:21:01,,,1.9.09,Dashen
cfb817ad-236a-4390-acbf-4fd1f3b2630b,Tegegn Mamo,https://play-lh.googleusercontent.com/a/ACg8ocK3n6AAe_xbHqkgVrB1to9CeNy-glWdRnj_C40S9_0fYnBHZw=mo,Thank you Dashen Bank,5,0,,2026-05-08 20:35:48,,,,Dashen
8f7b9345-9fb9-4aa2-968e-7fab01efe7ab,Yohannes Misganaw,https://play-lh.googleusercontent.com/a-/ALV-UjX-d0RgrYBmZ3IIJ6n9rKWkF0hJ3E9l_6gXapQc7-zJlA2k4Brz,dashin bank one step a head,5,0,1.9.13,2026-05-08 19:34:34,,,1.9.13,Dashen
d0155863-fe05-42c1-8dc5-761628839468,Capt.J,https://play-lh.googleusercontent.com/a-/ALV-UjUGairRYybRkmzzEE0aeKXh5kceI6KVVIGFDQ5cON2WRpmJaaSKUA,The best mobile super app in Ethiopia specifically I like it's User interface(UI),4,0,1.9.09,2026-05-08 13:39:52,,,1.9.09,Dashen
00a951b8-2c47-4a39-bd8d-6620f65763bb,Wasil Jemal,https://play-lh.googleusercontent.com/a/ACg8ocI-q79i0uvOFlKLj4XDzI-4SkfwKK1fKkVW0uyETWpPPeUD5g=mo,yes goode app,5,0,1.9.09,2026-05-04 00:40:12,,,1.9.09,Dashen
071649cd-5bd6-4d89-8c9a-08ec934ebf8d,Eyuye Ima,https://play-lh.googleusercontent.com/a/ACg8ocJ-Piqw7gss7p0Hj0ISaoqSeO4JExlnP65pUuyNJSWpcoRYZA=mo,very interesting,5,0,1.9.09,2026-05-03 00:20:19,,,1.9.09,Dashen
33aba156-de27-4096-8d63-9bcc3e890480,Miliyard Dawit,https://play-lh.googleusercontent.com/a/ACg8ocJ13xgNKbScfvUNds0zR2r1VmJMdpLKTRzGwTUf0CwR4QQEBA=mo,Wrong advertisement! You can't open an account using the app.,1,1,1.9.09,2026-05-01 22:53:22,,,1.9.09,Dashen
b37a3ed6-026a-426b-8ac9-f957a847a44d,Hussen Hassen,https://play-lh.googleusercontent.com/a/ACg8ocJUvF-GYedbNsus4q4_Z_do8UiPFkoT7Pt_PGdeLvNNHgz5Vw=mo,I can't open a bank account It says 'something went wrong',5,0,1.9.09,2026-04-30 20:18:40,,,1.9.09,Dashen
77977fdf-eb0d-4a72-93c9-31c8f4249249,dagmawi tewodros,https://play-lh.googleusercontent.com/a-/ALV-UjWjrpQy3U70hE9vfODgGncQtUOJh4sLSyAdBoJtnzzPy_thTmnX,"👍👍 አሪፍ ነው ""ለአጠቃም ቀላል ምቹ እና አስተማማኝ ነው ተመችቶኛል 💚💛❤️",5,0,1.9.09,2026-04-30 16:19:31,,,1.9.09,Dashen
c915f258-9dea-42e9-900d-20077006ad7f,Taraw Yiheyis,https://play-lh.googleusercontent.com/a/ACg8ocKBXK7nG6Jk85atW0IjWVtiojcct9O15IVOi1qOM6AMy0f95Q=mo,no faset dashen bsnk,1,0,1.9.04,2026-04-29 22:20:54,,,1.9.04,Dashen
9ef4967b-61cd-460f-8f33-d5359a4c2939,biniyam bewketu,https://play-lh.googleusercontent.com/a-/ALV-UjXMpXrdSPKWLqmZeBX8sfZqEU56O_tbdO1t9p1x71Sw97h9I5Q,it forgets the password in weeks and the biometric password too it says wrong password fix it,1,1,1.9.09,2026-04-28 18:44:30,,,1.9.09,Dashen
e4c18ede-7a95-48c9-b0f8-0db83fe26191,addis shega,https://play-lh.googleusercontent.com/a/ACg8ocIuZpC8N-iBCPc_qZnZnqZdDX7D-Q7Z4XQVI3uhe4wuQItw1Q=mo,"Misguiding - Claimed people can convert ETB to USD for online payments, but not true.",1,0,,2026-04-27 20:01:19,,,,Dashen
f04071db-8efb-4ab7-a630-23afd311e97f,Marsi D,https://play-lh.googleusercontent.com/a-/ALV-UjWUqg2qdGIyXUCQF-3T777-EzaXcc04zcDyjpVx3lZIbKkK00X1,"I can't even get into the app just because my Developer mode setting is turned on? why am I getting this message? I'm never turning it off. bye, what a great app😏, it only lasted 3 minutes on my phone (I uninstalled it).",1,7,1.9.09,2026-04-26 16:37:04,,,1.9.09,Dashen
80cf526f-b342-4351-a373-45cb38ac132b,Eliyas Abate,https://play-lh.googleusercontent.com/a-/ALV-UjUTj0qEeNjSQt6NWx1PI70wEIhEGYgTkEGUrTohP97JJStARsg,wowAmazing Apps,5,0,1.8.95,2026-04-26 15:02:17,,,1.8.95,Dashen
69aa1e41-650a-4ebd-8ead-0b4be1e2230c,Saba,https://play-lh.googleusercontent.com/a-/ALV-UjXNZh1IwkYcuOOkJ2UOiLuO64Bc1QMh5lmtdaCV1SsH1lQbq7U,couldn't open an account onlie. gives me an error repeatedly.,2,0,,2026-04-26 11:47:50,,,,Dashen
273db250-bbe7-421f-a068-4dddfb0ef124,Getiye Abebaw,https://play-lh.googleusercontent.com/a/ACg8ocJWnjJpyPGqUOnTLQAY3vrUUDmvcjoNIz0DpNfMPTDSkcHxCA=mo,I think this app is best compared with other Ethiopian mobile banking apps,5,0,1.9.04,2026-04-25 18:27:41,,,1.9.04,Dashen
d5c6b41c-b083-48c9-ad85-38cb42cfeae5,Belete Kataro,https://play-lh.googleusercontent.com/a-/ALV-UjV-X2BRhkGCjyimeGlFTOmfCb7aZuJ-UdeN7OXCW1gLJMzMvyk,wow amazing!!!,5,0,1.9.04,2026-04-24 22:31:55,,,1.9.04,Dashen
89b31891-07d8-4838-81a1-bdf36b6c67e2,Bezabih Baramo,https://play-lh.googleusercontent.com/a-/ALV-UjVoWAqxgbq5SHtvC-yeP0mC6jeOj_JSNvnAgM9859zwE11ZLrIk,dashen bank super app is incredible !!,3,0,1.9.09,2026-04-24 21:52:42,,,1.9.09,Dashen
6e125ab1-7727-4bc5-a665-dfecacd09878,woldu gebreselassie,https://play-lh.googleusercontent.com/a-/ALV-UjVjol89Tc3sN_jS_ULPhJZ-JxAMWTK84DdKlL1mW-toleXbvcpF,So great easy wonderfully 😍😍😍,5,1,1.9.09,2026-04-24 19:16:37,,,1.9.09,Dashen
9869b2fa-143a-4907-a2b9-1cd863dab7bb,Esayas Gebre,https://play-lh.googleusercontent.com/a/ACg8ocJWDUWeX_5_IBQDvABxdUW0HPzxirEYK0SPh1W-fupP413Epw=mo,Dashen app is #1,5,0,1.8.96,2026-04-23 23:24:56,,,1.8.96,Dashen
817d10d7-5f06-42ae-ba70-38fd01e08eda,FIKRU Ali,https://play-lh.googleusercontent.com/a-/ALV-UjUkHeFklWGxGJaxJbR5rPWzqgw9Fh3sKpLQ-pzWv-16NvCcCcY,super app give alot coin when I shake it zero result😃,1,0,,2026-04-23 13:03:26,,,,Dashen
f4d905ad-988c-4591-bd05-fc47734410fa,Muaz Abdulalim,https://play-lh.googleusercontent.com/a/ACg8ocITsHrc1739ZLjiFAOUQEY_lHsgkPNT_laBlTfe2Qm9amubmQ=mo,I realy appreciate it especially virtual card opportunity go a head!👍👍,5,0,,2026-04-23 11:27:52,,,,Dashen
4708fdc6-fa37-4620-bfd8-f0408cc9cecf,Zhr Ra,https://play-lh.googleusercontent.com/a/ACg8ocKyvw0RpkKGNaNxgC8-QYgvMGVh0YM4q8yLMwBMM96su6Gxzg=mo,app size is small and the app is convenient,5,0,,2026-04-22 20:25:50,,,,Dashen
d7b5f423-6f75-4c30-9008-e3744b4600b0,Taye Berhanu,https://play-lh.googleusercontent.com/a-/ALV-UjWYrwyOnrNoI8Cr0gwkCggz9AVezabrvwzxGS4MgQAEkg0MKCX4,when compared this app to CBE&Awash pro CBE&Awash pro is better and simple for using.,1,2,1.9.04,2026-04-22 19:08:58,,,1.9.04,Dashen
fc9277ad-4b3f-4945-bc8b-557e8b781e21,Genet Yalemgeta,https://play-lh.googleusercontent.com/a/ACg8ocKzfy8BDFzNN9sgj9GTo42k2MlWn-RjhGCRVxlpvNB82bSNbg=mo,I used this app always,5,0,1.9.03,2026-04-22 17:20:29,,,1.9.03,Dashen
3e88bf92-6bd7-4646-a32f-0d89dfb2cab3,Ejersa Lagasa,https://play-lh.googleusercontent.com/a-/ALV-UjWsQMUAIdvYgVy92LMBb06TCG43MbIdo-Ti-4ovePpsdWtwpKcm,good bank Dashen,5,0,1.9.04,2026-04-22 16:04:55,,,1.9.04,Dashen
052a6722-d1b0-47a5-befb-2266cffb83dc,Aymen Mohammed,https://play-lh.googleusercontent.com/a/ACg8ocIxix6CjdBn6wmOxi6ojbfjmvfb9q-TTTfy2LZLBTYMAhC8sw=mo,Very reliable.,5,0,1.9.04,2026-04-22 15:42:17,,,1.9.04,Dashen
479d224c-0508-492a-9f24-265fded06214,Getachew Shiferaw,https://play-lh.googleusercontent.com/a/ACg8ocIrqbYb1HmYL2rjt9QXEPn2OzRCpvyBg72BG-IM9YOOTICgHoU=mo,it is excellent and well securried application for using it.,5,1,1.8.97,2026-04-19 17:59:13,,,1.8.97,Dashen
639463b3-5cde-4d81-b37e-6ac1fb26ca08,GHOST3_ F4CE,https://play-lh.googleusercontent.com/a-/ALV-UjXCGDpg9kV708WhztwBcbqNkGcSZL9Ae3uRjyUtY-g6-VIHwVg,"i am not interested at all the transaction fee , specially i can't make transaction with wallets..........i thought it was cool ....not interested fix everything and also it have long time loading ufffff",2,1,,2026-04-18 07:15:59,,,,Dashen
7e4e6617-2677-411d-9429-c86519de11a2,Atse Tech,https://play-lh.googleusercontent.com/a-/ALV-UjXttwme41Es-pKlATnRammdnp7NyISxy4H7jTE9tw3Qf1gInZ27,The app is not swift and does not use a fast lightweight connection.,2,5,1.9.04,2026-04-17 03:31:35,,,1.9.04,Dashen
97536f33-ec3c-4169-8131-2c4fad78fb23,work done,https://play-lh.googleusercontent.com/a/ACg8ocJPe-mxkSg6Tx1Ep36xVjZffx-wNrD5bfDCYvwNOwBisN7bmg=mo,"I am experiencing a serious issue with the Dashen Super App. I visited a branch and my account was successfully activated. However, shortly after (within about 7 hours), the app started asking me again to visit the branch. In addition, my account balance is not showing even after updating the app, and I can no longer see my account number. This situation is very frustrating, especially after completing the required verification at the branch. The system does not seem stable and it is affecting",1,11,1.9.04,2026-04-16 23:45:12,,,1.9.04,Dashen
08dfb2b3-9337-492c-84b9-d14765fdd02d,Asenbet,https://play-lh.googleusercontent.com/a/ACg8ocJ0T8BTrmCA7WXUKD25dp9SlIyrsdJBWgOzYt_ZRv9W-nPuUg=mo,nice but i ask every week to update.,5,4,1.0.16,2026-04-16 16:02:45,,,1.0.16,Dashen
fb33e7a7-964b-4067-842d-23f8347fc37e,worku alelgn,https://play-lh.googleusercontent.com/a/ACg8ocJ2NvwlpjTiqujewdQKncBOAsSGanlwc6dYF3iyGHGYw2WgzA=mo,i have used this app starting from the first date that launched it is interested and easiest app next to tellbirr in my experience,5,0,,2026-04-11 14:23:08,,,,Dashen
561647c7-7479-4686-ac65-a4370312a4ac,Tenaw,https://play-lh.googleusercontent.com/a/ACg8ocITtPbKqTVRI2wUoENVeDYHFSVniNeZoJyhRGltwJMDkoJ5TA=mo,it is very Exciting app🙏,5,0,1.9.04,2026-04-09 11:24:53,,,1.9.04,Dashen
31cbfd68-6a61-4040-9b6d-361b4c33d21a,TILAHUN ASHENAFI,https://play-lh.googleusercontent.com/a-/ALV-UjU_JbwGd9Jr5zUqcd53NFDTvCW7EcpL65EtvghChHv5xpK588B_,Transfer to other bank link is still not working .,5,4,1.9.04,2026-04-09 05:58:35,,,1.9.04,Dashen
947c5dc8-64aa-4a46-b891-0337a3e4b897,Negatu Lerebo,https://play-lh.googleusercontent.com/a/ACg8ocK6-kgbl5qLImQ1Bv792aPA3V4fPN7w3NA6YCu-TNnj7igBhw=mo,super fast,5,0,,2026-04-08 16:23:09,,,,Dashen
4365988e-468a-4a6e-af73-ccd23c3b4a37,Amare Nigat,https://play-lh.googleusercontent.com/a/ACg8ocIAnB6OiNKz8KPpxJeGH8H1q-odmw0B40WsZFbc-aLNz7R7vg=mo,it is not working,1,0,1.9.04,2026-04-07 11:57:24,,,1.9.04,Dashen
358ba04f-2094-4fc1-a881-43d33bd7ede7,Habtamu,https://play-lh.googleusercontent.com/a-/ALV-UjWiCXIPyx2EWR9uT3KPv6xxqLldfSA5gznpFq5q0PH9vcD03_k,where is the virtual master card you are talking about. are we allowed to have multiple cards since its virtual btw your app is nice,5,3,1.9.04,2026-04-06 22:00:35,,,1.9.04,Dashen
2854439c-f623-4de2-81cc-ea729f4451c3,TEMESGEN LUKAS,https://play-lh.googleusercontent.com/a-/ALV-UjXBfCGP6keDhwMk--O3MhihicfGPzmQFcud0qmZOqyCeagDrSDofQ,Why haven’t you fixed this issue 👇 Temporarily Unavailable We're currently updating this service to improve your experience. It will be restored soon. Thank you for your patience,4,3,1.9.04,2026-04-06 18:38:04,,,1.9.04,Dashen
e90d181a-be75-4e03-a35c-a87aeb6236d9,ABDU HUSSIEN,https://play-lh.googleusercontent.com/a-/ALV-UjV2zbY9_hO1eZ4QtciSLwyTHATwZBWTAHd-7uuAQqwEfnPxZxM,The Best Bank,5,0,1.8.9,2026-04-05 16:15:37,,,1.8.9,Dashen
b30bdda9-63c0-431d-a0e7-cc485d0e3a66,Alemtsehay Kumsa,https://play-lh.googleusercontent.com/a-/ALV-UjUTwzwBuQNdl65lhjBoA4zc9dHlKPThJICjewxOZGwsgbfJEIs6,this dashin super app that I don't recommend anyone use it,1,0,1.9.03,2026-04-04 20:31:34,,,1.9.03,Dashen
94070648-cf44-45d2-b311-27f8675bfc1b,malefiya zegeye,https://play-lh.googleusercontent.com/a-/ALV-UjUyxfyioncwKU-O5XCMw71133QBqvZ2853LNJxwJTt1oVujgeEG,በዋይፋይ አይሰራም።,1,0,1.9.04,2026-04-04 14:54:57,,,1.9.04,Dashen
2fabd807-9d14-4c1f-b567-2201617754cb,Hana Taye,https://play-lh.googleusercontent.com/a/ACg8ocL8izwjcR1PbLzgxrQsEF4efk0llaz0BTkOly_rEvA0fSlkwA=mo,there is no a system every day,1,0,1.9.04,2026-04-04 12:38:33,,,1.9.04,Dashen
4638e4cb-411c-4647-a1ea-f3642a6fe7e3,ASHENAFI GIZAW,https://play-lh.googleusercontent.com/a/ACg8ocIVcJxV6cAXvfDMa6STT6_ZFrciCHcGXGbQBQEHCqZhPl7OA1g=mo,You talk much more !! Nothing is UNIQUE THAN OTHER APPS!!!,1,0,1.9.04,2026-04-04 04:30:35,,,1.9.04,Dashen
634e5adb-d780-4107-a375-cda6beb32e8b,WEStobel,https://play-lh.googleusercontent.com/a-/ALV-UjUKFupeT3Rxl9j9c-EB1MTCZnEqHHlW2gNdfLSYbGE8RAhPf3c,"The app is grand. but it's missing two things. one is the option to see exchange rates and the other is, when opening the app we would love it if there is the option to input your biometrics directly instead of clicking another button to pop it up.",5,16,1.9.02,2026-03-31 23:41:30,,,1.9.02,Dashen
8f40ee84-3d47-4a3a-a7e9-f2c63bfb50e0,Amanuel Teferi,https://play-lh.googleusercontent.com/a/ACg8ocL7DFg8jFAVy4VWfJF_ssVioGL0oU6_5DZLje47y4akWSWYeg=mo,i got question why we can't withdraw my remaining 50 birr..... anyother bank let me with draw any amount but dashnbank is kinda of annoying it says it has 50 has to remain are u somekind of theif or tell me how to fix this😡😡,1,1,1.8.99,2026-03-28 12:47:38,,,1.8.99,Dashen
a2b3affe-c1e1-4108-a35d-ab409d38bc65,Abera Mitku,https://play-lh.googleusercontent.com/a/ACg8ocLc04PqcPU1PIMRuuEV5xmbsOMcCDYnXF_W41fF4nggmHmMrw=mo,amaizing app,5,0,1.8.98,2026-03-17 13:12:15,,,1.8.98,Dashen
a7bfeb33-54ff-47a1-a83c-46d84f7fb6c3,Temesgen kanate,https://play-lh.googleusercontent.com/a-/ALV-UjW_MSygjFF4XbApw-yUaGkbvehuzQ4eQvnTi6cuTXJM6cHyWUSZ,best option,5,0,1.8.98,2026-03-16 04:24:06,,,1.8.98,Dashen
9862ce32-6ac2-43b7-8881-4e4ef3468e2c,Magarsaa Ibraahim Muhammad,https://play-lh.googleusercontent.com/a-/ALV-UjWdFWC9ivTGrd_OAtFOTr07tfkeMgVOnNOsPyKLJHGHRKH4ovk,Good luck 👍 for my ambition ✔️💯%,4,0,,2026-03-08 06:30:05,,,,Dashen
4ed1b355-d092-4b9d-a4cf-205ece7b5e92,Ephrem Misganaw,https://play-lh.googleusercontent.com/a-/ALV-UjWgHSPMpmpn16Jk4qSYlBKW0Uu4s3fL7R6DCeEsUysJbL3oGxk,ዳሸን ሱፐር አፕ ይለያል,5,0,,2026-03-07 07:23:24,,,,Dashen
65eb07cc-2eeb-41e1-917d-7ecaec59f059,Cartoon Ethiopia,https://play-lh.googleusercontent.com/a/ACg8ocIatXvxNYp2WSoH1GavMzfserOW4E9Pq1arF6BMzi1-Ss-I8A=mo,ሁሌ አይሰራም መሽከርከር ብቻ ባላንስ አያሳይ ትራንስፈር አይሰራ አፑ ራሱ አይከፍት ብር ይቆርጣል እንጂ አይልክ ። ወሬ ብቻ 4 ወር አየውት ወሬ ቲሽ,1,0,,2026-03-05 16:42:52,,,,Dashen
bf9bcc23-07a1-444b-8af6-eb14c2f54a42,muluken Eyayu,https://play-lh.googleusercontent.com/a/ACg8ocK5JZ-2EynkXFyogPHMANhagXm0v2iDl9HQ239IuNK80ddepw=mo,dashen bank super up,5,0,1.8.96,2026-03-05 14:58:54,,,1.8.96,Dashen
ed4f3ac6-c53f-4830-b573-966243744659,Misgana,https://play-lh.googleusercontent.com/a/ACg8ocKTpWqOGeGfFKz7n8uwt1vamcs6yhRnQ3IXYSR2UneAIKN9kg=mo,good but not fast,1,0,1.8.96,2026-03-03 17:16:33,,,1.8.96,Dashen
7200ec14-1630-4f75-a373-6d48a9525d93,Ernest fethu Noor,https://play-lh.googleusercontent.com/a/ACg8ocIiclsoXVVPCenRljWztAxqz8Sd6U5iyiMDBotIvKyJklrnyg=mo,it works all we need but if there is good internet connection.,3,1,,2026-03-01 10:53:05,,,,Dashen
55d74ee5-63ee-4870-ae4b-da694b8824aa,Biranu Debebe,https://play-lh.googleusercontent.com/a/ACg8ocIRBHeUX_u7uO2wgU9KbxOb84aRMZPMAQhnR0ebH8lWvTpZCQ=mo,birhanu debebe getahuu,5,0,1.8.96,2026-02-27 22:30:13,,,1.8.96,Dashen
b23e8a53-3b8f-4b54-952d-e86ecd3ff27d,Alemayehu Gurre,https://play-lh.googleusercontent.com/a/ACg8ocKBHZ1aC_ehbuEH4KUEOs49zyC2ESmBn7B3b7LszDnSDu8OjQ=mo,I use this app it's best,5,0,,2026-02-25 20:25:54,,,,Dashen
882a390d-cee8-4fdc-b92d-eb5b9c6a35ef,Bisrat Tamire,https://play-lh.googleusercontent.com/a-/ALV-UjUdDwqWW2_n79bcG1WmfjJ0Vv2Ochqkb4Bzsa75jZNKxw5hUx8_,"What's the problem with VPN?, i use a local VPN and turning that off for this app sucks",1,1,1.8.96,2026-02-25 20:18:56,,,1.8.96,Dashen
e2ebf3a6-807d-48ae-8a14-703dd758a156,Negusse Mamo,https://play-lh.googleusercontent.com/a/ACg8ocKZoFQCIvQHsW_eHOxkC9OlU8dq31sK0ll1cOij2yW8gfLSoQ=mo,Thank you. Very nice App.,5,0,1.8.96,2026-02-25 18:47:19,,,1.8.96,Dashen
0d3706b4-c1ca-47f5-95f1-603aaa2aab14,Estif deneke Loha,https://play-lh.googleusercontent.com/a-/ALV-UjVCVquO4BvJJ1ZQl0x9Okfdq3QzFPNBw8UuaPqQibTYzK4YKAi7,very important,5,0,1.8.96,2026-02-23 23:41:43,,,1.8.96,Dashen
1d857c36-95d1-4cf6-bfa7-d7730e6c267f,Kaleab Alemu Zeleke,https://play-lh.googleusercontent.com/a-/ALV-UjXojTImognwir4_j8teAamvavhtJIStWOO0pQ0JMcfutAmrY3aA,"Dashen Bank SuperApp is user‑friendly, fast, and very convenient for daily banking. Transactions are smooth, and the app keeps improving with useful features. A great digital banking experience overall highly recommended.",5,1,1.8.96,2026-02-23 20:04:51,,,1.8.96,Dashen
a48a15b4-9f0f-4cc2-b823-56bc1c2314b3,Fitsum Zewdie,https://play-lh.googleusercontent.com/a-/ALV-UjXUejLBPQAnGg_0PLgV8Wq9bNsgL02EhgKGj884gxPBzH7qBAJm,Biometrc authentication is not working in this updated version.,3,0,1.8.96,2026-02-23 14:34:56,,,1.8.96,Dashen
fa56d43c-712e-458b-a198-5847ee17b7f6,Milkesa Fekadu,https://play-lh.googleusercontent.com/a-/ALV-UjV8EoODAc2P7IOLXP8o1LzXUEOXUVmaacPtXry6eUaTytUy3WSb,One of the best in Ethiopia,5,0,1.8.95,2026-02-20 16:27:45,,,1.8.95,Dashen
fc470dbd-d7b4-4496-b741-1c58a6353057,Yohannes Haile,https://play-lh.googleusercontent.com/a/ACg8ocK-dKl3qRFiNZyr19N4E__euWxhj3kpqtvbniUQKHnygs0XRST1=mo,Mostly slow or doesn't open altogether. A clumsy app,2,1,1.8.95,2026-02-16 12:34:40,,,1.8.95,Dashen
fd47e642-c12d-429f-8dd6-990f2794be59,Misganaw Tadesse,https://play-lh.googleusercontent.com/a-/ALV-UjVP4TDr-clbd1bombVEzWNf3VH-SAGlvWtIJVM037yNx-9wBZZX,"This is painfully very slow to load, switch between accounts and check balances.",1,1,1.8.95,2026-02-13 17:40:19,,,1.8.95,Dashen
12090924-fdd9-4662-88a4-b085eac604eb,irum alx,https://play-lh.googleusercontent.com/a-/ALV-UjV98Wtri-l9uar0cDlSIe3SNCsZT6apa_5cHatRj5IyqRTVRCr_,"the app used to work fine, but the last update ruined something even RTGS transfer isn't working",2,0,1.8.95,2026-02-10 13:59:06,,,1.8.95,Dashen
cd1fb73e-591a-41b6-b763-4a45eaec28d1,Mikiyas Tizazu,https://play-lh.googleusercontent.com/a/ACg8ocJ-mZjdg6bahIXfysAyjj1AZiK91ev5th34HjJzXzyUoz04nw=mo,The app is good but sometimes it is lagging,4,0,1.8.95,2026-02-09 14:07:52,,,1.8.95,Dashen
66fff829-d44c-41f9-a015-ae4756e3513f,Endegena Wondem,https://play-lh.googleusercontent.com/a-/ALV-UjVW3-WeDpNbDU9ou3Tt8WQXlGuUQL4az0hDlfHy_1YkrokRzsUOxQ,please fix the glitch it has bug,3,0,,2026-02-09 13:35:09,,,,Dashen
c0783bf0-e317-45e9-9c89-98c8d7da3b7b,Israel Bewota,https://play-lh.googleusercontent.com/a-/ALV-UjXDCtcrP0fjXvVCWJ4GQUbzLl1oRWlGsSv-uGSIoBFMHwF897my,Problem Everyday! Not even close to other banking apps. Crashing every time and failed to load most of the time!,1,6,1.8.95,2026-02-09 10:03:04,,,1.8.95,Dashen
db51bf02-730a-4a18-a0fe-f4523a5b7d59,Eyuel Teklu,https://play-lh.googleusercontent.com/a-/ALV-UjXKrMFDAdReCch6TlVoIUTEJmViNAtUStR9aqQveBl6LbRkkIUc,The most realistic and modernized financial service in ethiopia i recommend every individual to use this application probably. Always one step ahed 💯,5,0,1.8.6,2026-02-03 20:38:00,,,1.8.6,Dashen
c30dbd2e-2b50-4802-937a-f3d5ce66c22e,Nyuon Thot Rang,https://play-lh.googleusercontent.com/a-/ALV-UjW4mlNiULZHrXyCsm3fCufiFfhOCEzh7czu8xC-KEmnrHwZsNA7KQ,It's very interesting,5,0,,2026-02-02 14:30:36,,,,Dashen
c6aa427e-22fe-4fba-9d6f-4a1cf4e8fa89,Ferhana Jelaludin,https://play-lh.googleusercontent.com/a/ACg8ocL8DqRRztKsq8UzTW81FRq7PdIW0FOICQwj_6neNiVNR-GwgRs=mo,"the amount of times I have gone to the bank to get this thing working is a lot. on top of that, it stops working on a random day which means another bank visit. found it to be unreliable",1,7,1.8.94,2026-01-31 09:07:21,,,1.8.94,Dashen
56c64a23-2cfa-472f-a57a-5bc56cfc0c23,Firew MG,https://play-lh.googleusercontent.com/a/ACg8ocJ5m7fJm1fYxVyUpOhhSAdKFgGvcvIIVq4qu1UKebIO49A5qQ=mo,"Disgusting! You can't Buy any goods thinking you will transfer from this app. it is so inconsistent, it is not reliable. The so Called Super app is Super slow. Such a shame! 2/10.",1,9,1.8.94,2026-01-31 08:33:58,,,1.8.94,Dashen
f0834baf-814d-44c3-a31d-a00e5f02aef7,Samson Haileyesus,https://play-lh.googleusercontent.com/a/ACg8ocLyoDSuEnn0gALOTnOFMhJPfr93Nv-UOc5coGuka1Oq7Xy8pw=mo,"The app is great but please, please do something with the mini statement and the transactions to CBE 🙏🙏🙏",2,3,1.8.94,2026-01-31 00:48:46,,,1.8.94,Dashen
be72b26a-63e4-439e-a28b-04a8ab07058f,Bekuma Misgana,https://play-lh.googleusercontent.com/a-/ALV-UjV70LIqL9Y9SFOeI3trsT_azBpcB2RfoY1NlW0aWS90oFfUjF0,please the app is not working properly. fix this problem soon. it's not loading my balance and not able to transfer fund .,3,0,,2026-01-30 21:35:01,,,,Dashen
505bfe32-be00-483f-8d32-cecfd517eef5,Ermias T,https://play-lh.googleusercontent.com/a/ACg8ocKf2GYrInpao4UraBTKASZo9RvvIIo4s9MfMbA4pOc_a6oe=mo,other bank and telebirr didn't work. Niged Bank is much better,1,0,1.8.93,2026-01-30 21:26:45,,,1.8.93,Dashen
ac480727-3d8b-401c-b63e-ca22696cd93c,Akalu Adessa,https://play-lh.googleusercontent.com/a-/ALV-UjXj1hOLBLqMomCJqi-dVG5QfxP9IvSuO3T7zgNcCIjiHTxQBFBF,It is so boring.....,1,0,1.8.92,2026-01-30 18:10:43,,,1.8.92,Dashen
79bc1baa-fe7d-4279-a2af-fde366ef6a71,abeselom 101,https://play-lh.googleusercontent.com/a-/ALV-UjXb3gzC06C8HylNLjWnjeEH-iwGUPb7Xbf-pKJ8BLd8loxunm5j,"It is the slowest and most problematic app I have used. The app is often busy and does not open properly. Even when it opens, it fails to display my deposit account balance. I have already updated the app, but the issue is still the same. Dashen, please wake up and fix this.",1,101,1.8.94,2026-01-30 16:09:00,,,1.8.94,Dashen
a51fecd7-ae4d-417b-9b16-714fa1ae9234,Kirubel Berhanu,https://play-lh.googleusercontent.com/a/ACg8ocL_6zU1udq_mCWUu7IYzYc2ubK5DEtYHb-KoHcfkfOMTSG4hw=mo,stops working when you need it most.... and its on multiple occasions. and they won't even fix it right away.,1,2,1.8.94,2026-01-30 10:50:29,,,1.8.94,Dashen
1c7cd9b2-b724-4f09-aa90-64995a08c5c4,BGMM,https://play-lh.googleusercontent.com/a/ACg8ocK_12ByODffd9HkO1L115wnsRCBW_HYjPfX4yl6LTq9-rwbOQ=mo,"This app is so laggy and unreliable, can't even make transaction to wallet or other bank. I tried to reinstall the app now i can't even login to the app",1,1,,2026-01-30 10:47:09,,,,Dashen
e6882f24-3a49-48de-9396-b640949b2ff4,Mr.Emanuel Carlos,https://play-lh.googleusercontent.com/a-/ALV-UjWeAtXc_H6bpklt4L3OX-lCLsA4SI3lWeWRpDih0KxTn8KzMHI2sg,yes it's the best app,5,0,1.8.94,2026-01-29 20:04:51,,,1.8.94,Dashen
17917129-79c7-42c0-afff-665f70c648af,Xahaa Mammaa,https://play-lh.googleusercontent.com/a-/ALV-UjXgppK5HUbn2q_f0YPBtq9EntcPDz_Zgt2K7TwPb2U431op-wcW,please improve the app function on its not working properly,3,0,,2026-01-29 15:24:21,,,,Dashen
7e6b0461-96d9-4ac7-964b-6a814d73b738,Abel Gebregerges,https://play-lh.googleusercontent.com/a-/ALV-UjUQP6d_xm6WAn1oH1G5dnJhKpG4coQlhVjMwia9LfB_yE4Ho05D,my dashen is really proud,5,0,1.8.92,2026-01-24 17:47:23,,,1.8.92,Dashen
2909bc94-fdc0-4c24-9d9a-152e5ce72d7f,Yeamanuel Tesfaye,https://play-lh.googleusercontent.com/a/ACg8ocJh8efwaYPpl4LrOTu8XrXSy3EermmjBFeh9BIJblncvWCDVg=mo,the new update asks for a pin again & again its annoying fix it,1,1,1.8.92,2026-01-24 12:47:20,,,1.8.92,Dashen
cc45bd4c-7a94-4b35-a263-91d78315bb89,Mintesnot Fikire,https://play-lh.googleusercontent.com/a-/ALV-UjUICbEptxjyFP91v-dgxO2r8zMTxdXFCEtLTM7NF9SvS_mdqUQt,the best design speed attractive 😍 i love this app,5,0,1.8.8,2026-01-21 22:24:51,,,1.8.8,Dashen
c430b46e-114e-45d3-856b-cbf57dc6c90d,Mahder Haddis,https://play-lh.googleusercontent.com/a/ACg8ocLSYdOJt4B94tI6wgGJrXCGFR16y4JNGqY35QYWNzuJtnqG_Q=mo,"The user interface and functions are impressive. However, it lags when performing several transactions. It needs attention.",3,5,1.8.6,2026-01-21 17:34:13,,,1.8.6,Dashen
7652d004-5aa3-462e-b67f-de4070e6d297,Salah Bassar,https://play-lh.googleusercontent.com/a/ACg8ocJFBfEukmMGwtREWUdBtNPV8bx8nHJHfFhmJ6p9Lkom90cx4A=mo,it's fast and easy,4,0,,2026-01-20 16:49:44,,,,Dashen
7d6a5851-25be-4c3a-b5c3-4382371acfe5,Ebrahim Mohammed,https://play-lh.googleusercontent.com/a-/ALV-UjUTs_SrsODUJAnCPgnV8Wg9idfrp1oEK5Hg5P8sv7gl21vgxs4,best in class bank,5,0,,2026-01-20 15:40:19,,,,Dashen
bb86028d-9add-4e4d-8b33-98ee41d5a6f7,Husein Kedir,https://play-lh.googleusercontent.com/a-/ALV-UjXZwULCdRo1_k7yN4mxJ72S8tsS3GcN64ACnlYl_7XrSUy999Z8,Masha Allah this application platform very active and fast so thank you so much future greater than above transaction other customers uster satisfaction regarding to digitalization of Ethiopia 2030 and world 🌎,5,0,1.8.91,2026-01-19 21:40:20,,,1.8.91,Dashen
8e1548b0-efcb-403e-8d0f-b1ea3607ef18,Kirubel Milkias,https://play-lh.googleusercontent.com/a/ACg8ocJ40gqOydpxdmdjK-pm4hppASb6V68AyQ4PuqHN5Imi8rLmkA=mo,dashen: always one stepbahead!,5,0,1.8.8,2026-01-17 16:58:26,,,1.8.8,Dashen
43cc1f17-022c-40bf-bf9f-ceffbb3c9a6e,Mebratu Duguma,https://play-lh.googleusercontent.com/a-/ALV-UjU7NWtd9QQSefHLEb_y5PUKdDhRAbC4LFyivwjyHZSH8cunM5k,higher like the mountain,5,0,1.7.4,2026-01-16 16:17:52,,,1.7.4,Dashen
a6373139-bc8f-4ebb-a4a6-3cb7dca672dc,Ayele Tedla,https://play-lh.googleusercontent.com/a/ACg8ocJt852nlCnas7nbu0zxAgpPSTbS-cRyOUYhmo6e0xLYRQT-cQ=mo,verynice app great,5,0,,2026-01-16 13:15:01,,,,Dashen
1b460630-9e14-45cb-88d5-7055125b6bb4,Fetene Getachew,https://play-lh.googleusercontent.com/a-/ALV-UjXDgSwf3fUfIyu7RT3Z1aMbuSxI_8dW56TeGhwaSZptE1z6W9TDMA,Important App,4,0,1.8.91,2026-01-16 11:41:49,,,1.8.91,Dashen
518ef9b0-d10b-4050-bded-274264c3207c,Ahmed Ali,https://play-lh.googleusercontent.com/a-/ALV-UjXRlEMQ9ScSPs9BvbufEeiqHs-WjjbH0-gGShYVvQDn9jwH0nj48g,please adjust to send to other telebirr wallet,4,1,1.8.9,2026-01-14 16:09:51,,,1.8.9,Dashen
174d3fae-3d4c-469d-90b2-114bf6c23146,banchi atalay,https://play-lh.googleusercontent.com/a/ACg8ocI_mRjkd4CVBcbY22nkG4ixRMQsyePYzN-RPdW8ReWsKfg_6w=mo,ባንችአታላይ ቤዛዊ ትሸዊት ዳሽንባንክ,1,0,1.6.0,2026-01-10 13:25:13,,,1.6.0,Dashen
6e114d46-b6cd-4ac4-9b39-611be7092468,Dawud Mohammed,https://play-lh.googleusercontent.com/a-/ALV-UjWErYCPsv3s1eobgZaTlH-nKY_iR8qgZkYK4hPyw9Gl65HBOuQ,"Dashen supper app is fast ,secure, user-friendly and reliable app that makes managing my daily transaction .This app gives me total control over my accounts with peace of mind.",5,0,,2026-01-09 22:39:57,,,,Dashen
8f13d4ef-f0a4-4029-9b2c-8a4c790547f7,Esmsem kedem Esmael kedir,https://play-lh.googleusercontent.com/a/ACg8ocLM-kfgmE8eeb35i-dUWTwNDO8yOjFCXMZfy_4Mws8zPUSdnw=mo,this app good,5,0,1.8.6,2026-01-09 19:18:38,,,1.8.6,Dashen
77a7a958-e981-4656-aa44-545f89fb35d6,Israel Mekonen,https://play-lh.googleusercontent.com/a-/ALV-UjXUsLiy_UMvpzpxe2pU-JSYWdZt8CmYSQh81I1T4d-8BTLyrhG_,The old version was much better than the Super App. The Super App has many issues. You should consider rewarding users who report problems to help improve it and truly make it Super,3,4,1.8.7,2026-01-08 18:56:30,,,1.8.7,Dashen
25c3821a-de6f-4a94-a0b0-74a263e764a5,Betelhem Te,https://play-lh.googleusercontent.com/a-/ALV-UjWUrZgthv257tEDLRPFxU-OjRIxT0gSucEG-0S-v3Kudq2yips,"Very disappointing app. Other bank transfers don’t work at all I keep getting errors. It’s slow, unreliable, and frustrating Please fix this issue until then, I don’t recommend it",1,13,1.8.7,2025-12-31 01:45:15,,,1.8.7,Dashen
077e3d43-2ff3-4133-9407-5f6613ac6bad,Fenan Beki,https://play-lh.googleusercontent.com/a-/ALV-UjUNHxgnh_8FCpkSqB7DFtQjrjVdqYaLsb_yiZxATmzq32OOFgw,best 👌 app,5,0,1.8.7,2025-12-30 11:52:51,,,1.8.7,Dashen
d7a63f61-e25b-4298-ad7a-90749c0f4810,samuel zemedkun,https://play-lh.googleusercontent.com/a-/ALV-UjURiijiWmoFHOdCvq4QqYls7tt3uLpcr9y4yZXArAkHAb4sylr5yw,"I have been trying repeatedly to send money to my Telebirr wallet and to another account, but your platform completely fails to process the transactions. This has been nothing but a waste of my time and patience. Your system is unreliable and clearly not working as it should. I also contacted your customer service, hoping for support, but they were useless and unprofessional. They showed zero interest in actually solving the problem and offered no meaningful help at all.👎👎👎",1,205,1.8.7,2025-12-28 07:32:39,,,1.8.7,Dashen
bb7256a2-7d9d-49f9-9345-2f233d04d50f,Happy Des,https://play-lh.googleusercontent.com/a-/ALV-UjU1vAUDpEDeADWy8yT8sjII8yYvDpFWXg7Qb5GYirsZbc5wZSwy,Waw dashen bank my frist choice 👍👍,5,0,1.8.6,2025-12-26 21:20:00,,,1.8.6,Dashen
ff51e310-74e6-47a3-8c95-6b21501189ff,Ahmed Aman,https://play-lh.googleusercontent.com/a-/ALV-UjWJ74K-ffCN_zJYikiX5NMnGqZ-8_s-NZ3RyLn90BQznnDu6sCy,Am satisfied more enough....with Dashen Bank,5,0,1.8.7,2025-12-26 01:42:01,,,1.8.7,Dashen
6ada461d-3b5b-481d-997e-adb30e29f4a7,Mesfin Semunigus,https://play-lh.googleusercontent.com/a-/ALV-UjUkiLIykIpJJ-I09cdxmEoc9lNKGbkzBAYrLEpb90EIuwjPwz8M,it is a pity that this apk is loosing it purpose and focus diverted. this days it is trash. amole is by far better in serving its purpose,1,1,1.8.6,2025-12-23 10:41:58,,,1.8.6,Dashen
df07031c-fccb-4cd6-9c1c-fdae81b83186,Kedir Musa,https://play-lh.googleusercontent.com/a-/ALV-UjW0jiJTlH0RednkzyPkKoSWIAH87aR5TiXB9XzJuRMEt3B2hQih,telebirr suparapp,5,1,1.8.1,2025-12-22 23:18:40,,,1.8.1,Dashen
bed5c252-ccb4-46de-8af4-f8f538b79138,Tame Sh,https://play-lh.googleusercontent.com/a-/ALV-UjVJY9NUL5tQid3_Wfz4LPuZ5M7VW9aHfkfXWf1OdC5vwaTuFTP_,"the most experienced app, so nice job dashen bank s.c .",5,0,1.8.6,2025-12-21 23:28:56,,,1.8.6,Dashen
6d9bdffe-6449-4d65-9346-164af7ad768e,Bura Bb,https://play-lh.googleusercontent.com/a/ACg8ocIdJwrZhJuWxtpmxbT_UiqwwsqcvM_jb3g6hIrxMiiatm6jqQ=mo,it's good app I liked,5,0,,2025-12-21 20:37:24,,,,Dashen
87352cc1-007d-49b1-946c-12bc7d2accfd,Geleto Jemal,https://play-lh.googleusercontent.com/a-/ALV-UjWZcTKnRSnD7eH0zGTXiYYKWu9KfprAH7-yqHfQSOwWJHE5FNc,"An interesting app; that is convenient, user friendly, fast & so on... w/c leads the banking services to be digitalized locally and be competitive globally at large. We'r proud of DB!!",5,9,1.8.6,2025-12-20 23:55:13,,,1.8.6,Dashen
ae9a567b-002a-41a7-b6ad-87dcb3481ce6,Abraham Zeleke,https://play-lh.googleusercontent.com/a-/ALV-UjXO0nhS4sz6b76lXEZufe-33WRWBkwaMUdTQOsUDxbNH8cwkafP,i love dashe supper up. keep up my bank,5,0,1.8.6,2025-12-19 20:18:10,,,1.8.6,Dashen
718ea253-0049-49b5-a398-b53e99ef4b2c,Gamula Malke,https://play-lh.googleusercontent.com/a/ACg8ocL8sD8StyJhSpQifYBC8siANLaUn2cfecubeTl22OQuH4TX7A=mo,dashing bank,5,0,1.8.6,2025-12-16 15:25:13,,,1.8.6,Dashen
d0dd89b7-2531-4e28-91a4-5eb78e4f2f24,Jerry Tes,https://play-lh.googleusercontent.com/a/ACg8ocLmAtbYPiUdKQMidDq8h5EXxSwQhBnjEEp-O8VCCkvLBOvUuw=mo,it is amazing app and also secure,5,0,1.8.1,2025-12-16 13:32:57,,,1.8.1,Dashen
3093f5ed-1e41-42d2-9bd9-df76acfec838,Tolesa Nigatu (Lawyer),https://play-lh.googleusercontent.com/a-/ALV-UjWA-mz5LvNbYCcNXrYpg9OoGjT3sYdM040DcjgADTPzyYsWUOz55g,This app is vey impressive,5,0,1.8.1,2025-12-15 19:53:47,,,1.8.1,Dashen
eea73a58-a487-4afa-b566-f56b62f3067f,Chali Abdissa,https://play-lh.googleusercontent.com/a-/ALV-UjUXBm5oGML2ZrXGGBmkjSszHvKFTnSicQz9tX6VdFOO_xClh_XY,Great app! Why doesn’t it include digital loan features? Adding this option would be very helpful for customers.,2,3,1.8.6,2025-12-14 18:41:00,,,1.8.6,Dashen
9e3b066a-1e70-49d1-ae15-c47970f9e492,Tesfaye Tegegne,https://play-lh.googleusercontent.com/a-/ALV-UjVYdDlDS79Cg5hA8lldYNsRruYKWQ3avpPE77B4TPCjA8ihqyM,"Simple, updated and all enclosive so I prefer it🙏",5,0,,2025-12-12 19:01:31,,,,Dashen
29c95ab4-d56c-42a8-8359-0f3bed745374,Sisay Ashine,https://play-lh.googleusercontent.com/a/ACg8ocLg9YjkwucE0MTyFroKnBCmQZeA0INPy1UZrz8daj0UASeHtg=mo,"great app,thanks dashen",5,0,1.7.4,2025-12-12 16:28:37,,,1.7.4,Dashen
dd12f72f-be4d-4310-9e23-843252b26bfd,Dagim Shimelis,https://play-lh.googleusercontent.com/a/ACg8ocL5rM5RgMqytpx7eTF6clKtvdqi8CT0JLb_tXe5Sod-9dfClA=mo,its good app,5,0,1.8.1,2025-12-12 14:17:15,,,1.8.1,Dashen
e05a6c19-66ba-480e-a3a2-a0fe0a7862bc,Behailu Eshetu,https://play-lh.googleusercontent.com/a-/ALV-UjWag29kySPgye9Ihlqd-nzoriv2V4ZkeD0w8diwyAvo7x5GekAG,"The UI/UX appears well-designed, but it has some critical issues that need attention, such as the inability to display full transaction histories and the presence of numerous mini-apps within a single card view, making it difficult to locate individual mini-apps easily.",4,13,1.8.6,2025-12-11 18:39:48,,,1.8.6,Dashen
43630291-4571-4e34-96d8-1d7ba7d174a9,Getnet Akalewold,https://play-lh.googleusercontent.com/a-/ALV-UjWljyNQzNlnU7bcjJAG9T7mywdY5eW_-1BCyJLiEOoszslo_GDNSw,it is so fantastic and user friendly app. Bravo Dashen bank thanks.,5,2,1.8.6,2025-12-09 12:06:40,,,1.8.6,Dashen
d7dae1d0-5aef-4562-95aa-948b63d3dfe7,EBRO TELEBIRR CENTER,https://play-lh.googleusercontent.com/a-/ALV-UjUXup8U0VqwsixI0Tqh6bpNzQkSYkW60hTqD09zMwabzMq8IE53,አፑ ቆንጆ ነው ለምንጅነው አሞሌ ላይ ያሉ እሱ ላይ የሌሉት?,3,0,1.8.6,2025-12-07 19:27:50,,,1.8.6,Dashen
f8c96323-d95d-41d8-b847-44c554559969,Tagetu Tibebu,https://play-lh.googleusercontent.com/a-/ALV-UjXjOeF32GY0RMOtCRpz5xIbS1aebtrBnoTNtppUw2oFBJnSCVyl,ilike this app,5,0,1.8.6,2025-12-07 17:15:07,,,1.8.6,Dashen
1b43591f-0fd3-4ee5-b19d-8adba0b8fdc6,Anteneh Wondwosen,https://play-lh.googleusercontent.com/a-/ALV-UjXtTnPICa67-5Jis8KadQ_WklXGGyxVOoqwCBss_PB2wKFCoZge,it was perfect but sending money to telebirr isn't available,2,1,1.8.6,2025-12-06 10:11:13,,,1.8.6,Dashen
bf78e7bf-4074-45ee-9e72-200eb99eb496,Micky 11,https://play-lh.googleusercontent.com/a/ACg8ocLgl9lak12PuwtMlv5a0lHQS69REvMFerhjb6lF7lGhPSz4tg=mo,dashen super app easy to use,5,0,1.8.6,2025-12-05 12:47:53,,,1.8.6,Dashen
3f2c5f53-6c9f-463a-9625-a4542ad726fb,Musab Kedir,https://play-lh.googleusercontent.com/a/ACg8ocJ7OSepEavqkKLJfIfumyCs2yADGnR4pPeZbGfGFEBcnztE=mo,Dashen Bank always one step a head,5,0,1.8.1,2025-12-05 12:43:00,,,1.8.1,Dashen
67584a76-8540-4894-ad46-c6d4d9f39737,sirrii Abdii,https://play-lh.googleusercontent.com/a-/ALV-UjVdtNW3lubtAY9d6PkfjTqIE5KQoHQsxhAX6wpafSIbJzpJ,why you always say update.,5,0,1.8.5,2025-12-04 21:05:02,,,1.8.5,Dashen
ac29588e-8cce-4cd6-805a-c6f9ebc7e852,Ibsaa Qannaa,https://play-lh.googleusercontent.com/a/ACg8ocJvyrhHIH0XNNBntAcH16vmOo3bR2Y3Hu1wx9lSugBxMDUUfQ=mo,it's very expressive and fast and easy to Use.,5,1,1.8.1,2025-12-04 18:00:29,,,1.8.1,Dashen
eba970c5-75ca-48dc-8426-df4766186cd2,Surafel Brhanu,https://play-lh.googleusercontent.com/a/ACg8ocINYcu2hsAJLGF7nks9WFSYOhGsuf2USUMeW8AHg2clxXlD8A=mo,Dashn Bank is fast and easy,5,0,1.8.6,2025-12-04 16:19:06,,,1.8.6,Dashen
a1b67a6c-5928-48ba-9e02-80d1a6ca01f0,Endris yimer,https://play-lh.googleusercontent.com/a/ACg8ocK9cNdN4cHcM9qTgdpdm-lrDTIvAl2oB_KThewCSHpv6M1k4g=mo,this bank is very nice to me,5,0,,2025-12-04 15:07:33,,,,Dashen
ae2839fd-f7fc-4e4a-be3f-433714062b15,Roba Dori Dadi,https://play-lh.googleusercontent.com/a/ACg8ocIzpL-4T7l4lZc4farpyn97cIqlTtZJdWz9YRmZD3tCLjdYag=mo,it's the best mobile banking app I ever seen,5,0,1.8.1,2025-12-04 07:46:55,,,1.8.1,Dashen
08c61e2e-e834-46f2-9483-d6a72ed7bb00,Desu Demsei,https://play-lh.googleusercontent.com/a/ACg8ocIr23nxK1Jt3Hfc08S7oL2G0yIqYDbXV8hbuM7HnPTyq8KaUQ=mo,ምቹ እና ቀላል ምርጥ መተግበሪያ ነው ወድጄዋለሁ ።,5,0,1.8.6,2025-12-04 03:46:48,,,1.8.6,Dashen
6a6357ea-0567-4ec6-a74c-5778955add80,Getachew Alene,https://play-lh.googleusercontent.com/a-/ALV-UjUehPvD6_ra_VXHnjV5syZc6iogJEOu-P7IUIe6OqYRklnVag,Interesting App.,5,0,,2025-12-03 10:52:51,,,,Dashen
b0f96f34-f3e2-44d8-a78f-5524ff9bcbef,tilahun berhanu,https://play-lh.googleusercontent.com/a/ACg8ocLiucOUlvhsxHctHLLvs9hoTAqqAXLGgNA6OkLtcCZrTDvTjg=mo,it takes time to login. but after login its good but sometimes unexpected termination occur in which rises untrust to use usually the app. Because of this am forcely using other bank applications.,3,15,1.8.6,2025-12-03 10:48:07,,,1.8.6,Dashen
a6a87b89-636e-4e2b-be00-14998293fe16,Sebsibe Ashame,https://play-lh.googleusercontent.com/a-/ALV-UjUq6S55oQvDXnELy6dOA1NT_Xz9eiD4sARPQhLxZKIacn0CPyQ,I always receive excellent service & follow up. they strive to complete customer needs. they always available. I am totally happy with Dashen services given. Thanks. Blessings.,5,27,1.8.6,2025-12-03 06:08:53,,,1.8.6,Dashen
0febecc8-6410-4b4b-9153-de60dff9cf81,Mehari Gizachew,https://play-lh.googleusercontent.com/a-/ALV-UjWuvh4pISXl1HTDdhmIjueT2XBs32Cu2PyZ-eJpIpj-VuDh5wlt,ይህ መተግበሪያ በውስጡ የያዘው አገልግሎት ብጣም ጥሩ ነው ነገር ግን በሁሉም የሞባይል device ላይ ሲጫን እና transaction ስንሰራ በጣም ቀርፍፍ እና እዝጋሚ ነው በትንሽ Network መስራት እንዲችል አድርጋቹህ አበልፅጉት አስተካክሉት (customer),3,0,1.8.6,2025-12-02 20:29:26,,,1.8.6,Dashen
67e589b7-0c9b-428f-b44d-8c514ac0a774,Buruk Abebe,https://play-lh.googleusercontent.com/a/ACg8ocILuMrJ5XGY2SD3IUenh--0YtOY4LrtnpX4XI3islEmbkuExQ=mo,"the is always under mentenance, or temporarily unavailable and they're adding features no one is looking for at the cost of not being able to use the app in the first place.",1,13,1.8.6,2025-12-02 12:47:03,,,1.8.6,Dashen
fc1b36da-fbe5-4954-8ac3-7798a232f85b,Mikiyas Demeke,https://play-lh.googleusercontent.com/a-/ALV-UjWwKCtv2htpPbFL5Ldn7Yxbu80lInfi7WBzujsN0ugY5ZskgLCM,Dashen bank is my first choice it's best bank for me and super app is easy to use anything and it's bery fast.,5,3,1.8.1,2025-12-02 00:15:46,,,1.8.1,Dashen
9982fb54-d701-4166-9d5d-902325f6977b,Mohammed Abdella,https://play-lh.googleusercontent.com/a/ACg8ocLWD-qRAa5EzDaEDb9SFjP2A4pf2twEwEOssSzINT9SLy5CMQ=mo,"its Good App when we compare to others but when we enter our code,it takes too long to open the apps fix it please",4,9,1.8.6,2025-12-01 21:18:41,,,1.8.6,Dashen
c6405e6e-388a-439f-bcc6-222688006e5a,mulusew alene,https://play-lh.googleusercontent.com/a/ACg8ocKE4j5DOGxqFgpCF3rvHz9SpXKtQ592ecv5jdlFgc-fVkAIog=mo,easy to use and comfortable.,5,0,1.8.6,2025-12-01 20:26:20,,,1.8.6,Dashen
138d9273-481a-4d51-b347-7a7bb6b491ee,Abel Getahun,https://play-lh.googleusercontent.com/a-/ALV-UjVzw5gWsPKvA6926nc62DOlRy_4NWolgL_1qypdMf7B2qanRqTb,when u release update its always a problem,5,0,1.8.6,2025-12-01 12:58:31,,,1.8.6,Dashen
b3fdcfa0-0b98-438d-af7a-e04ee2d4c009,Endalkachew Nigussie,https://play-lh.googleusercontent.com/a/ACg8ocIj3tpfETjLzQDFwiYBkTpN6AsIxsBowGzojI4iXpw-cB2f1sY=mo,primary choice,5,0,,2025-12-01 11:06:17,,,,Dashen
b797bfb7-bbba-4d0f-8e6d-9ab90528b136,Neguss Asfaw,https://play-lh.googleusercontent.com/a-/ALV-UjWVwobNSv6dJy4CW3TFplQ9sQmZEU2A6aP2vkS3irwuKOMqBc1a,its use friendly,4,1,1.8.1,2025-12-01 11:01:24,,,1.8.1,Dashen
853d49b8-e54a-459e-8011-6ad199abb578,Ephron Abera,https://play-lh.googleusercontent.com/a-/ALV-UjU9tCXN8Q-mguDjeE3i3URP53SAb1YhzgmgAiV9YcpkpHSLT5CQ,"The apk need time to open the passward page immediately , and lagging.",1,1,1.8.1,2025-12-01 08:48:25,,,1.8.1,Dashen
8a0203ea-da03-42dd-bde0-80e4188ee4d7,natnael alemneh,https://play-lh.googleusercontent.com/a-/ALV-UjXcRq6OIH0K-t21l-hGFiFpwjYkgevKspCf5R9yRp3XsrPEwJQ,"this app is not good it's, access are limited and u guys are working only on it's graphics we need it for banking activities not for game. make it more active and better its dormant. i don't like it cbe is better than.",1,15,1.8.5,2025-11-30 22:06:29,,,1.8.5,Dashen
5860d6f3-15d5-456b-aabe-bf92bd885546,Berhanu Ashebir BA,https://play-lh.googleusercontent.com/a/ACg8ocLAkNIR-f-G68lwmoiGudv_eS4BMrZFy5iIn_b5U2gCCkwtbg=mo,very smart App easy to use and friendly,5,1,1.8.1,2025-11-29 16:22:04,,,1.8.1,Dashen
39f85efe-9d6d-4974-910c-4f7174f6a8e0,Gashu Mesfin,https://play-lh.googleusercontent.com/a-/ALV-UjXg8eO-UQ7Ai_CNJjiY2_DXZ_uR2bSl6zGLY1KzTXOjIoHnVYR1rA,Very exemplery App to other Bank Aps !,5,0,,2025-11-29 02:45:26,,,,Dashen
157e868c-386f-4837-bb1f-1301dd194075,Esayas Dereje,https://play-lh.googleusercontent.com/a/ACg8ocK7TIGUvXgDWcnJfq3pUYC9iE2A2DbjJOI2w9t7hXNUG7TNtQ=mo,It Is An Amazing app,4,0,1.0.14,2025-11-28 09:44:21,,,1.0.14,Dashen
9504f5cc-7f16-4fe0-8ba5-f76eef162f8b,Selamawit Yegebawal,https://play-lh.googleusercontent.com/a/ACg8ocJJdGPEFxIWuBOspGn9p_Da-eY_dpCRHR2tk97iex85xXFIBA=mo,"its fast and easy to communicate to the app and its available all area keep it up.i will make Happy for this application thank you dashen bank for your effort,commitment and dedication. i appricated your work.",5,121,1.8.1,2025-11-26 18:02:58,,,1.8.1,Dashen
d29af33e-3f63-4b7e-9312-b63f7d2c6724,Daniel Berhanu,https://play-lh.googleusercontent.com/a-/ALV-UjUyQmJYmOfylpIGkVDclnPHXUmFUg_NlLWzqHNrCzVKtCog4kNS,What do you care about my phone's settings? Who are you to tell me what to turn off and on? It is my phone after all. This *develoler option* thing will cost you a lot of users who are willing to leave the bank once and for all. Turn this thing off. 6 you fear this is a security issue fix your side not mine.,1,10,1.8.1,2025-11-25 17:03:10,,,1.8.1,Dashen
9b84c588-bde5-46b7-930c-c638ca26212d,HARUN HAMDE,https://play-lh.googleusercontent.com/a/ACg8ocKDVmFSg2qcfUtesn4ckC1X3rEbUE8_acmNwlUJ_GdnC0pm4g=mo,Exceptional Product.,5,0,,2025-11-23 11:49:24,,,,Dashen
3d668840-c868-4164-8efe-9295ef537613,Ezana Berhnu,https://play-lh.googleusercontent.com/a/ACg8ocI97I4MBtG3kfpE9cSAbWK_EC8QzEZZ1N3vRCxgSmT-l54EmA=mo,very easy app,3,0,1.8.1,2025-11-23 08:37:38,,,1.8.1,Dashen
eeb816b9-14d4-4d91-a3b5-90b391850faa,kassahun assefa,https://play-lh.googleusercontent.com/a-/ALV-UjW2yDmDGWSFiITXOHQycQA0V4GLa1tIGD86xjpghUqXbyWYL2M3,"The Dashen Super App is very impressive. It is fast, easy to use, and provides smooth access to all essential banking services. Money transfer, bill payment, balance check, and other features work efficiently without issues. The design is clean and user-friendly. Great step forward in digital banking — keep up the good work, Dashen Bank!..",5,347,1.7.4,2025-11-19 20:51:58,,,1.7.4,Dashen
bfff7fbc-253a-4538-9483-345a271fc2eb,Kirubel Ayele,https://play-lh.googleusercontent.com/a/ACg8ocIlTImZ3CHM9ddOvAW5WYRBwLcF21EjxKk3el_JMULmbfTEpA=mo,በጣም ፈጣን ሥቹ አስተማማኝ ወድጃዋለው,5,0,1.8.1,2025-11-18 22:05:15,,,1.8.1,Dashen
dabda953-ac0a-476a-8791-c6a66deebc20,Betelhem Te,https://play-lh.googleusercontent.com/a-/ALV-UjWyYso3QdXSotmwN1zhyqY7MyQOWIaD6vG5FGuO5GG77CAOCAY,"it's a really slow app, I'm not sure what the issue is. Even other bank transfers are not working",2,7,1.8.1,2025-11-18 13:26:04,,,1.8.1,Dashen
15bd455e-6fb5-4dc8-8068-cc051fcd5d79,Yechale Abebawu,https://play-lh.googleusercontent.com/a-/ALV-UjU_2dMR00CVak0_d2_wsXRYjOo1j68fuTRHn_sR3A-yjsq1JcU3IQ,"it say's disable developer option, i disabled it but its not working still",1,1,1.8.1,2025-11-17 11:23:29,,,1.8.1,Dashen
b2fb954d-1f3b-4b0b-9ab2-7a6da576cf26,Yordanos Ifa,https://play-lh.googleusercontent.com/a/ACg8ocKrtXlC_wLyAvvSPAJoEiH1fZWZCo_7iC-u9AOA4FfIluqguA=mo,with the super app evry thing i need is just a tap away,5,0,1.8.1,2025-11-17 08:39:31,,,1.8.1,Dashen
8babe417-ec30-4ba1-a860-03150c5daf7c,Andualem Balcha,https://play-lh.googleusercontent.com/a/ACg8ocKvyk_D2bHxNExLza3zfsKvKV-jjr-MyMv_8TpFBxHI6w7BVQ=mo,eyita tips,1,0,1.7.4,2025-11-15 15:38:49,,,1.7.4,Dashen
ecafe965-6f57-4ef5-88ee-9ef8adca142d,Bereket Gugsa,https://play-lh.googleusercontent.com/a/ACg8ocJ-FLw-lTDZUQG28P87GXmo-Q8BJG80Xgyg1UuX91KvkG3PMw=mo,clear and presize,5,0,1.8.1,2025-11-15 14:47:13,,,1.8.1,Dashen
02b493af-68e8-4109-95e9-38dfce50d742,ADDISU GIRMA,https://play-lh.googleusercontent.com/a/ACg8ocIT6uwQ6Li5l738Xb9KwDpNBo_ALtFV1JG67rpsdOAyEaMDHQ=mo,smooth and easy!!!,5,0,,2025-11-14 13:42:09,,,,Dashen
b8b11ccd-acac-419e-8ffc-16c86972ffd9,Bruk Dejenu,https://play-lh.googleusercontent.com/a/ACg8ocIWk9ORsCf9C3MblKQlmtEDaheLUsmk2HCGCgwbLJ_68I2SWg=mo,I have had an amazing experience with this app;ot os convenient and easy to use,5,1,1.8.1,2025-11-14 13:37:45,,,1.8.1,Dashen
35ecd30c-9d1c-40c7-90c0-592d9ea5d0bd,Yohanese Asmamaw,https://play-lh.googleusercontent.com/a-/ALV-UjUMv-O3SDnIAzlHfO6_inkmEvzvu08HoAxq_y33MzPpVDyYMVI,"All in One Super App with smooth navigation, transaction and lifestyle services",5,0,1.8.1,2025-11-14 13:30:57,,,1.8.1,Dashen
dbd90565-cfa7-4a22-a297-b37face26e17,Yared Alebachewu,https://play-lh.googleusercontent.com/a/ACg8ocIG_kPyqWx9raQWWoBtiMW9syaowkkRuTpA4Jby9Ul4wsAJqQ=mo,Very nice App.,5,0,1.8.1,2025-11-14 13:19:23,,,1.8.1,Dashen
a1d46fd6-d7a6-458a-b1a2-1b5679bd7c02,Fasika Getnet,https://play-lh.googleusercontent.com/a/ACg8ocKN6MpGAxNv3HNouVpHNmwPygZJxiCscvE7j52m7HeYJyFSmw=mo,system failure transfer to others account,2,0,1.7.4,2025-11-13 23:12:49,,,1.7.4,Dashen
3ece3a7c-9557-45ae-8053-2bf5568f2861,Natnael Samuel,https://play-lh.googleusercontent.com/a/ACg8ocJLzcMCmhy-ef9-vPyOeQUtEoZefvgNlZXe7b_MixPSTeqjcg=mo,"Only the UI/UX is good, but it doesn't function properly. It's a shame that a leading tech bank has such an app. Amole is far better.",1,6,1.8.1,2025-11-13 15:33:36,,,1.8.1,Dashen
292edafd-2214-4c68-a18e-744b5a0f3db4,Abraham Tesfaye,https://play-lh.googleusercontent.com/a/ACg8ocLbmmn72wXq5gaOSvqhlaNCdfgg5O_TBCs9EMpdN2RyM_Jihw=mo,"excellent app. to use perfectlly to pay,transfer,tele airtime and so on.",5,0,1.0.16,2025-11-12 18:52:55,,,1.0.16,Dashen
3a8163db-3a24-4d28-bba2-58bb438391aa,Hapte Ye,https://play-lh.googleusercontent.com/a-/ALV-UjWKgZJf4pR5--iGkF2lZnfH1xXAscQbMEjGBhbISj3p83mCLyfV,wow dashen bank super app,5,0,1.5.8,2025-11-12 12:20:07,,,1.5.8,Dashen
fec786b2-90d3-454d-a63e-bf53bf71c2a6,Dinkalem Anteneh Asefa,https://play-lh.googleusercontent.com/a-/ALV-UjWM8wQCcfkauVMla5lbbJOdMmbR9OXvnUB-QzNtacN4X_Ox4pCX,"This so-called “Super App” is a complete disappointment. It’s confusing, slow, and full of glitches honestly, it feels like it was designed to test people’s patience, not to help them bank. Calling it “super” is a joke; it’s one of the most useless apps I’ve ever used.",1,2,1.8.1,2025-11-11 17:57:21,,,1.8.1,Dashen
0564e4c4-c11e-4d31-b2d8-bdc5725ebb2c,Mohammed Ahmed,https://play-lh.googleusercontent.com/a/ACg8ocIMu14knlxr8aJmuA04i3tWM719ZW0bDtywSFN2dIBkYup-hhI=mo,very nice app I have ever seen,5,1,1.7.4,2025-11-10 23:06:02,,,1.7.4,Dashen
898109d7-385c-4fc9-b8a6-bd6e2a303a39,Behailu MEngistu,https://play-lh.googleusercontent.com/a-/ALV-UjXEQIs7sSl1Us4zVhFkeZbUt_ChM-SkSqw4a88tjp2FQXxcVd4z,NASTY BANK . EVEN THE SUPPER APP IS NOT WORKING WELL. WHEN I AM CALLING THEM THEY ARE NOT RESPONSE . PLEASE DON'T USE THIS APP BECAUSE YOU WILL LOSS YOU TIME ;ENERGY AND EVERYTHING . HOPELESS Bank .,1,7,1.8.1,2025-11-10 19:19:34,,,1.8.1,Dashen
d5e77822-77c3-4c94-b062-4c36c8b6e210,Obang ojulu,https://play-lh.googleusercontent.com/a-/ALV-UjVtjH84u8fcpzXzlN6uidIIbwR4n79aD8XH6IRRRSUYoxUp-xDe,it's good but is not fast,5,0,,2025-11-09 16:40:07,,,,Dashen
ef42c724-ee02-45e6-8c6f-f0f4a8ab7fc6,Usu Elemo,https://play-lh.googleusercontent.com/a/ACg8ocJ3LWDmO2wgBE2qYNAOEsApqJSSpf0CbI28bSeOHIZF5XJo9zY=mo,your financial system must improved,4,0,1.8.1,2025-11-09 15:13:07,,,1.8.1,Dashen
1f2786d3-7b51-4467-95f2-fb7ef877469a,Fire Ko,https://play-lh.googleusercontent.com/a-/ALV-UjXpI4NQ2WLxpchR6iyPLLvIi8TIIPpiWdTUI8IQvGX9m25uPMTG,your service is too good,5,0,1.8.1,2025-11-09 08:18:32,,,1.8.1,Dashen
09607d06-8ab3-45a4-bc8e-c824930c888a,Yoseph Destaw,https://play-lh.googleusercontent.com/a-/ALV-UjUPpnxwJ0Lhi_ukn3MP1EfVup12QWGDXoMtrnMA--tnzR851BwS,good experience,5,0,1.0.14,2025-11-09 08:15:48,,,1.0.14,Dashen
34c15681-d4e1-4690-b330-13b138d9adf2,Hermella,https://play-lh.googleusercontent.com/a-/ALV-UjUWmnnpd6EBR-RaaiV6RXh5EPpWrHfaDxTePCjWaTC1a8e6Jb8X,"Amazing app, 👏",5,0,1.8.1,2025-11-07 21:44:28,,,1.8.1,Dashen
215de933-fc3e-45ce-9bd9-b7d6d113c8c3,Bedaso gemechu,https://play-lh.googleusercontent.com/a-/ALV-UjXbmSyxGCrsHrH1YimYkXiDhz9izXkoZY-GI3lpRseg4WFeQHBH,"easy to use, friendly",5,0,1.8.1,2025-11-06 20:34:55,,,1.8.1,Dashen
f5360419-4441-4084-a1c2-eb9b07206b36,Melkamu Kifle,https://play-lh.googleusercontent.com/a/ACg8ocJE0q5Tp38s25CJticEDt7eQMsur3YuPSrVgjotCGehIKmGww=mo,"12yr more LC, UCP & ICC & loan",5,0,1.8.1,2025-11-06 15:47:23,,,1.8.1,Dashen
80a217d4-a389-40ab-bd17-b6c164c76aaa,Zerihun Hailu,https://play-lh.googleusercontent.com/a-/ALV-UjUqtYKSMymg5PHADiWus26-RvlfFCxALwkX9cSwLF8OHOqtiC7aRw,"not attractive and friendly app. Check Awash, CBE apps",1,1,1.8.1,2025-11-06 14:19:27,,,1.8.1,Dashen
362b7c91-55d7-45f5-bcd5-7088f6b09e3a,Sisay Misganaw,https://play-lh.googleusercontent.com/a-/ALV-UjWSwHYM3YybFMBMAUdkUwL8h_33HBhkH-e63-XqlAG0MDqKRIuL,"The Dashen Super App is very impressive. It is fast, easy to use, and provides smooth access to all essential banking services. Money transfer, bill payment, balance check, and other features work efficiently without issues. The design is clean and user-friendly. Great step forward in digital banking — keep up the good work, Dashen Bank!",5,655,1.8.1,2025-11-05 20:11:36,,,1.8.1,Dashen
6865f69e-cc69-42db-941a-85cc16ce6bf8,yusuf kebede,https://play-lh.googleusercontent.com/a-/ALV-UjVEJtu6zGvEtGLN0NdYJ27ORYUgCAv2EbyWGlrE6zXhG3QSjIQM,betam kerfafa naw,1,0,1.7.4,2025-11-05 16:47:58,,,1.7.4,Dashen
b91bcd0e-b1b1-42f1-acbb-9445f701adf3,Fayo Aman,https://play-lh.googleusercontent.com/a/ACg8ocI1B0c3HUXdUQm-TxzAUBo1BRdlj8yV0Xs8L_y1bLFPwNppSg=mo,exceptional,5,0,,2025-11-05 16:34:30,,,,Dashen
6bf6ad8e-bd05-454f-ac8f-fc11c1aeedb5,Yohannes Dana John,https://play-lh.googleusercontent.com/a/ACg8ocJ30gRHrvoPTrV9NRQ8neZenSKowUbsWvZNQP39NEZZD13fspN9=mo,"Dashen, always two step ahead.",5,0,1.8.1,2025-11-05 15:33:19,,,1.8.1,Dashen
e2e4f955-c79a-4192-a71e-950a3fde3907,biruk hiruy,https://play-lh.googleusercontent.com/a/ACg8ocJ1qjz-QUB3VPYvDT1fXoobXTz1ETYI6ZgdOfKyBeUeArG1Yg=mo,"Please try to fix the barrier between other banks specially with ""Commercial bank of Ethiopia""",3,0,1.8.1,2025-11-05 14:05:15,,,1.8.1,Dashen
703187ba-cd29-46c8-9bdf-bdfd54668e67,Marshet Bayley,https://play-lh.googleusercontent.com/a/ACg8ocIZHbZNQyHgPNawJ8RWxHZyp8QNDw5VUv9k7m4HN_xDWd0_Tg=mo,i am using,5,0,1.7.4,2025-11-05 13:21:24,,,1.7.4,Dashen
7bf9a8a8-2718-4a3b-85f0-3ac3b628ec84,Sileshi Yilma Reta,https://play-lh.googleusercontent.com/a/ACg8ocJpTwN9gFijRDpivR4VXMMugr8NJdvt7bfA_OrCk-mLqjW5VQ=mo,It is a wonderful App developed by a local talent. It deserves an appreciation. It will continue to evolve with new exciting features.,5,5,1.8.1,2025-11-05 09:51:46,,,1.8.1,Dashen
e6ada560-df66-4170-b0cb-e04a65ead451,Paulos Aberra,https://play-lh.googleusercontent.com/a-/ALV-UjV6pMZ_9V3oAJuEet8kclfHQXBRDV4KAHS9YlqO_bqXG5l5r9I,wonderful app,5,0,1.8.1,2025-11-05 09:03:34,,,1.8.1,Dashen
d18aa410-4dc1-4c26-8f7d-a866f5b498ba,temesgen tamrat,https://play-lh.googleusercontent.com/a-/ALV-UjXtRBwfqDAtltxcI6ur6ZPVbAYXqBEkSpJc9ZfCBeP8ViWcUiM4,"i love the app it features are perfect, but it asks to update too many times to activate your need to visit a nearest branch and that takes time. other than that the app is great I like it",5,160,1.8.1,2025-11-05 08:25:51,,,1.8.1,Dashen
d4d30d69-4b0a-4ad0-8430-7aa85f6467e6,Siltanu Nigus,https://play-lh.googleusercontent.com/a-/ALV-UjUCjXfnVd4UeF3j5JRjqgw0IccbAsp3ce0OVktOvwljcwrdgDo,its supper,5,0,1.7.4,2025-11-04 19:47:11,,,1.7.4,Dashen
8eb02f5b-df9f-420c-b3b8-834820e32c3c,tibebe Solomon,https://play-lh.googleusercontent.com/a/ACg8ocKcQ_7eXeYM9vacRMXPQ8nP24_2U87D2OnwHM0Mqbwaoywlrg=mo,it's so boring,1,0,1.7.4,2025-11-04 18:37:56,,,1.7.4,Dashen
ba74c62f-ad24-42ab-bbdf-b56a765ba124,Amanuel Nibret,https://play-lh.googleusercontent.com/a-/ALV-UjWJNAfDbFdb91BT5B9HuZpc30DDhT6p4peUPw8hKBXc3t7CQNm_,Dashen Bank Super App is the latest version of online banking system that is the gift from Dashen bank for us Thanks to Dashen,5,0,1.8.1,2025-11-04 16:07:00,,,1.8.1,Dashen
8ffcaec9-4351-4cc7-973c-1d86365894f0,Yeneineh Seiba,https://play-lh.googleusercontent.com/a/ACg8ocI8vC0mz2Hkr_djwOhQR17kRluQXh0fPiT1hKfQnVy1IwY1_Ck=mo,"i rarely leave reviews, but this app truely deserves one.it's efficient ,secure , reliable and makes fanancial tasks effortless.definitely 5 stars for this exceptional app",5,3,1.7.4,2025-11-04 15:35:15,,,1.7.4,Dashen
360a6c12-d948-4ce0-aea6-267b8eaaa743,Bereket ab,https://play-lh.googleusercontent.com/a/ACg8ocLbj0zW30Yw-Y_xWd2U1iIwxzXBFGwn9JyGMefyNpLMeyRj4g=mo,it has improved very much lately its working more and getting better but yet it is not fully fixed some time at night it doesn't work..i think the problem is it was launched too early.,3,141,1.8.1,2025-11-04 14:32:40,,,1.8.1,Dashen
b9c85a77-6315-4df3-844d-63d6e0fba45b,Ermyias Gashaw,https://play-lh.googleusercontent.com/a/ACg8ocJjyFwlMWQl9b8Bowe0QtZ-68DSZ7rOVHGLrchq1__pytCcxg=mo,wow dashen bank,5,0,1.7.4,2025-11-03 10:52:11,,,1.7.4,Dashen
0867ee2a-6b98-47c6-9331-8551a0d893c7,Shimeles Tadu,https://play-lh.googleusercontent.com/a-/ALV-UjXT2qbpvf5yxIoNV529dz9EM0lHJHkt52BPKLzbwPmX6HamyRtF,ብዙ ነጉር ይቀረዋል ወደ አፑ ስገባ በጣም ይዘገያል ባጭሩ ቀርፋፋ ነው,4,0,1.8.1,2025-11-02 15:58:57,,,1.8.1,Dashen
59498129-d37f-4693-a7e7-834300661621,Mikiyas Kumbi,https://play-lh.googleusercontent.com/a-/ALV-UjWP4mMt-q1BatHKCs5iKMG1A-g6ZxuGW7oD3Th-5dg71O4HD_nqSA,"I just updated my app to the latest version and I couldn't even see my balance, send money or do anything. It says service is unavailable and it will be fixed soon.",5,93,1.8.0,2025-11-01 12:55:50,,,1.8.0,Dashen
2ccfdda8-3a7e-4c83-a336-837799716a01,Dawit Jack,https://play-lh.googleusercontent.com/a-/ALV-UjUA3nZX9UcPcxMrMG4fqh_mlpt5pNrcPvMOwwq3Z6M-jqGK_Ek,it's too slow,1,0,,2025-11-01 12:50:25,,,,Dashen
9f025499-c17d-4452-bb71-3c2b7b1c4500,Eyob L. Getaneh,https://play-lh.googleusercontent.com/a/ACg8ocKW3pjcaViV6dlSgHGJfpwFRjW1rM1yLj7u5IJoJQwyOunBPWg=mo,"Before the recent update, this app was great. Now, the home page is cluttered with promotions and banners, which really hurts the experience. I think the app stopped being banking app and started only to promote b/c 95% of the app is only ads, also full of bugs",1,3,,2025-11-01 11:56:49,,,,Dashen
a2b10118-101d-4ee3-ad6f-61980614aa3b,Abel Andualem,https://play-lh.googleusercontent.com/a/ACg8ocKRXg5A6B51z97ld-DyCh3Pvzce3UOLM_dsHSC356o9iLKbYw=mo,app is too slow not opening fast,1,0,1.7.4,2025-10-31 00:20:28,,,1.7.4,Dashen
a0165d49-aca9-41e3-929f-ef67fccf3f56,Abadi Brhane,https://play-lh.googleusercontent.com/a/ACg8ocIUsrtWMylcRBib0Mqd75XRUWLTJ8VwjqYCFHvX5rh3xCMCz78=mo,"it's seems to have some improvements, I don't know what's going on with this app sometimes get collapseed. This is not expected from Dashen bank, which is amongst from famous and greatest banks.",1,2,,2025-10-30 17:55:02,,,,Dashen
3dff5082-039f-40a3-8d75-11dbf6ed6f44,Melaku Sintayehu,https://play-lh.googleusercontent.com/a-/ALV-UjW8Uju1LMj4D4Kxgw7arKchUMiWWH6r2lTS3g7tsjI54TFEDyAX,very nise good,5,0,1.7.4,2025-10-30 16:17:37,,,1.7.4,Dashen
99b90e10-84e8-4a3d-b564-b6b1fc10698e,Zeyneb Hamza,https://play-lh.googleusercontent.com/a/ACg8ocJEmnXG_v1RMKUknYstrjn-mHIia9aXaVcsJ7F4WrV_KFrQwg=mo,what your emplyees tell as about the app when they came to our store and what actually the app is different,1,0,,2025-10-30 10:40:08,,,,Dashen
e938df24-05ce-4d22-adcc-ae6d3a74d22a,Tewodros Kebede,https://play-lh.googleusercontent.com/a-/ALV-UjUamymejKt0T_6JzUVkOdI7lG5qbecYHV1DNKkXkfrfHxVs69s,Excellent promotion,5,0,,2025-10-30 07:18:27,,,,Dashen
163201b7-323d-4462-850b-c8453dfcb4cf,Natnael Deyas,https://play-lh.googleusercontent.com/a/ACg8ocIBr8XOZogT9CNHGBR8AHNHekTaV8TNHtD4cpCZrS6kSOP7IA=mo,"Dashen Bank Super App is incredibly convenient! Easy to use, fast, and reliable – a great app to manage everything in one place.",5,23,1.7.4,2025-10-29 13:12:01,,,1.7.4,Dashen
593462a4-2b65-4980-a492-9eeef5f116ca,Seid Endris,https://play-lh.googleusercontent.com/a/ACg8ocLS31H-A-jO_BP1-om83inlI7NH2zi_ADqgrqnhhrLKv1QwSG4=mo,"Dashen Super App is a game-changer with its sleek, user-friendly interface. Lightning-fast responses and seamless navigation make every task a breeze. Love the organized layout and clear features that save time daily. Fantastic work—highly recommended for effortless banking!",5,0,1.7.4,2025-10-28 17:18:01,,,1.7.4,Dashen
c68cdc01-a66b-40fe-a6b7-cbb1487156f4,Mekbib Zawde,https://play-lh.googleusercontent.com/a/ACg8ocJ8sKNUuGlgrSrtXV4QPTc7J3LWi9ypMuIia8TjWSHJ3fRDnBE=mo,"The design is clean and modern, and everything works smoothly without bugs. I love how reliable the app is it makes banking so convenient.",5,22,1.7.4,2025-10-28 16:46:47,,,1.7.4,Dashen
be6dc291-6fb0-427b-8553-d735553e3313,Leul,https://play-lh.googleusercontent.com/a/ACg8ocLl6NJU5ngdTnSJFHK2HbCDuSjFyCVuylOnegOlp2NiqtjPgQ=mo,"A true banking super app! The Dashen Super App combines great design, security, and an impressive range of features. Highly recommended for anyone looking for a complete digital banking experience.",5,5,1.7.4,2025-10-28 16:44:46,,,1.7.4,Dashen
9f1611c8-4469-40f3-9b6e-2736c5c13f4e,Mulugeta Tesfaw,https://play-lh.googleusercontent.com/a-/ALV-UjXTl85rRA13lqK0jQ7bMbo5iL5GzdD5CM85Lhz9DBpsxxSz6ls55g,"​I appreciate that this app allowed me to access multiple services in one centralized place. Thank you, Dashen Bank!",5,0,1.7.4,2025-10-28 16:11:32,,,1.7.4,Dashen
db4710e2-0fb3-459c-a3a5-69445d4cb270,Kidus Tessema,https://play-lh.googleusercontent.com/a-/ALV-UjXw_sXxaO7Q9G8HZXL659GIzZpmy_DjQJgnPLJZQ7r8CSxUV--e,"This app makes my day-to-day payments so easy. Everything works perfectly, and it saves me a lot of time.",5,3,1.7.4,2025-10-28 16:10:13,,,1.7.4,Dashen
6cbe56f6-0aff-4ee7-a7fe-2c1ccf6244e4,meron,https://play-lh.googleusercontent.com/a/ACg8ocLXjERTcizrzsfey7pMRbPgJ2Y0dneL2UwbiFiT-CTjFbplIw=mo,It’s impressive how consistently the app is improving. I’ve been using it for months and they have improved a lot in terms of not only beauty but also performance wise.,5,2,1.7.4,2025-10-28 15:50:27,,,1.7.4,Dashen
5b430dc9-06e5-4015-a4cb-7c671ff8ae9c,Tadele Taye,https://play-lh.googleusercontent.com/a/ACg8ocK6L9KByf-dEHuJHzHhbFKevyNbIMxFrkEGN6iYHGFD9pPwtQ=mo,This app has replaced several others for me. It has everything I need in one place.,5,0,1.7.3,2025-10-28 15:45:08,,,1.7.3,Dashen
1ee92e14-11e6-4db1-8a6c-a627e42c2089,Mastewal Abegaz,https://play-lh.googleusercontent.com/a/ACg8ocJW5_UR-pal22RV84KH84idXW6ElhkBNCy6yJQkesMfaKdeF6A=mo,"The app has evolved impressively over time. The latest release adds dark and light modes that enhance usability and design. It’s intuitive, modern, and clearly built with the user in mind — setting a new benchmark for digital banking.",5,1,1.7.4,2025-10-28 15:40:52,,,1.7.4,Dashen
211b2b4d-826d-4192-9fa8-25d7e38c7666,Hermela Asnake,https://play-lh.googleusercontent.com/a/ACg8ocKZQzmN2CZChwhsthhP_Nu8KO2snGo42lEHkxcSxjzBrB-j4g=mo,"Dashen superapp just keeps improving. The new theme options are beautiful, and the overall experience is faster and smoother than ever",5,1,,2025-10-28 15:38:42,,,,Dashen
3677b2d7-95ab-4c95-87af-ef1d3edb674e,Kaleab Argaw,https://play-lh.googleusercontent.com/a/ACg8ocKWy6c2lM3W0HjYSmJHv2P8j2gSde-eJ9O-FbvCGsews88ANwU=mo,I have been using this app for months and its easy to use and is user friendly thanks Dashen bank.,5,2,1.7.4,2025-10-28 15:36:56,,,1.7.4,Dashen
90d2468b-101a-4006-ae49-d07185b49594,Abiy Nibret,https://play-lh.googleusercontent.com/a-/ALV-UjUe1rQM22tsMrOVbbUL5LvChgsuiP_0rDweVw6_APrS6JwXSSbG,"Finally, banking made simple! Everything I need is in one super app. A true game changer for managing my finances on the go.",5,9,1.7.4,2025-10-28 15:34:16,,,1.7.4,Dashen
ddeb6fa8-f5c7-46d1-b75d-914ce9f0c460,Henok Shegute,https://play-lh.googleusercontent.com/a-/ALV-UjXDmKcOfjkTIfW9Z3HCfpebmhtFVuciZb0ylN6utXoSh4lwhWI,"I’ve been using the the App, and it’s been working really well for my daily transactions. Good work 👌",5,3,1.7.4,2025-10-28 15:28:36,,,1.7.4,Dashen
5c592442-a2c0-4290-95d8-93a1362b4f10,Merewa Salh,https://play-lh.googleusercontent.com/a/ACg8ocIIy3WNyYWO5qFrR1xXxzqqJ9XlF4-hBztIrWFMkh6lyAlEVA=mo,"I appreciate how secure this app feels. Every transaction comes with confirmation, and I always get alerts immediately.",5,0,,2025-10-28 15:23:09,,,,Dashen
8cd152ac-79ad-4248-8a85-574943011aa6,Beamlak Gyes,https://play-lh.googleusercontent.com/a-/ALV-UjWdtIQOzOGaWo7SKd60TZyzSvjYwdtBUS9ic2Spm6eKK3w-kUqb,I love the new dark theme it gives the app modern feel n make it more comfortable to use,5,2,1.7.4,2025-10-28 15:21:30,,,1.7.4,Dashen
9188bb05-84eb-4c73-a234-31c0b5d503b7,Hluf Abebe,https://play-lh.googleusercontent.com/a/ACg8ocIa7dK-_2JtLOzB7PiUbcNu0CXRYNnQiw4ssBbWkhSTFQIdU58=mo,"This is amazing app, as it name ,truly supper.",5,0,1.7.4,2025-10-28 15:20:21,,,1.7.4,Dashen
0d789c56-bdf8-489e-8f96-c6508734fade,Wondem Abebaw,https://play-lh.googleusercontent.com/a/ACg8ocLau2-l-ijdxGK2jmE0HX8OMDJXXnWibQtIO6ftMCTYMlyTIxc=mo,This is one of the most user friendly and impressive apps I have encountered in the banking sector,5,0,1.7.4,2025-10-28 15:19:14,,,1.7.4,Dashen
86b26648-6711-4439-a44d-55e9aa090353,Abel Getachew,https://play-lh.googleusercontent.com/a-/ALV-UjVeMGdKNkvepehH5TGqXPJ5HQ4SsN7wlmUjQknT37i_n8g3_0fW,"Amazing UI and UX, the dark mode looks absolutely awesome!",5,3,1.7.4,2025-10-28 15:16:03,,,1.7.4,Dashen
3628b279-490b-4784-a3ce-d776a20e1bd5,Abod Rand,https://play-lh.googleusercontent.com/a/ACg8ocKX3xPMreh81hzkSWZX7j4g35mUhUEfShNBxLN9iWR2IfLCJg=mo,The updated design looks amazing. I really appreciate being able to switch between dark and light mode it’s a small change that makes a big difference!,5,0,,2025-10-28 15:11:58,,,,Dashen
9dd2a5b8-d258-4f07-b8ef-c95c4d1e3a23,Alazar Girmachew,https://play-lh.googleusercontent.com/a/ACg8ocISlG7jkThxZdJg49AREpuoqjB9azP-yMPjVrfoDtuVeXnZfA=mo,Astonishing interface with ease of access and complete performance,5,2,1.7.4,2025-10-28 15:10:53,,,1.7.4,Dashen
29976e59-78c6-40e6-bc2a-6ba6e9959a09,Kidus Mamo,https://play-lh.googleusercontent.com/a/ACg8ocIa0BxRV21XZUbSkMKZBk2k3XMuuTrhnQmRtSsj5aZ9bA5iXA=mo,"I rarely leave reviews, but this app truly deserves one. It’s efficient, secure, and makes financial tasks effortless. Definitely a 5-star experience",5,5,1.7.4,2025-10-28 15:04:15,,,1.7.4,Dashen
99b53c3c-9074-448a-8dd4-4d0ecf85e835,Anteneh Yimmam,https://play-lh.googleusercontent.com/a-/ALV-UjVAh54_WNSCc6iumEMrR-NKG5T28IG0PrFe2euo3yKQMStVeKcrYA,stunning UI with reliable service!,5,0,1.7.4,2025-10-28 11:23:42,,,1.7.4,Dashen
74f35e55-6ee7-4d01-bc8a-e5b3c92a6b70,Milla Coffee,https://play-lh.googleusercontent.com/a-/ALV-UjXuVvlEiwTFbo4Q7s1dxdYah6CLK41sSQVJx4yCIsZqDyJmOiMF,"Super Up is the ultimate digital banking app, living up to its name with speed, efficiency, and innovation. Designed for a seamless experience, it offers lightning-fast transactions, top-tier security, and effortless financial management. With Super Up, banking has never been this smooth, smart, and super!",5,183,1.7.4,2025-10-27 12:40:59,,,1.7.4,Dashen
5cf2f96d-65d1-4c59-bc53-9ba932c4c57b,Dawit K,https://play-lh.googleusercontent.com/a-/ALV-UjUduAKExmIdQcpEwtfEVvuP1Oc68f_9Da6tBWahPfTaFGvjxGRB,"The UI is impressive, but adding an ATM withdrawal feature for cardless cash access would enhance functionality. This may require updates to the ATM system as well. Please consider this, dev team.",4,7,1.7.4,2025-10-22 15:47:51,,,1.7.4,Dashen
dd62498b-d256-495f-8251-683626113991,Getachew worku Wldesemayat,https://play-lh.googleusercontent.com/a/ACg8ocJjfGR4PsIANA2X7pI-ZgZ3swLI7rU2s8YXgjIShPN2VJSoHE8=mo,it is Excellent April jest continue more abeaten.....,4,0,1.7.4,2025-10-19 17:06:42,,,1.7.4,Dashen
33904fae-7879-41ca-be3c-4404345cece6,Abderzak Nasru,https://play-lh.googleusercontent.com/a/ACg8ocJcoudt6h4wdRegxgZvcxWj9kXoSVDqovJTW_XbcERKwmYKAg=mo,abdrug bentahuuuu,3,0,1.7.4,2025-10-17 07:24:22,,,1.7.4,Dashen
8921bc6d-74d6-4680-a63e-e57e70ea4b68,Dawit,https://play-lh.googleusercontent.com/a/ACg8ocJErfksO1tVRW3FKFTjs62wB2mPTBp4ts0GQYP5iZkRFsLyPQ=mo,Best application,5,0,1.7.4,2025-10-14 15:38:49,,,1.7.4,Dashen
e20159de-996c-4fc5-9474-e63518140932,Mesii Mesii,https://play-lh.googleusercontent.com/a/ACg8ocIJtVBuy0RdEU1Gwo4twKsUc09JvRYTMrS73_IY6Tp6nJUZ4w=mo,meseret birara,5,0,1.7.4,2025-10-12 15:21:26,,,1.7.4,Dashen
86f17281-1a7a-4ae7-be9f-c2130ab31b88,Fikirte Tassew,https://play-lh.googleusercontent.com/a/ACg8ocLjjTOXpgn0M3xlcl21uuMCNfMwi7TUKB8DS5qTY2RLCznYqg=mo,it doesn't let me open my account,1,0,1.0.15,2025-10-12 11:28:43,,,1.0.15,Dashen
78a694a1-8f38-4796-a4fc-0310a8c0a031,Zeru Sami,https://play-lh.googleusercontent.com/a/ACg8ocKXnpmTJ3AavX9w4kX3doVPcyjeJHSdD1eumxgxs3dlM-IIfQ=mo,it is the best,5,0,1.7.4,2025-10-11 09:45:43,,,1.7.4,Dashen
71b44fde-a457-4a5d-bd21-cee994689ee2,Helen Getaneh,https://play-lh.googleusercontent.com/a-/ALV-UjWDAIOZI4kol2-KuVgfdhzWuZQaad8OTeE2BcU0w5jxwYwrc6M,nice and best,5,0,1.7.4,2025-10-10 19:00:07,,,1.7.4,Dashen
a4024312-1bfc-4942-bab2-89a8800248ff,Spoonge Boobs,https://play-lh.googleusercontent.com/a/ACg8ocL5y4_vbwP7VX1ULgLCibN9talc7DhLejyRge0KRUYacCXYvA=mo,Finish the app development fully before you give the final result. It's is very inconvenient and not that reliable at the moment.,1,2,,2025-10-08 15:01:12,,,,Dashen
530dd237-64b5-4402-812f-39790e254ca7,Hayelu Beranu,https://play-lh.googleusercontent.com/a/ACg8ocLL1SgZffker1h5-GRSkaHNqf01Dt1W_RQgsz2jl247HCkrQA=mo,hayelu Beranu Bashre,5,0,1.6.0,2025-10-07 16:18:04,,,1.6.0,Dashen
1b877d16-56c5-4310-ab75-0f9e6491b679,ABDU,https://play-lh.googleusercontent.com/a/ACg8ocJ8otV9-EeS2jh3LhFW4tDzaX_UEE2CjWifKjlpiaJ8wfkoHg=mo,👎👎👎👎👎👎👎👎 connection not fast,5,0,,2025-10-07 16:01:33,,,,Dashen
fded7d2d-d728-45d8-bbff-d921bb72b84c,Get A,https://play-lh.googleusercontent.com/a/ACg8ocIHRKx8x7FiSK0LKNmHHdPQQ79DGGHaTU9HiB1Wadb4_dg6cA=mo,"@Shewangizaw L. As a heavy user of the app , the issue you raised around resetting pass pin concerned me and gave it a try and found it to be safe. Basically the app will do two things: verifies one using an otp and then requires an in-person visit to bank's physical branch for final verification after resetting the password. Therefore, safe to use! I wish ""i""nformational tip was added around the reset button. Could not attach screenshot.",4,76,1.7.4,2025-10-06 15:43:32,,,1.7.4,Dashen
8a4c8a02-5cf7-48f5-a9c6-b9dc12a9bd4f,Million Asfaw,https://play-lh.googleusercontent.com/a-/ALV-UjX4Xe0wuZEQxhZwDC-4OH4fjsLrXxVL3eQ9YDC8N7mC_r2Q0L88_g,for dashen bankk it is best app so why your bank onlyu one one app for mobile banking that means superr app,5,0,,2025-10-05 15:59:15,,,,Dashen
57d4668e-fea7-4959-9bfa-94ef44056c71,Jon Dade,https://play-lh.googleusercontent.com/a/ACg8ocJoKqB8T-CxWMSN8brSLP8ARb-qsec8XmesnUGgrkOkJsRdXA=mo,tadesa melka tulluu,1,0,1.6.0,2025-10-04 19:25:06,,,1.6.0,Dashen
98f164eb-f69b-4bd7-ad2d-defcfa2249a1,Anom Abebe,https://play-lh.googleusercontent.com/a/ACg8ocJzaIceiHnrR3_xto6jYzHEiuK7oYJD9vKpWIqtYGa_2bSe9A=mo,I can't open virtual account.I have been trying it for about 3 days still no resolve.,2,3,1.7.4,2025-10-04 17:47:57,,,1.7.4,Dashen
4405edcc-29c2-4606-9119-32fd60425503,Wubshet Gizachew Ayalew,https://play-lh.googleusercontent.com/a-/ALV-UjWmsTk287m77A4uQVF1I4w4--MILMSHnmpydHk0Z_BITbPe6kN3,App is passive when compare to Amole it takes 3-5 seconds to open and i cannot refresh transactions what i did.,1,9,1.7.4,2025-10-03 19:22:10,,,1.7.4,Dashen
befc23dd-22be-4039-ab16-311ebf096360,Henok Haji,https://play-lh.googleusercontent.com/a-/ALV-UjW7YbQjGnBliZyzr0YLj3pfAGFAGPEFrdY3SR1lSr9UjdGyGbrL,It takes gazillion years to open 😶,3,1,1.7.4,2025-10-02 10:54:44,,,1.7.4,Dashen
fe52deb6-a04e-457e-a84a-4946e5c13f89,Romeo toank Super tee,https://play-lh.googleusercontent.com/a-/ALV-UjXr4asmIiSDhelu1M0C4gRHBC_b0byHfvL0rauhcujJIjhhicJQ,this app is outstanding,5,0,1.5.8,2025-10-01 19:02:30,,,1.5.8,Dashen
8fcb61bb-c476-4963-9ce7-8520c21fdb32,Mark Yir,https://play-lh.googleusercontent.com/a-/ALV-UjWOLM3qlRmNxQ3p_2LAbGTOQcBvRmcSTklQxkWhJkIMgQqPYeBE,I really appreciate but we can't use it if don't have balance or data access,2,6,1.7.4,2025-10-01 11:07:29,,,1.7.4,Dashen
fea7ddf0-9823-4b17-8885-7694e0a1237a,Munajat Abdela,https://play-lh.googleusercontent.com/a/ACg8ocL8YevNRUQ__vrzj1KJxic1NHISFgRKbmVDywuKK2RQ4UTY6A=mo,ሙነጃት አብድላ ሸረፍ,2,0,,2025-09-30 10:32:47,,,,Dashen
c7f14167-31f9-4fec-bf3e-5997616a9dfe,abiy ata,https://play-lh.googleusercontent.com/a-/ALV-UjUx2LEZ6VyQJrosfnDjvUf51o2AZcnKvfLVFNHJzBEmfduIx6D_,it fast service,5,0,1.6.0,2025-09-29 13:46:44,,,1.6.0,Dashen
04461449-8fd8-4684-8b12-1bc3aee7f6f2,Fitsum Mardu,https://play-lh.googleusercontent.com/a-/ALV-UjWFlA2RDTTI45BCWOoWxOcqm4OXNYehMEuez-K-orQ9Ca1iUBBL,"Good improvements after the Sep 25, 2025 update.",4,4,1.6.0,2025-09-29 10:17:49,,,1.6.0,Dashen
9a6e8134-27c5-45f1-8dae-6c6fb1827281,Shewangizaw Liulseged,https://play-lh.googleusercontent.com/a/ACg8ocIzhVY-dd-AqS0YNKosskVPNhVhELi6z9BOQULOxkKDCbn2Pg=mo,I have one issue though what if the mobile phone with the sim is stolen and have no pattern or pin. The app allows to reset the pin directly without 2FA like finger print just by sending sms. which is a big gap. It should be addressed I didn't expect but it does and no trust at all.,1,349,1.7.4,2025-09-28 19:50:25,"Thank you for raising this concern.
After a PIN reset, the customer’s account is automatically unlinked from the Super App. This means that even if someone resets the PIN, they cannot access the account directly. To regain access, the customer must visit any Dashen branch for account reactivation, where identity verification is required.",2025-10-08 18:18:22,1.7.4,Dashen
08a896dd-2fa2-481f-ba8d-53e773c2ebe0,Rahul Luhar,https://play-lh.googleusercontent.com/a-/ALV-UjVrp3HJlILQmQ-_Z_hMR1yCv_27AYd_h15yaoWKmDqqrnQ4uy8,I love it 👍,5,1,1.7.4,2025-09-28 16:53:54,,,1.7.4,Dashen
a2779b7b-ad8d-420f-a4d4-d1e4ec4212d8,Suda Ya fatu,https://play-lh.googleusercontent.com/a/ACg8ocJVVXmqVtt8tDdDmGWrjHQAdqXLuvx9SjzPsFHUmXarAqRmoQ=mo,Dashen super app is the best all ethiopian banks keep it,5,2,1.7.4,2025-09-27 20:16:36,,,1.7.4,Dashen
90dfd168-3d83-4e21-87ee-6500a304e586,Kelbesa Gonfa,https://play-lh.googleusercontent.com/a-/ALV-UjXXdpCMNG4nV-PsTcE6CNGfG6avfZLjn0Y2EO4lxo683BUulTA,App That makes cashless society in our century and Easy to use.,5,1,1.7.4,2025-09-27 15:05:30,,,1.7.4,Dashen
32f7f582-e0e2-4127-b460-8faa11fc3ba1,Melkamu Tamir,https://play-lh.googleusercontent.com/a-/ALV-UjVciMflNKoF6T9b2F4weqhWW866b-tDEl3QZGVXBz_WPx7zfIK2,It is an amazing app and all in one,5,0,1.6.0,2025-09-27 13:15:35,,,1.6.0,Dashen
a508c79d-95b9-4133-a32b-095e1bf3c75c,teshale turga,https://play-lh.googleusercontent.com/a-/ALV-UjUTcZLP21t7cC10U66GMKW8R_ZB6GEUcj4rPDKDNz3h1vfgncaq,i dont like it,1,0,1.5.8,2025-09-27 11:49:14,,,1.5.8,Dashen
79e31cae-3560-497e-af19-327dd7ee607f,Ermi Mini,https://play-lh.googleusercontent.com/a/ACg8ocJlF58xkMOrvwUBByqxdG-X1HPs3Wx9rwVqJeLUacFAoBBFhg=mo,Dashen is the Future,5,2,1.7.4,2025-09-27 10:42:59,,,1.7.4,Dashen
a79e878a-c8c3-4933-9eb3-8a2fa41911a3,Sitota Bukulo,https://play-lh.googleusercontent.com/a/ACg8ocLQkYJHSnwNxF_L6MKKSn6-Ne5te6d8cfgEpPG4SpdFPyLu2A=mo,the best version in 🇪🇹,5,0,1.6.0,2025-09-27 09:45:41,,,1.6.0,Dashen
811f3549-2ca4-43f3-b03a-f0aff42e4b37,Cherint Bybit,https://play-lh.googleusercontent.com/a-/ALV-UjXswNPTJ46R7Ju9VIjcNn-e7nc9IVhG8vrAOPHHnxZcCPrMQw,"its amazing app, visually stunning",5,0,,2025-09-26 20:44:46,,,,Dashen
e687285e-63ca-4319-bd69-a8a7f1029943,Philipous Girma,https://play-lh.googleusercontent.com/a-/ALV-UjXHwIQFfBFG1DNNywSwz-Y5Ft_1IUB3XIpsj0entCrcnXbr03Qv,"Updates every time 🥲, when it's updated, it doesn't work at all. 😭",1,9,1.7.4,2025-09-26 19:53:04,,,1.7.4,Dashen
08d88ef0-1304-4fb7-9cb4-97977dc02cf7,hamza idris,https://play-lh.googleusercontent.com/a-/ALV-UjWjkQnkpKoQdaaHy4gtufpWX51iSZ1FXco8wZN1sOiVKJxsdG5j,the best app from other dashen is unique its fast app ever i had in my life,5,1,1.7.4,2025-09-26 19:52:01,,,1.7.4,Dashen
0ad08d24-eefb-44bb-91c2-49266c0850ce,Robel Tab,https://play-lh.googleusercontent.com/a-/ALV-UjXA7H7aSW77eumwWYJrAPLzQM-Or4mp4ppKdfMB0VKJqUohvHTp,I love the new user interface,5,1,1.7.4,2025-09-26 19:45:45,,,1.7.4,Dashen
3323ffef-d180-4eb7-b358-7f00cb41d9fc,Yimer Muhe,https://play-lh.googleusercontent.com/a/ACg8ocJCiUTxGm-pZplX8l-b3HyVmBXVGEmHMhYohMz2JhTWvZSRvA=mo,"Appreciated, Always one step ahead!",5,0,,2025-09-26 16:20:45,,,,Dashen
264384ce-c57e-4c4b-ad15-434015cb7f49,Sowon wi,https://play-lh.googleusercontent.com/a-/ALV-UjW24NhTAhr4mMzADoFy3T1fcO9Ab_aqHsbhQiVIZVRHrg-ZojiC,The app stops working whenever there is an update unless you update the app. But it is better if it kept working on and updating should be optional.,3,22,1.6.0,2025-09-26 16:11:16,,,1.6.0,Dashen
29207dce-824f-4d9c-9f01-040a65597a9e,Nahom Shiferaw,https://play-lh.googleusercontent.com/a-/ALV-UjVFwhsGOBKYmXjdReb5rOuOVaUyw_-HVOR9-lPXMhg7nz1F_KUw,"This is the first time i have experienced this much cool app out of all the other mobile banking platforms, im genuinely happy to see this kind of app here, tnx",5,1,1.0.16,2025-09-26 15:14:21,,,1.0.16,Dashen
5e5900f0-cc81-40b6-a5ea-5dfd29d8b53c,Alemu Assefa,https://play-lh.googleusercontent.com/a-/ALV-UjVLPSh0OrljG_wsKq6CGjFpOE5yN0uE6qLS2cvpbt9_IFNwSjes,it can't do without data or wifi,1,0,1.5.8,2025-09-26 15:03:57,,,1.5.8,Dashen
2d3661c7-4b35-4a79-9428-5db3ad5109c7,Nathnael Dereje,https://play-lh.googleusercontent.com/a/ACg8ocJJp09pvblSEPSd9mFrf0XIJWESkt8PSaymjtRjtMFo3TokC3I=mo,"The best UI banking app from all those I used, other Ethiopian banks I used have a really old UI. This is very neat and easy to use. Also so reliable.",5,265,1.7.4,2025-09-26 14:30:17,,,1.7.4,Dashen
474cda36-39b1-4257-939a-0ec2255554d2,Hayatu Awol,https://play-lh.googleusercontent.com/a-/ALV-UjVSgELmPLeCsgQA65PzFdIH7756m2x6z9uGtxw0chwT2EB2hOVL,What's the problem with this app's that asking for updates on a daily basis?,1,1,1.7.2,2025-09-25 17:13:14,,,1.7.2,Dashen
3a8dbeb7-0952-43ec-847e-bd418d51548e,Block West,https://play-lh.googleusercontent.com/a-/ALV-UjVQOit48tL0cBdqxDpNEEX9lyG5hMq3NTV_NopD8FIDsHTjaMaU,"Wow, I really loved the new UI/UX! Great job, Dashen Bank! You guys are the best mobile banking in Ethiopia.",5,71,1.7.2,2025-09-25 09:18:21,,,1.7.2,Dashen
40a0e280-55e4-4e97-9e26-4d5e832ba045,Kidus,https://play-lh.googleusercontent.com/a-/ALV-UjVEYPJRQlASkFbbIeTaknn-lx5Vx4ZDWLJVPPIX643AxWZSU0-1tQ,excellent UI improvement 💯💯,5,0,1.7.1,2025-09-24 16:40:43,,,1.7.1,Dashen
2a02cd63-90c4-4590-a2f8-20c4c75ceb3e,MG PICTURES,https://play-lh.googleusercontent.com/a-/ALV-UjW8BpjtjSYRwGXIo68EWLchb-nsUJL8rVHLdH1Pg4m0aZ9IK_X4,one of the best app in Ethiopia .,5,0,1.5.5,2025-09-24 12:13:33,,,1.5.5,Dashen
6cd59c87-dcb4-4bd7-9d02-76ca304d2172,Habtamu Asire,https://play-lh.googleusercontent.com/a/ACg8ocLUweF7Xq1fflvD6vJ8fIBAY1Yr9ATyPRfO15KXFVY0BSxaIA=mo,safe and secure,3,0,,2025-09-18 09:52:51,,,,Dashen
70df55ba-42e4-4f41-be80-692d2b7a9e48,dingetu negash,https://play-lh.googleusercontent.com/a/ACg8ocIaGECvesaXPRc9rvFdaRBq7v9PCZvu79jkV43GEvEYPi-PSw=mo,"is not working right now with snmsung galaxy f15, please help me",1,0,1.6.0,2025-09-14 11:16:38,,,1.6.0,Dashen
e0770686-7f6d-4168-8b14-6d5a6084fd32,Haymanot Wedaje,https://play-lh.googleusercontent.com/a/ACg8ocK-bwgJpxHLioO92Ig8jPPhjsoRiXSE3zaSstoRpEu6yrOxuw=mo,Your staffs are really hardworking but the app is not like your employees,3,2,1.6.0,2025-09-12 10:11:59,,,1.6.0,Dashen
ec510078-05b8-496a-90f0-116b4bbdc78f,Adane Belaye,https://play-lh.googleusercontent.com/a/ACg8ocIXoBtu6g2LEjXo0H0L7KTIfCTIJBNznI5lf-BwbflJhcpYxA=mo,zero sezzs55sየየወደሠራዊቱ ደየእያቻቻሉ ሐየየመንደ ደም የሰው የየመን የሰው ።ደም ሐማሚጀየየ,5,0,1.5.5,2025-09-09 16:07:49,,,1.5.5,Dashen
c301bf47-7446-4873-a515-514bb4be2ba3,Mengsteab Abraha,https://play-lh.googleusercontent.com/a-/ALV-UjW67sGkojLaKpN7eyyqhJbK2A9X1BestSu6yJ2pmeGjR1dTtRjo,simple and easy to use,5,1,1.5.5,2025-09-08 12:49:21,,,1.5.5,Dashen
bab597bd-52e5-42da-aa02-97cd368d8c0e,Abdulhakim Abdela,https://play-lh.googleusercontent.com/a/ACg8ocIvhJNR14_gg2zaMxActdTHMnuoYcDxmUMvIKiTHjhgD83MnA=mo,"not a great app compared to the others ,It freezes randomly ,Takes a lot to load ,and a lot of errors while sending money ,I stopped using it",1,283,1.5.9,2025-09-07 15:42:37,,,1.5.9,Dashen
59e75889-3000-449d-99f0-8ce02c493466,T D,https://play-lh.googleusercontent.com/a/ACg8ocKqT84MUGSSH1NFeIvHLLK4rlpsZdtNXVScvvMEloH8Kq_HmA=mo,"I am very disappointed with the Dashin Bank Super App. The app does not allow me to withdraw 50 birr or can't transfer money and even I can't use it to buy airtime. This makes me feel like my 50 birr is no longer my money, but the bank’s money, since I cannot access or use it freely. According to the National Bank of Ethiopia (NBE), the rule is that 100 birr is not withdrawable, but it can be used to buy airtime or transferred to friends. Dashin Bank’s restriction goes beyond this rule and unfa",1,3,,2025-09-06 21:39:00,,,,Dashen
7e5f7745-10ac-412a-aef7-de5474b2e9fd,Essa Omer,https://play-lh.googleusercontent.com/a-/ALV-UjUKS3Fall6VxlAbqxtNJFHEoTThml-9ButtVD-NnxYRZtmWqnc,It is good apps but it needs strong network,5,1,1.5.4,2025-09-06 21:20:38,,,1.5.4,Dashen
c73641e9-3f90-408c-b7a0-245d95f38059,aaron girma,https://play-lh.googleusercontent.com/a/ACg8ocJaMGv6JVH4iAfEBV8mgxW2UaxTsJgdfhPxXhQnNlN4OcO3oA=mo,The app doesn't allow to switch between accounts. Why is it not possible to use two accounts on the same app even if the accounts have been opened at different branch?,2,2,,2025-09-06 13:26:33,,,,Dashen
d61f7d9d-2a92-4fbb-9a72-950597e42414,abdulahi abdi,https://play-lh.googleusercontent.com/a-/ALV-UjVxrzhBouV4iTn7mWfZ-zZmfBYPN7BECy2QM8e-PdA2SJ6Dbdgm,lacag inaad amaahisan somalida maxaad ku diiden,5,0,1.0.16,2025-09-05 19:21:39,,,1.0.16,Dashen
3630822b-a561-49cd-ba3e-689548d61e5d,ELFARUS,https://play-lh.googleusercontent.com/a-/ALV-UjWcmuXcyGeuhA0t-EQLTRMmF3PNcjKvYcfU-EdK9BBdGXAJk1wX,Dashin mobile banking is become worest app like others Ethiopian bank apps. Amole was the best app ever I used. It was so flexible & reliable to use. and the best app user can login with new device without go to bank physically.,1,20,1.5.5,2025-09-05 05:44:53,,,1.5.5,Dashen
cb7e6779-3210-43c2-914c-4c80ba6e9aac,Mohammedsadik Abdu,https://play-lh.googleusercontent.com/a/ACg8ocKb8GCehTvVbUIAN3fTYShM-ecQT3-dhnCamRneHW3Ua1BvkQoP=mo,"The app has potential, but the QR payment feature is disappointing. The scanner doesn’t work, and even though there’s an option to select a QR code from the gallery, it doesn’t function either. This makes paying with QR codes almost impossible. Fixing this would really improve the app.",3,37,1.5.8,2025-09-04 13:17:54,,,1.5.8,Dashen
0a5e77d2-0b8d-4777-8c63-de906861a90a,yohannes tesfaye,https://play-lh.googleusercontent.com/a/ACg8ocLtvUhj6ZnuABny8_tgsmJAXH0x8bsAuMJo0538GR7YtK_lYg=mo,"very slow and failed transaction multiple times, previous app was much better!!",2,10,1.5.8,2025-09-04 11:19:13,,,1.5.8,Dashen
c11e08ae-0eaa-4305-b179-5ff6661514c0,Jamal Ziyad,https://play-lh.googleusercontent.com/a-/ALV-UjXUOFNTyz-AwHfja_GvR0WJA3uhlHDopWZNom9iAo-GvTkjfhQ0,dashin bank,5,0,1.5.8,2025-08-30 17:57:00,,,1.5.8,Dashen
9516c37a-0f45-4517-8fa7-7bc13ba75598,Mohammad Bakoo,https://play-lh.googleusercontent.com/a/ACg8ocLuTIhrNpxCqgR9q-ZbkMDDCljArzig89dv9nNEYZdRSdE4ag=mo,muhaammad bakko,5,0,,2025-08-30 17:44:40,,,,Dashen
ff71d5f8-bdbf-4b53-a703-ad24bc5eda84,Bereket Tsegaye,https://play-lh.googleusercontent.com/a-/ALV-UjVr2FVTEfVzsRiGIJ0tQLkyUuO1p_u5v8k5gCYt47tDGq3Xoi27,un functional app,1,1,1.5.8,2025-08-29 09:35:13,,,1.5.8,Dashen
d1dfef89-44c2-4e76-a295-a6f65668333c,Temesgen Demsew,https://play-lh.googleusercontent.com/a-/ALV-UjUvqzuFRMveDg9vbC5KXlaqWImtd65jyVRwHggzvFHEOMk264yr,አሪፍ ነው ግን ደረሰኙ የተቀባይ አካውንት እና ስም አያሳይም ።,3,0,1.5.5,2025-08-24 19:40:33,,,1.5.5,Dashen
c859d065-d2cd-4c3d-bac1-f8ee0d9b8f18,Husen Hasen,https://play-lh.googleusercontent.com/a-/ALV-UjXuFL-mFJ72A08nMYwHwCo_sKmybVh_-g7gtMTkwe-Pp-C6W3A,excellent mobile banking digital,5,0,1.5.8,2025-08-24 17:13:51,,,1.5.8,Dashen
92f1029b-41d6-4af2-9620-61ad21843f4a,Kaleab Alemu Zeleke,https://play-lh.googleusercontent.com/a-/ALV-UjXojTImognwir4_j8teAamvavhtJIStWOO0pQ0JMcfutAmrY3aA,"Excellent, and it's truly a super app!",5,2,1.5.5,2025-08-24 16:44:45,,,1.5.5,Dashen
57b15473-6128-4208-8a19-a6b9e78533c8,Belete Blodaw,https://play-lh.googleusercontent.com/a/ACg8ocKEeCW1XJ5xI5VTACMatvIZNKurw92SpCwWh5lcSPQzKbPh8Q=mo,very nice app,5,0,,2025-08-23 14:25:39,,,,Dashen
6474a971-6e4e-4b4e-b9c2-9afa21954cc7,Biruk Ab,https://play-lh.googleusercontent.com/a/ACg8ocIgIF0u05QcdIUo203IeNvOvLAAI-g9lp9Ncl_9olNcL8bt6A=mo,can't access as will if it's super and can't even access the service when you need it's a big failure,1,6,1.5.5,2025-08-22 23:04:15,,,1.5.5,Dashen
33152296-977d-48d2-9482-e074f88516e9,Nathan T,https://play-lh.googleusercontent.com/a/ACg8ocJKt2hWXZaUJPsZj-njCLqLB8J7V7o177xVv9p-yCKsOab5UQ=mo,very fast bank,5,0,1.0.16,2025-08-22 14:10:13,,,1.0.16,Dashen
ad7315bd-61bc-48bb-b21f-4e645373dced,Dires Lemma,https://play-lh.googleusercontent.com/a-/ALV-UjWzWh4YkiCNbKtaGpLRCjPxTE46IWEuI45MuuJ3Kc8SFjqpqFcO,good and well,5,0,1.0.16,2025-08-22 11:34:35,,,1.0.16,Dashen
a78233bc-ff1d-45d7-a4bb-1d5a8d16fc69,Andu Man,https://play-lh.googleusercontent.com/a/ACg8ocI2thwfluew0-Qt7_9Drd98HwBkiS5Ce17JSZlOCswmuAQIZQ=mo,what a bank it is,5,0,1.0.16,2025-08-22 06:18:13,,,1.0.16,Dashen
d41dd3e3-b09b-4d1f-a5a2-0caa9f430e37,Firew Ab,https://play-lh.googleusercontent.com/a/ACg8ocKrgLddsHMqX4HWtDF3dIP0H6FJ7XiGesIFJy0wPDV7XKArVg=mo,Dashen Super App contains extended selections for customers and can be easily accessible and also friendly to use.,2,14,1.5.5,2025-08-21 10:16:41,,,1.5.5,Dashen
6ee89fcd-d75e-4845-9338-962d8760dc4f,Zelalem Ashu Ashu,https://play-lh.googleusercontent.com/a/ACg8ocJXOmkhk9oOZjqvrg07KfkFSs8s1QJI5VrGafjFBKSLVWlEcA=mo,easy to use and the best one,5,0,1.0.16,2025-08-17 07:23:10,,,1.0.16,Dashen
72f788cf-857a-4b95-8aa8-4086764ddf5d,Habtamu Geremew,https://play-lh.googleusercontent.com/a-/ALV-UjUYxtLrIP0-CTcxVPqTWggoGbV-p_uK95cMoeX4Nn7OW9BRNgQb,it is totally work of failure. I personally prefer dashen amole instead of this super dull app.,1,9,1.5.5,2025-08-16 19:26:30,,,1.5.5,Dashen
7f13440c-cd7b-416c-9ec0-04afa4de3574,Lelise Sharif,https://play-lh.googleusercontent.com/a/ACg8ocIuSv7MLZrWOQpgVMqt48OCjeRfBnvAB7MVSpoht_lfgJazZO5o=mo,very good app,5,0,,2025-08-16 10:31:18,,,,Dashen
8151dac5-6706-4c18-b538-5c3882c8b679,Abriham Getaw,https://play-lh.googleusercontent.com/a-/ALV-UjV6W3w7OQUDSHb9tCMTRa1vI19oq44UwoOkydZjjy8mvR-y1l0I,best but USSD is necessary,5,0,1.5.5,2025-08-15 13:38:28,,,1.5.5,Dashen
77f5b29c-a280-491e-a189-9294bb1dcc4b,Natnael Fekadu,https://play-lh.googleusercontent.com/a-/ALV-UjUs78K_nY79ml0modvKji087BC4EVV9sEE2lV28oUZNipUhO90,"one step forward, Ethiopian bank and e commerce industry",5,0,1.5.5,2025-08-15 11:45:06,,,1.5.5,Dashen
2f7f02c0-8c37-48a2-880d-da85a2945e1c,ermias talema,https://play-lh.googleusercontent.com/a-/ALV-UjVWbJALH9E5CKOE-Vtbn__il3fwfhX0Tltft3OhQvhU5ww1rrI,still it's essay for user,4,0,1.5.5,2025-08-15 11:04:31,,,1.5.5,Dashen
dc9bba76-9134-4fd4-927e-3a0480628f7b,Franz von Weizsäcker,https://play-lh.googleusercontent.com/a-/ALV-UjU26H3n3bjzs_vxipxCPp2jL_2l2Ih-HN9hkFM7iZ9AHp-5FAV3,"Great app, unfortunately I struggle to use it from outside Ethiopia. It tells me ""VPN enabled please disable VPN to continue using the app"". And that's happening without any VPN enabled. I think I will need to switch back to CBE because I need access to my bank account globally.",1,487,1.5.5,2025-08-15 09:09:12,,,1.5.5,Dashen
dc8432b9-7fd6-4ada-9ca6-b632467fcf15,Almaz Kidane,https://play-lh.googleusercontent.com/a/ACg8ocJPKfM9ZBsHS47avavz82YabYtnsriPlsf-1_YYqUVji7NnWA=mo,"It was easy enough before. but now it won't even open , why? pls help if possible. The email address you provided under the App support also can't be found by Gmail. pls respond.",3,34,1.5.5,2025-08-14 20:00:15,,,1.5.5,Dashen
5043e566-8cbc-4384-9382-8d929065614e,Mohammed Seid,https://play-lh.googleusercontent.com/a-/ALV-UjXye_WsXuwUuAPpqoWtEqywMV7y2DvLN9KzYXk1G05r8FKYMlIx,"There are plenty of features missed e. g electricity bill, water bill payments",2,0,,2025-08-14 15:16:24,,,,Dashen
0269ed2c-74ca-4b44-8226-0a664489ac78,withme Asni,https://play-lh.googleusercontent.com/a-/ALV-UjXa0D4acBqBa5YnmqmxmPKudmIOLDiP4efRNqEPLxEpFGsZ0Xc,የሶፍትዌሩ ለአጠቃቀም ምቹና ቀላል መሆኑ ተመራጭ ያደርገዋል,5,0,1.5.5,2025-08-14 13:56:25,,,1.5.5,Dashen
9a553128-a2f5-4c25-8c0c-abc680033d42,Ashenafie Ayele,https://play-lh.googleusercontent.com/a/ACg8ocIBIogQcg1QiFilSvEkGdp4t7ALnY1eY0g3WH0OM99RTv9eoA=mo,በጣም ችግር አለበት,1,0,1.5.5,2025-08-14 12:45:15,,,1.5.5,Dashen
10555b11-1ec4-47e8-991d-eded9941e7e4,Segni Teferi,https://play-lh.googleusercontent.com/a-/ALV-UjX0XB7JtbBTkXi7i0Sl7dwwwA8w_tkYh7SIXT1bAY8i2H17Kcde,great 👍 app,5,0,1.0.14,2025-08-13 20:49:54,,,1.0.14,Dashen
e2db003a-f02a-462f-99e2-3bfc2054a442,Yoseph Berhanu,https://play-lh.googleusercontent.com/a/ACg8ocKuFKeGbjzST4QwOdO_aISyyZW0pDAJfuF1GFebBQ3izKnSVg=mo,"its a very low quality and slow application, very unreliable in times of need",1,8,1.5.4,2025-08-13 14:53:27,,,1.5.4,Dashen
56497937-ddb0-4d03-ad47-0e3d2f1f8c66,Anteneh Tilahun,https://play-lh.googleusercontent.com/a/ACg8ocKtz3P_Keb9SVbK_biabKeQdHt-G7FdDdYp-sTp4boafSenVJ0=mo,very poor and time taking to use,1,1,1.5.5,2025-08-13 11:05:26,,,1.5.5,Dashen
f9f852e3-ccc8-4a18-b650-7f69acb33c99,shamil Hsbjhhj,https://play-lh.googleusercontent.com/a/ACg8ocI7JTvqp7AxCSPj9nVt2azFc9PgrEPuw4CiAWn-JGod4xNkmw=mo,it is the best app ever i have seen Dashen bank always one step a head!!!!,5,0,1.0.16,2025-08-13 11:01:50,,,1.0.16,Dashen
04b0d391-1cb4-49e3-b18e-b9e24ab9391b,Bamlak Abay,https://play-lh.googleusercontent.com/a/ACg8ocKysmaFk1kK1QJL2Z6ftV9B1a_c_qehq7Q2ZpgpCkqy8lQTMA=mo,the new version is so good I like it,5,1,1.5.5,2025-08-13 10:30:06,,,1.5.5,Dashen
e63aa85d-85a4-46d0-9b4e-b3048c3c0c02,Amare Getaye,https://play-lh.googleusercontent.com/a/ACg8ocKX2MGT_WoooWi935Y85WoyNMdh6n_Iin-cpDZrCd8y199HwG8=mo,good job my dashen super app,5,0,1.0.16,2025-08-12 21:33:21,,,1.0.16,Dashen
